0,-0.24272339,0.21537977,-0.006,0.048
1,0.20437226,0.03987726,-0.006,0.036
2,0.30621147,0.24403982,0.012,0.012
3,-0.1302307,0.154246,0.0,0.012
4,0.21427009,-0.05278814,0.012,0.012
5,9.6440315e-05,0.29183653,0.006,0.06
6,0.43429127,0.28804767,0.006,0.036
7,0.018994793,0.0046710894,0.012,0.012
8,-0.08912116,0.3586094,-0.018,0.048
9,0.1447882,-0.052138235,0.042,0.06
10,0.06396828,0.14940143,0.036,0.012
11,0.059996,0.081678,0.018,0.036
12,0.21602741,-0.012635738,-0.006,0.072
13,0.47211406,-0.044907883,0.042,0.06
14,-0.043420985,-0.048401453,-0.006,0.096
15,0.025492892,0.08135335,0.012,0.012
16,-0.04433492,-0.058541708,-0.024,0.024
17,0.15523799,-0.063890226,0.006,0.096
18,-0.20982121,-0.09601481,0.018,0.06
19,0.23491736,0.090284966,0.012,0.012
20,0.21361485,-0.17600822,-0.018,0.048
21,-0.15888985,0.15747416,0.036,0.012
22,0.25250018,0.34631476,-0.018,0.09
23,-0.3185954,0.24939284,0.018,0.072
24,-0.1748755,0.050229043,-0.006,0.072
25,-0.18633594,0.052563854,0.024,0.012
26,0.061481826,0.045016646,0.018,0.084
27,-0.011864826,0.10422954,0.018,0.036
28,0.0659371,0.010470487,0.024,0.024
29,0.08081783,-0.0017342642,-0.012,0.024
30,-0.27850395,0.22937953,-0.006,0.096
31,0.07095809,0.0037151352,0.012,0.024
32,0.010080308,-0.060684428,0.006,0.084
33,-0.039292023,0.08052847,0.03,0.036
34,-0.029470503,0.21779105,0.006,0.036
35,-0.040973872,0.2049275,0.0,0.024
36,-0.31199938,0.2133068,-0.006,0.048
37,-0.072340935,-0.0805387,-0.018,0.09
38,0.024810702,0.0010478497,-0.006,0.048
39,0.19755761,0.090354905,-0.018,0.072
40,0.13037989,-0.16616848,-0.018,0.072
41,0.33251256,0.017854482,0.018,0.072
42,0.3892752,-0.009841472,0.036,0.012
43,-0.14309165,0.27603582,-0.006,0.072
44,-0.000608176,-0.11011952,0.024,0.024
45,-0.036693484,0.13808404,0.036,0.012
46,0.13249333,0.18885511,-0.006,0.084
47,-0.10757409,-0.031454355,-0.006,0.048
48,-0.032447606,0.0068280026,0.036,0.024
49,0.05580914,0.1269946,-0.018,0.06
50,0.15224394,0.1344924,-0.018,0.06
51,0.088186674,-0.01130335,-0.03,0.102
52,-0.1509904,0.066617064,0.018,0.084
53,-0.08663593,0.09102306,0.024,0.024
54,0.12923108,0.022830203,-0.006,0.084
55,0.1374285,0.07896889,-0.018,0.102
56,0.08140951,0.07725744,-0.018,0.048
57,-0.22568464,0.2272854,-0.018,0.102
58,0.19193354,-0.010342352,-0.006,0.072
59,-0.027203351,0.11853725,-0.006,0.096
60,-0.03252481,0.011062123,-0.006,0.06
61,0.19499764,0.036110714,0.024,0.012
62,0.13121277,0.05099675,0.018,0.036
63,0.11891449,-0.15476474,-0.018,0.09
64,0.26323444,-0.11766895,0.018,0.06
65,0.32420152,-0.057922877,0.042,0.06
66,0.08993533,0.028425552,0.006,0.036
67,-0.10763092,-0.00082042813,0.03,0.036
68,0.18672523,-0.07911751,-0.006,0.048
69,0.4196047,0.0342274,0.012,0.012
70,0.053509317,0.07953994,0.018,0.06
71,-0.12726429,0.03212688,-0.018,0.048
72,-0.0031369776,-0.029583395,-0.018,0.06
73,-0.08269057,0.29172018,-0.018,0.102
74,-0.053166926,0.11862005,0.012,0.012
75,0.08827039,0.055427067,-0.018,0.072
76,0.025585353,0.018294342,-0.03,0.102
77,-0.0503058,-0.09439368,-0.006,0.084
78,-0.043140084,0.018811673,0.036,0.012
79,0.04200069,-0.18841654,0.012,0.024
80,-0.07922453,0.031726435,0.006,0.036
81,0.02842027,-0.041871116,0.03,0.048
82,0.35753483,0.036463268,-0.018,0.102
83,0.49022546,-0.026127808,0.018,0.084
84,-0.05816795,0.08685967,0.006,0.096
85,0.24177484,0.05157859,0.018,0.084
86,-0.017833844,0.17104377,-0.018,0.06
87,-0.13045448,0.0656483,0.0,0.012
88,-0.0044059306,0.115797095,0.006,0.084
89,-0.16744259,-0.0070724785,0.0,0.012
90,-0.06728749,0.07169805,0.042,0.06
91,-0.064968884,0.059832253,0.018,0.084
92,0.033195764,0.09860989,-0.024,0.024
93,-0.0037851185,-0.08595352,0.042,0.06
94,-0.04097423,0.07980262,-0.006,0.06
95,0.13078463,0.12391218,0.006,0.048
96,0.12357833,-0.017095663,0.024,0.012
97,-0.17041634,0.17436995,0.03,0.048
98,0.045499206,0.07622194,0.006,0.036
99,0.12408137,-0.012215517,0.006,0.048
100,0.020295963,-0.043621853,0.0,0.012
101,0.008372843,0.059480146,-0.018,0.102
102,-0.23970602,0.12173264,0.018,0.036
103,0.23127371,0.034046143,-0.006,0.084
104,-0.32068416,0.2093482,0.006,0.084
105,0.18621242,-0.03968119,-0.018,0.06
106,0.022101775,-0.061531216,-0.024,0.024
107,0.028500251,0.12548128,-0.024,0.024
108,0.042354815,-0.00094679743,0.006,0.048
109,-0.034284472,-0.035281423,-0.018,0.048
110,0.022356018,0.046042755,-0.018,0.036
111,0.02716697,-0.028413687,-0.006,0.048
112,0.09079046,0.066810094,-0.006,0.048
113,-0.008030102,-0.12350618,0.006,0.036
114,0.13087574,-0.057293728,-0.006,0.096
115,-0.056463704,0.14062774,0.006,0.036
116,0.35877827,-0.066154234,-0.018,0.06
117,0.22741365,0.026676767,0.006,0.048
118,0.05008524,-0.0051000193,0.024,0.024
119,0.04825996,-0.0068437085,0.006,0.072
120,0.16241315,0.1937972,-0.006,0.06
121,0.046027146,0.12824145,-0.018,0.048
122,0.06531955,-0.1170296,0.042,0.048
123,0.08982649,-0.09857891,0.018,0.084
124,-0.061855406,0.112082876,-0.024,0.024
125,-0.29624546,0.12791452,-0.006,0.06
126,-0.056134075,0.016850606,0.018,0.06
127,0.12918122,0.042344168,0.018,0.072
128,0.21148965,0.036766298,0.012,0.012
129,-0.13827077,0.103400685,0.042,0.06
130,0.13170007,-0.011838794,0.006,0.084
131,-0.0071135014,0.078724794,0.006,0.048
132,0.07569902,0.078054026,-0.03,0.102
133,0.055790596,-0.080419414,0.006,0.06
134,0.053612456,-0.07372646,0.024,0.024
135,0.03515061,-0.04354777,-0.006,0.036
136,0.064807065,-0.029310018,-0.018,0.102
137,-0.044510335,-0.060104206,0.012,0.024
138,0.036910206,0.09437363,0.006,0.096
139,-0.07408552,-0.0007880628,-0.012,0.024
140,0.21167766,-0.0035169646,0.006,0.084
141,0.10793582,-0.16762134,0.006,0.072
142,0.23614052,-0.03146566,-0.018,0.048
143,0.103696175,0.02518063,-0.006,0.072
144,-0.057063267,-0.025383063,-0.018,0.048
145,-0.06745063,-0.036957227,0.036,0.012
146,0.09030169,0.019209981,0.024,0.024
147,0.06993256,-0.045569852,-0.018,0.048
148,-0.024907365,0.017784655,0.006,0.06
149,0.018849567,0.16020289,0.036,0.024
150,0.1933808,-0.038284957,0.036,0.012
151,-0.1351738,0.10793124,0.018,0.072
152,0.016369313,0.08294507,-0.006,0.084
153,0.16485727,0.030072697,-0.006,0.084
154,-0.04111889,-0.059897467,-0.018,0.09
155,-0.01636067,-0.06793565,0.024,0.012
156,-0.08569828,0.17421645,0.042,0.06
157,0.24903417,0.11165758,0.036,0.024
158,0.023948587,0.02427385,0.006,0.036
159,-0.28069016,0.19872388,0.03,0.036
160,0.20670334,0.006538585,0.018,0.084
161,0.10158761,-0.041266352,0.0,0.024
162,-0.05318968,0.037532344,0.0,0.024
163,-0.18000078,-0.02139432,0.036,0.024
164,-0.11001237,-0.019257419,0.018,0.072
165,0.23356172,0.105294056,0.006,0.036
166,0.068308234,0.14108688,-0.018,0.036
167,-0.24927771,0.05278355,0.006,0.096
168,0.027632236,-0.14118329,-0.018,0.072
169,0.14837086,0.0851283,0.018,0.036
170,0.015189335,0.057011075,-0.006,0.036
171,-0.039786637,-0.009453565,-0.006,0.036
172,0.115632266,0.0005494207,0.006,0.06
173,0.017602444,0.013916716,-0.018,0.102
174,-0.044849694,0.19007552,-0.018,0.072
175,-0.13161796,0.07764001,0.006,0.096
176,-0.041216955,-0.07443259,0.03,0.048
177,0.200282,-0.020839557,0.006,0.096
178,-0.08712819,0.11390437,0.042,0.06
179,-0.050377667,0.006079383,0.018,0.036
180,0.0620379,-0.04557419,-0.018,0.102
181,0.27458107,0.10785263,-0.024,0.024
182,-0.07757312,0.073950514,-0.006,0.036
183,0.036352836,-0.102396555,-0.03,0.102
184,0.0072919875,0.009975232,0.03,0.048
185,-0.123108864,0.024505801,-0.018,0.102
186,0.02158755,0.025683135,-0.012,0.024
187,-0.031013638,-0.105525985,-0.03,0.102
188,0.042999223,-0.050235376,0.018,0.084
189,0.02106332,0.018663712,0.036,0.012
190,0.025959834,0.040191874,0.018,0.036
191,-0.15400247,0.06413216,-0.018,0.102
192,-0.060915902,-0.08295257,0.024,0.012
193,-0.01817885,0.13905042,0.018,0.036
194,0.37282884,0.118831135,0.0,0.012
195,0.11444242,0.04415033,0.018,0.036
196,0.22976305,0.14472681,-0.006,0.096
197,-0.07625197,0.066216834,-0.006,0.06
198,-0.20706984,-0.037335735,0.012,0.024
199,0.20719072,0.047829628,-0.018,0.048
200,-0.121656775,0.07418803,0.018,0.084
201,-0.00456661,0.0260458,0.018,0.036
202,0.2917275,-0.037523862,-0.018,0.09
203,0.0695826,0.0047009736,-0.012,0.024
204,0.023277514,0.09579577,0.018,0.084
205,-0.03129138,-0.11195482,-0.018,0.072
206,0.16953333,-0.07397047,0.012,0.024
207,0.0011687279,-0.057992473,0.006,0.06
208,0.097389966,0.078136176,0.042,0.048
209,0.01165688,-0.10118556,0.03,0.036
210,0.046691492,0.080523424,0.018,0.06
211,-0.0514445,0.12614194,0.006,0.06
212,0.06702118,-0.03490241,0.036,0.012
213,0.032402292,-0.006537758,-0.006,0.06
214,-0.11014593,-0.003370598,-0.006,0.072
215,0.03556879,-0.042647358,0.018,0.036
216,-0.039167866,0.04523822,0.036,0.012
217,-0.11605333,0.13174853,0.006,0.084
218,0.001844883,-0.00021412969,0.018,0.084
219,-0.075296015,0.038177505,0.036,0.012
220,0.029788852,0.08131652,-0.006,0.036
221,0.074366614,0.108139105,0.036,0.024
222,0.14283907,0.07712804,0.03,0.036
223,0.14692932,0.02974248,-0.018,0.102
224,0.025674656,0.010713488,-0.018,0.048
225,0.05213645,-0.00043656677,0.0,0.012
226,0.29757157,0.11719271,-0.006,0.06
227,-0.1643451,0.037517823,0.006,0.084
228,0.1115177,0.012298405,0.006,0.048
229,0.12604892,-0.003283672,-0.018,0.072
230,0.08750983,0.077079564,-0.006,0.096
231,0.021499962,-0.01950381,-0.006,0.084
232,-0.00056295097,0.03357216,0.024,0.012
233,-0.006352976,0.10406919,-0.006,0.048
234,0.009458303,0.08654533,-0.006,0.048
235,0.113043785,-0.044558067,-0.006,0.096
236,0.17634788,0.028111294,0.006,0.06
237,0.23628913,0.008034341,0.012,0.024
238,0.014828503,-0.07201872,-0.018,0.072
239,-0.118041754,0.20706803,0.03,0.036
240,0.058007658,0.040224843,-0.006,0.072
241,0.07208645,0.10262097,-0.018,0.09
242,0.084138185,-0.13604087,-0.018,0.102
243,0.012826756,-0.061498463,-0.006,0.072
244,0.049336098,-0.117295586,0.0,0.012
245,0.026613757,-0.021148454,0.018,0.084
246,0.017561771,0.11833075,-0.024,0.024
247,0.09565772,-0.0021811798,-0.006,0.06
248,-0.08774413,-0.004712209,0.012,0.024
249,0.074249476,-0.04190208,0.006,0.096
250,0.13194859,-0.00018690526,-0.018,0.102
251,-0.009064779,-0.06461759,-0.012,0.024
252,-0.040284097,0.09773972,0.018,0.036
253,0.0117109865,0.08132673,0.042,0.048
254,0.071714975,0.06718367,0.042,0.06
255,0.084800504,0.05987867,0.036,0.024
256,-0.013418511,0.11890043,-0.006,0.072
257,0.17493892,-0.012348518,0.03,0.06
258,0.073357195,0.09759018,0.03,0.06
259,-0.032739386,0.26136404,-0.006,0.072
260,0.044986017,0.025459588,0.006,0.036
261,-0.033061028,0.010664627,-0.006,0.072
262,-0.12968452,-0.0058562607,0.006,0.084
263,0.010347411,-0.0002956614,-0.006,0.048
264,0.090504095,-0.04457048,0.006,0.048
265,0.06543299,0.019318707,0.006,0.096
266,-0.08701068,0.035882242,0.006,0.084
267,0.10467819,0.058514044,-0.018,0.048
268,0.068000525,0.026227735,-0.006,0.06
269,0.099123,-0.09572531,0.042,0.06
270,-0.19533585,0.14593524,0.024,0.012
271,-0.05742477,0.02063834,-0.024,0.024
272,0.020135783,-0.06738866,0.03,0.06
273,-0.0956109,0.1374809,-0.006,0.06
274,0.21558839,0.06573811,0.006,0.084
275,-0.025195912,0.05976145,0.018,0.036
276,-0.21183549,0.2924445,0.024,0.012
277,-0.053209737,0.0072367936,0.036,0.024
278,0.14550133,0.0120010525,0.024,0.012
279,-0.03232129,-0.019493867,-0.006,0.036
280,0.20435503,0.0022294074,0.012,0.012
281,-0.02929759,0.09659209,-0.018,0.09
282,0.09247595,-0.019990336,-0.018,0.09
283,0.10002178,0.056409694,-0.024,0.024
284,0.21484232,0.15169731,0.024,0.012
285,0.03858068,-0.06418102,0.024,0.024
286,-0.02884905,0.0852708,0.018,0.036
287,0.14922477,-0.056832634,-0.006,0.096
288,0.03276355,-0.02009613,-0.006,0.072
289,-0.060369313,-0.026238881,0.036,0.012
290,0.011448309,0.08171235,0.006,0.036
291,0.09404831,-0.049508713,0.024,0.012
292,-0.03821358,0.1437842,0.042,0.06
293,0.04898627,0.097017206,0.012,0.012
294,0.0653299,0.06777562,-0.024,0.024
295,-0.032704785,0.23123914,-0.018,0.09
296,0.090997145,-0.050725386,-0.006,0.036
297,-0.12330155,0.1699566,0.006,0.048
298,-0.060386613,0.084403016,0.006,0.048
299,0.0075999945,-0.004299145,-0.024,0.024
300,0.007832915,0.100524105,0.03,0.06
301,-0.15060559,0.08527326,0.006,0.06
302,0.04473818,-0.023797106,0.042,0.06
303,0.103826314,0.14641175,0.006,0.048
304,-0.036680043,0.10749678,0.024,0.012
305,-0.09382419,0.006025836,0.03,0.06
306,-0.03250709,0.08269903,0.012,0.024
307,-0.046467394,0.08470034,-0.024,0.024
308,0.003274247,-0.09218197,0.006,0.036
309,0.07128376,0.08947385,0.042,0.048
310,0.059949122,0.040188402,0.012,0.012
311,-0.05060917,0.10042904,-0.006,0.06
312,0.11115011,0.133969,-0.03,0.102
313,0.1499854,0.031072512,0.012,0.012
314,0.109963864,-0.10511771,0.024,0.012
315,0.06510334,0.11426565,0.018,0.06
316,0.08379623,0.08813672,0.042,0.048
317,-0.09367789,0.14013393,-0.03,0.102
318,-0.011012346,0.11442903,0.006,0.048
319,0.082739666,-0.11904499,0.012,0.024
320,0.18791118,-0.03195185,-0.006,0.048
321,-0.010643393,0.060627244,-0.012,0.024
322,-0.011543006,0.0038099363,0.006,0.096
323,-0.009920359,0.07562559,-0.018,0.072
324,0.11478419,-0.11620676,0.0,0.024
325,-0.10025635,0.025054656,-0.006,0.072
326,0.20939493,0.0011549294,0.024,0.024
327,-0.06310181,0.05407805,-0.006,0.072
328,0.11283672,-0.03510028,-0.006,0.072
329,0.00981839,0.07329028,0.03,0.048
330,0.12345779,-0.08594479,0.042,0.06
331,0.029676653,-0.037741568,0.042,0.06
332,0.026113935,0.06563716,-0.006,0.048
333,0.016373292,-0.0057570115,-0.018,0.048
334,-0.0066788048,0.012034044,0.006,0.06
335,0.1156701,0.058647178,0.024,0.012
336,0.025879681,0.07802848,-0.024,0.024
337,-0.04571949,0.040996097,-0.018,0.102
338,0.008728571,0.082998626,0.03,0.06
339,-0.0002683252,-0.056505304,0.006,0.06
340,-0.059723854,0.056355946,0.036,0.024
341,0.106400475,-0.088565044,0.018,0.036
342,0.04134153,0.040403098,0.006,0.072
343,-0.03787072,-0.055984635,-0.006,0.06
344,-0.026514947,-0.09714078,0.018,0.084
345,0.05414281,0.03071808,-0.018,0.09
346,0.017026208,0.0032171234,0.03,0.06
347,-0.00618425,0.007520046,0.012,0.012
348,-0.11976604,0.043785058,-0.006,0.096
349,0.20416461,0.1325804,0.018,0.036
350,-0.044334322,0.13619436,-0.006,0.036
351,0.08848124,-0.020668738,0.006,0.084
352,-0.043457896,-0.055849828,-0.006,0.048
353,-0.14147483,-0.010887604,0.03,0.048
354,0.033177815,0.018900346,-0.018,0.06
355,0.052609235,0.12591462,0.036,0.012
356,0.029209144,0.043214872,-0.006,0.072
357,0.011395633,0.061337892,-0.018,0.072
358,-0.03385544,0.16579905,-0.018,0.048
359,0.02919481,0.008319177,-0.012,0.024
360,0.070329085,0.07002927,0.006,0.036
361,-0.0057125837,0.030209705,0.03,0.048
362,0.048978567,0.13271539,0.03,0.048
363,-0.001028493,0.11970921,0.012,0.024
364,0.019399494,0.023816954,0.006,0.072
365,-0.023457423,0.15242174,0.042,0.06
366,0.125367,-0.025774386,0.012,0.012
367,0.078156926,-0.005751852,0.006,0.072
368,0.030166134,0.019837782,-0.006,0.072
369,0.058148876,0.00814417,0.03,0.06
370,-0.020669043,0.15476187,-0.024,0.024
371,0.14006554,0.066062495,0.018,0.072
372,-0.04198061,0.08170154,0.006,0.048
373,0.028343186,0.027050182,0.03,0.036
374,-0.11572027,0.024651587,0.042,0.048
375,0.037807688,0.13522929,-0.018,0.06
376,0.00679256,0.09127742,-0.006,0.06
377,0.07365686,-0.08039991,0.024,0.024
378,-0.09539707,0.1132388,-0.018,0.036
379,0.022799857,-0.08422505,-0.006,0.096
380,-0.17040738,0.059237584,0.036,0.012
381,-0.13510503,0.18423472,-0.006,0.06
382,-0.015654117,0.010744289,-0.006,0.048
383,0.027794376,0.105720155,0.018,0.06
384,-0.082566574,0.15973583,-0.006,0.072
385,0.012698621,0.03323865,-0.03,0.102
386,-0.002192244,0.007851712,0.012,0.024
387,-0.027328134,-0.025715612,-0.006,0.096
388,-0.10115035,0.03793101,-0.012,0.024
389,0.099176526,0.07702172,0.012,0.024
390,0.09495935,-0.013899352,-0.012,0.024
391,0.038897097,0.044670425,0.006,0.036
392,0.052508503,-0.0139254965,0.024,0.012
393,0.062246166,0.032478962,-0.018,0.036
394,-0.036597863,0.09736949,0.018,0.072
395,0.1055371,0.108994514,-0.006,0.084
396,0.039719492,0.08157419,0.018,0.072
397,-0.008664027,-0.012469616,0.006,0.072
398,-0.0067287385,-0.04909855,-0.006,0.072
399,-0.0595887,0.12840393,0.006,0.072
400,0.11688874,0.004689399,-0.018,0.072
401,-0.12217544,-0.0060578585,0.006,0.072
402,-0.055803895,0.15824533,0.012,0.012
403,0.070083156,-0.1009634,0.036,0.024
404,-0.008190736,-0.004913006,-0.024,0.024
405,-0.117324814,-0.101664975,0.018,0.084
406,0.025932647,0.045046784,0.012,0.012
407,0.03890273,-0.02143341,0.024,0.024
408,0.007557459,0.0663725,0.03,0.048
409,0.011568099,0.04244432,0.042,0.06
410,0.073812306,0.011713199,-0.006,0.048
411,0.05649087,0.09226556,-0.018,0.06
412,-0.0046224445,0.22953922,0.006,0.036
413,-0.0032902658,0.040505763,0.03,0.036
414,0.07208251,0.034762017,-0.006,0.084
415,-0.006401539,-0.07860595,0.018,0.036
416,0.036983557,0.013154741,-0.024,0.024
417,0.03351388,0.060092695,0.036,0.012
418,0.12084853,0.050694797,-0.018,0.048
419,0.042844415,-0.021278523,-0.006,0.096
420,0.04916764,0.11122974,0.03,0.048
421,-0.12804556,0.08102666,0.006,0.06
422,0.011923283,0.019714415,-0.018,0.09
423,0.10695037,0.004467152,-0.006,0.036
424,-0.105146304,0.12688063,-0.018,0.09
425,-0.0055193678,0.11604093,0.006,0.06
426,0.22357698,0.015267067,0.0,0.024
427,0.04246889,-0.040146906,-0.006,0.084
428,0.03866285,-0.020658098,-0.006,0.072
429,0.053495236,-0.03677488,0.018,0.036
430,-0.06007351,0.091863215,0.006,0.036
431,0.06575835,0.08119869,-0.006,0.084
432,-0.008920662,0.04849671,0.018,0.036
433,-0.017163418,-0.013254311,-0.006,0.096
434,0.13867232,0.01714876,0.042,0.048
435,-0.08231333,0.08873077,-0.018,0.06
436,-0.23241559,0.1990339,-0.03,0.102
437,-0.01017759,-0.0061365888,0.012,0.012
438,0.06076684,0.020395275,0.018,0.072
439,0.1555665,-0.008761995,-0.03,0.102
440,0.0997373,-0.029503625,0.006,0.084
441,0.1422488,-0.039056465,0.036,0.024
442,-0.05339867,-0.023084167,0.024,0.024
443,0.012414031,0.07685954,0.036,0.024
444,0.17371662,-0.07806541,-0.006,0.048
445,0.0714224,-0.002295237,0.006,0.06
446,0.079370275,0.039958876,0.018,0.036
447,0.100968465,0.072371274,0.006,0.072
448,-0.11558853,0.13577464,-0.006,0.06
449,0.0737064,0.06308616,0.018,0.084
450,0.04046055,0.17389777,0.024,0.024
451,0.108631864,0.0016863644,-0.006,0.084
452,-0.021594174,0.0495574,-0.018,0.102
453,0.010156356,-0.036306757,-0.024,0.024
454,0.04480867,-0.040397253,0.018,0.084
455,-0.01278612,0.04751051,0.018,0.036
456,0.026273958,0.022234146,0.018,0.072
457,0.051269785,0.19902009,0.0,0.012
458,-0.011535451,-0.08358297,0.0,0.024
459,-0.06316444,-0.015025176,0.006,0.072
460,0.026115179,-0.03778527,-0.006,0.06
461,0.0919846,0.03288932,-0.024,0.024
462,0.011433855,-0.021553881,0.03,0.048
463,0.04524678,-0.047225825,0.012,0.012
464,0.039333187,0.11141351,0.042,0.048
465,0.07772768,0.024016846,-0.006,0.084
466,0.14144598,-0.04601291,-0.012,0.024
467,-0.030734591,0.10411717,-0.006,0.036
468,-0.19259074,0.17507225,-0.006,0.084
469,-0.05607611,0.10229422,0.018,0.084
470,-0.08892168,0.10932399,-0.018,0.102
471,0.11438092,0.1043873,0.036,0.012
472,0.05942729,0.070276074,0.03,0.036
473,0.061070975,0.06614743,0.006,0.072
474,0.058076955,0.11300422,-0.006,0.06
475,-0.028912656,0.16203594,0.036,0.012
476,0.03313539,0.04301687,-0.018,0.102
477,0.05218696,0.039993044,0.042,0.048
478,-0.053899467,-0.007111933,0.006,0.072
479,-0.007110305,0.02589054,-0.006,0.084
480,0.038966462,0.023407757,-0.006,0.072
481,0.059271827,0.04378696,-0.006,0.048
482,0.07080944,0.08583717,0.006,0.048
483,-0.029150017,0.035104662,-0.006,0.096
484,0.025439762,0.01550927,0.006,0.096
485,0.026731916,0.18595427,-0.018,0.09
486,0.0011715665,0.0053250827,0.0,0.012
487,0.09038163,-0.00018788874,0.018,0.072
488,0.028637916,0.05167175,0.024,0.024
489,0.08535147,-0.03392695,-0.018,0.09
490,0.05629061,0.044384286,0.0,0.012
491,-0.06854928,0.050501034,-0.018,0.09
492,0.1458484,-0.050187327,0.012,0.012
493,0.111782655,-0.02565734,-0.006,0.072
494,0.013902359,0.0783963,0.006,0.036
495,0.065196574,0.028238907,0.018,0.036
496,0.048033677,0.005305715,-0.006,0.084
497,0.10125258,-0.04934792,0.024,0.024
498,-0.03441611,0.12331122,0.036,0.012
499,-0.030852772,0.16426802,-0.03,0.102
500,0.08621299,-0.021090142,0.036,0.024
501,-0.05981593,0.0001616478,0.006,0.084
502,-0.035469614,0.0069857687,0.018,0.036
503,-0.05312877,-0.0147606805,-0.018,0.036
504,0.050994173,-0.01799659,0.03,0.048
505,-0.09956785,0.020528924,0.036,0.012
506,-0.020974986,0.058162067,0.012,0.024
507,0.02244918,0.041831207,0.024,0.012
508,-0.029150002,0.07233588,0.042,0.06
509,0.053870574,-0.04094646,-0.018,0.036
510,-0.07758389,0.02467513,0.03,0.06
511,-0.081710115,0.23711915,-0.018,0.036
512,-0.060463727,0.020568386,0.018,0.06
513,0.023877926,0.03706898,-0.006,0.048
514,0.02966261,0.08807784,0.006,0.048
515,0.028104156,-0.058386736,0.03,0.06
516,0.011652,0.002289798,0.03,0.036
517,0.07087621,0.056564964,-0.006,0.072
518,0.109785005,-0.019930795,0.042,0.06
519,0.011797085,0.06276384,0.018,0.036
520,-0.007882409,-0.028128898,-0.006,0.048
521,0.053169303,0.046305798,-0.006,0.048
522,0.046953365,-0.0315338,0.006,0.084
523,-0.11422664,0.19981784,-0.006,0.06
524,0.12771045,0.016375318,-0.006,0.084
525,-0.012674272,-0.0042464137,0.018,0.036
526,0.06754008,-0.035609342,0.006,0.072
527,0.022366032,0.01707806,0.03,0.048
528,-0.039999217,0.09121236,-0.018,0.048
529,0.066228904,0.086021245,0.0,0.012
530,0.025722377,0.046045247,-0.006,0.036
531,0.06360203,0.19029227,-0.006,0.096
532,-0.093114644,-4.727021e-05,-0.018,0.09
533,0.017430298,0.004516788,-0.024,0.024
534,-0.07000799,0.08313656,0.006,0.048
535,0.05010634,0.019358538,-0.006,0.048
536,-0.021233805,0.033786893,0.0,0.024
537,0.07617365,-0.028039128,-0.006,0.048
538,0.020593204,0.079364195,-0.006,0.096
539,0.03233593,0.12422578,-0.006,0.072
540,-0.043565154,0.082054324,-0.018,0.072
541,0.109188356,-0.04549869,0.018,0.036
542,0.1750311,0.044145927,0.006,0.048
543,0.05939239,0.070642315,-0.006,0.036
544,-0.0730784,-0.0019339286,-0.018,0.09
545,0.13218799,-0.02154874,0.0,0.024
546,0.059831493,0.03994937,-0.018,0.102
547,0.10251276,0.0023056976,0.006,0.072
548,0.009028822,-0.032494497,0.006,0.036
549,0.2397669,-0.028510166,0.036,0.012
550,-0.014974788,0.06491416,-0.006,0.036
551,0.08452534,0.038402367,0.024,0.024
552,0.0227606,0.055367872,-0.018,0.06
553,0.08951141,0.10141516,0.03,0.036
554,0.032632478,0.022812176,0.0,0.024
555,-0.20415118,0.03505894,-0.006,0.06
556,0.033813745,0.066497594,-0.018,0.072
557,-0.09579809,-0.020139057,-0.006,0.084
558,0.00055247545,-0.041495517,-0.018,0.036
559,0.07169509,0.040954385,0.006,0.036
560,0.029526912,0.024673749,-0.018,0.09
561,0.056022838,0.077959076,-0.018,0.06
562,0.16161866,0.113081686,0.006,0.084
563,-0.10195929,0.022120241,0.006,0.084
564,0.026778504,-0.028204916,-0.024,0.024
565,0.029063515,0.058317445,0.024,0.024
566,-0.08569978,0.03598228,-0.018,0.048
567,0.09548151,0.043080952,0.03,0.048
568,0.038742505,0.035221945,0.006,0.06
569,-0.015615866,-0.011206467,0.03,0.048
570,-0.1192071,0.045106392,-0.018,0.09
571,0.008233972,-0.00123154,0.0,0.024
572,-0.00708811,0.04963986,0.024,0.024
573,-0.015455827,0.06624135,-0.006,0.06
574,-0.09246483,0.12754321,-0.006,0.072
575,-0.017864741,-0.06494707,-0.018,0.036
576,0.0996488,0.11485796,0.0,0.012
577,-0.02411773,0.007948425,0.036,0.024
578,-0.0038772598,-0.0048465505,-0.006,0.072
579,-0.19253126,0.04815161,-0.006,0.072
580,-0.06769291,-0.06784264,-0.018,0.048
581,0.0006736964,0.02348477,0.018,0.06
582,0.09309759,0.034043126,-0.006,0.084
583,0.021033473,0.10365658,0.0,0.024
584,-0.0252043,0.116034165,-0.018,0.072
585,0.04178717,-0.061124768,0.006,0.072
586,0.07765022,0.119791284,0.024,0.012
587,0.055964705,-0.008535333,-0.018,0.09
588,-0.104039416,0.029058296,0.042,0.06
589,-0.036245413,0.02194551,0.012,0.012
590,0.08448411,-0.0024707615,0.03,0.048
591,0.022873849,0.039127916,0.012,0.012
592,-0.010997079,-0.01094028,0.018,0.036
593,0.04133188,0.08737123,0.024,0.024
594,-0.013206281,-0.053743973,0.042,0.06
595,0.06433359,0.034488857,0.0,0.024
596,-0.11058951,0.038824577,-0.018,0.102
597,0.04130511,0.020970426,0.042,0.06
598,0.052834883,0.004345745,0.018,0.072
599,0.12116249,0.06628485,0.03,0.06
600,-0.0065914243,0.029039066,-0.012,0.024
601,-0.03761401,0.12833856,0.042,0.048
602,0.027124412,0.11588243,-0.018,0.09
603,-0.036517143,0.087197855,0.012,0.012
604,-0.00014898926,0.11933057,-0.006,0.084
605,-0.011678509,0.102704704,-0.018,0.09
606,0.03627049,0.01268236,0.018,0.036
607,0.0933665,-0.0012845434,-0.018,0.072
608,-0.07949528,-0.027315017,0.036,0.024
609,-0.031120986,0.046985287,0.0,0.012
610,0.044048995,-0.018608168,0.03,0.06
611,0.13960688,-0.018227333,0.03,0.048
612,-0.032326072,0.06416327,0.024,0.012
613,-0.11629931,0.17563309,0.018,0.036
614,0.050878074,-0.01874036,0.03,0.048
615,0.11550706,0.14281026,0.042,0.048
616,0.11411377,0.018739507,-0.012,0.024
617,-0.022688717,0.015236124,0.018,0.036
618,-0.06985827,0.048344996,-0.006,0.036
619,0.0140465945,0.06397106,-0.03,0.102
620,-0.037643738,0.08874877,-0.006,0.036
621,0.06547015,-0.03204125,-0.018,0.036
622,0.0031011924,0.047549713,-0.006,0.096
623,0.040461533,0.03547004,0.0,0.024
624,0.00986778,0.0023254938,0.042,0.06
625,0.06345345,0.037313692,-0.018,0.06
626,0.07877311,0.033342127,-0.018,0.036
627,0.116952166,0.12275179,0.036,0.024
628,-0.0009280816,-0.019042658,-0.018,0.09
629,0.10701972,-0.022698684,-0.006,0.084
630,0.059007376,-0.010991875,0.018,0.084
631,0.0034084842,0.1101502,-0.006,0.036
632,-0.01310619,-0.009500492,-0.006,0.036
633,-0.12986997,0.055598177,-0.024,0.024
634,0.02868656,0.014357384,0.006,0.096
635,-0.08002393,0.09866546,-0.024,0.024
636,0.048532717,-0.0057479963,-0.006,0.048
637,0.037864722,0.030135464,-0.018,0.09
638,0.008749753,-0.039359655,0.036,0.012
639,0.065992795,0.12804708,0.006,0.072
640,0.06765221,0.023866162,0.0,0.024
641,0.026442513,0.06412105,0.03,0.048
642,-0.02206882,0.13649088,0.006,0.072
643,-0.0852467,0.089452244,0.006,0.06
644,-0.018892445,0.08083999,0.018,0.084
645,0.021817967,0.038328893,0.006,0.084
646,-0.0049814954,0.053851657,-0.006,0.084
647,-0.010111146,0.045906324,-0.018,0.09
648,-0.058204688,0.09106462,-0.024,0.024
649,-0.13643691,0.0646645,0.006,0.048
650,-0.048004813,0.078327,0.018,0.084
651,0.086216345,-0.08411287,-0.006,0.084
652,-0.0036760643,0.06233791,0.018,0.084
653,0.07440833,0.046950016,0.018,0.036
654,-0.021969043,0.0047622323,0.03,0.06
655,0.20233746,-0.035580557,-0.018,0.09
656,-0.012214445,-0.043054044,0.018,0.06
657,-0.05994615,-0.01780649,-0.018,0.072
658,0.022801176,0.015485775,0.006,0.072
659,-0.12665907,0.21686284,-0.006,0.072
660,-0.19193867,0.202331,0.012,0.012
661,0.005301945,0.028739993,0.024,0.012
662,0.02537284,0.00993783,-0.006,0.036
663,0.03597924,-0.015407473,0.03,0.06
664,0.06641397,0.030498914,-0.006,0.048
665,0.08232154,-0.005055774,-0.018,0.036
666,0.123200126,0.026075512,0.006,0.048
667,0.12922236,0.0129341185,0.03,0.048
668,0.06369151,0.060421187,0.03,0.036
669,-0.006784737,0.075336754,0.006,0.096
670,0.012696318,-0.0218138,0.042,0.048
671,-0.061033525,0.17477548,0.042,0.06
672,-0.049659498,0.083213106,0.018,0.06
673,-0.12814127,0.015084613,0.03,0.036
674,0.024392948,0.051796842,0.0,0.012
675,0.048781246,0.09239261,-0.018,0.09
676,-0.008016683,0.015634626,0.03,0.036
677,0.007868148,0.0550657,0.006,0.096
678,0.12791604,-0.018031716,-0.018,0.036
679,0.015695333,0.060775228,0.006,0.048
680,0.08014509,-0.013416793,-0.018,0.036
681,0.048442077,0.113145515,0.03,0.048
682,0.010950439,0.008875191,-0.018,0.072
683,-0.042296834,0.11392305,0.006,0.072
684,-0.05327303,-0.043126673,-0.006,0.048
685,0.051893465,-0.009035427,0.018,0.036
686,0.026859306,0.03681999,0.024,0.012
687,-0.03518427,0.052690778,0.03,0.048
688,-0.0379555,0.12325549,0.0,0.024
689,-0.010007679,0.12863393,0.042,0.06
690,0.0047473386,-0.0127722435,-0.018,0.048
691,-0.053904697,0.063578725,-0.018,0.102
692,-0.0038123503,0.05891739,-0.012,0.024
693,0.026664607,0.011309005,-0.006,0.072
694,0.0577165,0.052999463,0.0,0.012
695,-0.19477691,0.07315424,0.018,0.072
696,0.10657698,0.042843938,-0.018,0.036
697,0.088695586,0.10802111,-0.018,0.036
698,0.052639537,0.028227214,-0.018,0.102
699,-0.048524916,0.14747179,0.0,0.024
700,0.07654249,0.037087586,-0.018,0.09
701,0.061558448,-0.021412093,0.006,0.036
702,0.02140142,0.0414799,-0.012,0.024
703,0.1863243,0.017022256,-0.006,0.036
704,0.031859934,0.04435789,-0.006,0.048
705,0.058476094,-0.017487485,0.03,0.036
706,-0.05325477,0.06680517,0.018,0.084
707,-0.00023922324,0.0479032,0.024,0.024
708,0.02527304,0.13495384,-0.018,0.048
709,0.047737792,0.0011614747,0.006,0.096
710,0.06678823,0.07062434,0.018,0.06
711,0.07004309,0.091235235,0.042,0.06
712,0.01788105,0.03688551,0.012,0.024
713,-0.060867414,0.033836234,0.012,0.012
714,0.11906205,0.09284744,-0.006,0.096
715,-0.046498783,0.09274945,0.024,0.024
716,0.012510546,-0.019444639,0.006,0.096
717,0.09248175,0.061273824,0.036,0.012
718,-0.06262731,0.15280375,0.006,0.084
719,0.066544384,0.02004249,0.0,0.012
720,-0.034329943,0.043873392,-0.018,0.036
721,0.061948873,0.061753646,-0.006,0.084
722,-0.030834347,0.24320246,0.018,0.072
723,0.06766704,-0.01206908,-0.018,0.048
724,0.03276158,0.007169828,0.0,0.012
725,-0.0301992,0.12254439,0.012,0.024
726,-0.001507245,0.03547491,0.0,0.024
727,0.036721617,-0.019277845,0.006,0.096
728,-0.06767162,0.0795726,-0.018,0.048
729,-0.09495471,0.040905062,0.042,0.06
730,0.05338431,0.03374213,-0.018,0.06
731,0.005475469,0.119931065,0.03,0.036
732,-0.011341922,0.011743665,0.042,0.048
733,0.0797108,0.035444375,0.03,0.036
734,0.015931502,-0.0033226088,0.036,0.012
735,0.124209166,0.07343972,0.012,0.024
736,0.040632434,0.0045945793,0.042,0.048
737,-0.021699294,0.028061904,0.0,0.024
738,-0.040288024,0.0033118166,0.0,0.012
739,-0.05459702,-0.029249862,-0.006,0.096
740,0.020197414,-0.008014105,0.018,0.06
741,0.09967048,0.018117893,0.018,0.036
742,-0.037779443,0.10041493,0.036,0.024
743,0.03787397,0.0136821605,-0.024,0.024
744,0.011196718,0.06648874,-0.024,0.024
745,-0.041838616,0.073794656,0.006,0.06
746,0.10042198,-0.024591062,-0.012,0.024
747,0.03226108,0.06795832,-0.006,0.096
748,0.00031784177,0.100929424,-0.006,0.084
749,0.033451103,-0.010824742,-0.012,0.024
750,0.003139004,0.07381593,0.024,0.024
751,0.031394653,0.0477071,-0.03,0.102
752,0.005543411,0.026994415,0.018,0.06
753,0.058752894,-0.021771045,-0.018,0.072
754,0.042267967,-0.020377263,0.006,0.072
755,0.034828678,0.07759664,0.03,0.036
756,-0.017190203,0.106038734,0.036,0.024
757,-0.069805875,0.08855115,0.018,0.06
758,0.035640262,0.10650067,0.03,0.036
759,-0.024248734,0.041060127,0.018,0.084
760,0.14416687,0.014812466,-0.018,0.06
761,-0.028364055,0.04664659,-0.018,0.06
762,-0.0031754524,0.081395894,0.012,0.012
763,-0.07471519,0.15451947,-0.024,0.024
764,0.079238504,0.04932282,0.036,0.024
765,0.07124141,-0.0011144839,-0.018,0.048
766,0.043366477,0.065833375,0.006,0.036
767,-0.093281455,0.054993372,0.0,0.012
768,-0.029371873,0.045758184,0.018,0.084
769,-0.033153497,0.14163992,0.006,0.072
770,-0.024182819,0.059688624,0.042,0.048
771,0.013840467,0.020670231,0.0,0.024
772,0.10382442,-0.0037669986,-0.006,0.048
773,0.015989728,0.05836358,0.0,0.024
774,-0.0130579695,-0.043196797,0.03,0.036
775,0.033403456,0.02733894,0.03,0.036
776,0.11867687,0.020172287,0.042,0.048
777,-0.008587688,-0.034850627,0.018,0.084
778,0.033052213,0.04225498,0.006,0.06
779,0.014814898,0.041165013,-0.03,0.102
780,-0.062914014,0.13019635,-0.018,0.06
781,0.07600453,0.049706183,-0.012,0.024
782,0.03782998,0.12538211,0.042,0.048
783,0.0048271045,-0.0848052,0.036,0.024
784,0.03713154,0.02839857,0.024,0.024
785,0.051140253,-0.063058764,-0.018,0.102
786,0.008806735,0.01646091,0.036,0.012
787,-0.068871416,-0.054291643,0.024,0.024
788,0.004207395,0.03843631,-0.006,0.06
789,0.010894522,-0.008491127,0.0,0.024
790,0.060518138,0.107939646,0.03,0.048
791,-0.014137894,0.11068079,0.0,0.012
792,0.07769315,0.015794825,-0.018,0.072
793,-0.0644799,0.062153347,0.012,0.012
794,0.028355755,0.03299547,0.012,0.012
795,0.08289073,0.06908886,-0.006,0.048
796,0.09458883,0.11723021,0.018,0.06
797,0.07860318,-0.01857533,0.03,0.048
798,-0.04228025,0.064572945,-0.006,0.06
799,-0.026600063,-0.007862229,-0.006,0.072
800,0.098932065,-0.00044695288,0.0,0.012
801,-0.02126421,0.10776028,0.018,0.036
802,0.07740582,0.014287613,0.006,0.036
803,0.022902183,0.047055647,0.006,0.048
804,0.04357872,0.028661117,0.006,0.06
805,0.049619846,-0.015902767,-0.006,0.072
806,0.07918671,0.043571074,0.03,0.036
807,0.017893553,0.062321525,-0.006,0.096
808,0.0800428,-0.025012787,-0.018,0.102
809,0.06251163,0.13147087,-0.018,0.048
810,0.02322805,0.0499844,0.0,0.024
811,0.05207852,0.06539702,0.036,0.024
812,0.019107677,0.011224616,0.036,0.012
813,-0.03499852,0.07699525,-0.018,0.09
814,0.08098667,-0.032575876,-0.018,0.048
815,-0.03952557,-0.008535026,0.018,0.036
816,-0.045457393,-0.0761481,-0.018,0.102
817,0.12909654,-0.015464468,0.006,0.096
818,0.0519801,0.04651327,0.042,0.048
819,-0.0074185506,0.050587274,0.012,0.012
820,0.08877491,0.052621525,-0.018,0.102
821,0.029506467,0.06762514,-0.018,0.102
822,-0.04972952,0.07843445,-0.006,0.06
823,0.061845247,0.038037084,0.03,0.036
824,0.014540486,-0.018401442,0.03,0.06
825,0.022832125,0.03377853,-0.018,0.072
826,-0.018088035,0.1548647,0.018,0.084
827,0.06224677,0.09445581,-0.006,0.072
828,0.099053636,-0.05448594,0.03,0.06
829,0.030723318,0.055244856,-0.006,0.072
830,0.016007915,0.019691594,-0.018,0.06
831,0.028255612,0.024331175,-0.018,0.072
832,-0.054310896,0.042435843,0.012,0.012
833,0.005396828,0.020056937,-0.006,0.072
834,-0.031283714,0.046483267,0.03,0.048
835,0.072018184,0.105850324,-0.006,0.048
836,-0.027229458,0.05797316,-0.006,0.084
837,0.022414252,-0.0119612515,0.012,0.024
838,0.06306781,0.06802933,0.03,0.06
839,0.02402842,0.0089896545,0.012,0.012
840,0.1261456,0.13108063,-0.006,0.072
841,0.101538226,0.06419363,0.036,0.024
842,-0.044618323,0.02434326,0.036,0.024
843,0.014532171,0.025841258,0.006,0.096
844,-0.04538896,0.03582594,0.0,0.024
845,-0.012526713,0.053165536,0.0,0.024
846,0.016561396,0.0022688173,-0.006,0.06
847,0.08028323,0.038809866,0.036,0.024
848,-0.15170924,0.11172943,0.018,0.084
849,-0.06751669,0.08246796,-0.006,0.084
850,0.11183441,-0.03551671,0.006,0.096
851,0.04428,-0.01156356,-0.018,0.048
852,0.07462783,0.009122353,-0.03,0.102
853,-0.020682156,0.074453406,0.006,0.096
854,-0.04789616,0.088632,-0.006,0.072
855,0.0068705752,0.06547922,-0.006,0.096
856,0.073741816,0.04425157,-0.018,0.048
857,0.010413982,-0.020495724,-0.018,0.09
858,0.015655719,0.11399864,0.036,0.012
859,0.01823835,0.028651189,0.006,0.06
860,0.056826502,0.009344365,0.042,0.06
861,-0.011071943,0.08123462,0.006,0.048
862,0.044981256,0.02293941,0.006,0.084
863,0.052874643,0.036105413,0.042,0.06
864,-0.06457546,0.14828534,0.042,0.048
865,-0.057528965,0.06604482,0.006,0.084
866,0.08841202,0.014175557,0.006,0.096
867,0.081066705,-0.024964206,-0.018,0.072
868,-0.056143515,0.010601897,0.024,0.024
869,-0.008658312,0.08357555,0.024,0.024
870,-0.09565648,0.039197955,0.042,0.048
871,0.13187356,0.052002247,0.006,0.048
872,0.021732025,0.117870286,0.006,0.084
873,0.061597276,0.008231832,0.006,0.06
874,0.031521127,0.08851748,0.036,0.012
875,0.07730621,-0.032890394,0.024,0.012
876,0.09693477,-0.031667534,0.006,0.084
877,0.020750478,0.030800158,0.036,0.024
878,0.061294075,0.005795775,-0.018,0.102
879,-0.023882672,0.081276685,0.03,0.048
880,0.032220215,0.06374374,-0.006,0.072
881,-0.0561895,0.10511705,0.018,0.06
882,-0.013107814,0.04139885,0.024,0.024
883,-0.10963683,0.1550283,0.042,0.048
884,-0.013959028,0.08854487,-0.024,0.024
885,0.05790029,6.424822e-05,0.006,0.072
886,0.10097058,0.065133825,0.006,0.036
887,0.25699353,0.035907514,0.006,0.096
888,0.0037966222,0.03911392,0.018,0.06
889,-0.10962507,0.054449886,0.018,0.06
890,-0.012108587,0.059505403,-0.012,0.024
891,-0.0050145835,0.062577054,-0.006,0.06
892,0.073045254,0.037383158,-0.018,0.06
893,-0.018741049,0.03899014,0.036,0.024
894,0.0332726,-0.0029230472,-0.006,0.096
895,0.04234063,0.05053754,-0.018,0.06
896,0.032019027,-0.04779981,0.018,0.036
897,0.08795679,0.0035161022,0.006,0.048
898,-0.15761194,0.1397931,0.018,0.072
899,0.0040725917,0.05290851,-0.018,0.06
900,-0.010566331,0.024965102,0.006,0.06
901,0.055449236,0.057157956,0.03,0.036
902,-0.019166254,0.10287348,-0.018,0.072
903,-0.009707451,0.08155124,-0.006,0.096
904,0.0054688677,0.006578952,0.006,0.072
905,0.059789337,0.0126449205,0.018,0.084
906,-0.023816258,0.12980057,-0.006,0.096
907,-0.054948367,0.14170736,-0.006,0.06
908,0.09315182,-0.030072201,-0.006,0.096
909,0.014708966,0.05939133,-0.018,0.036
910,0.108711146,0.02325504,-0.018,0.072
911,-0.037086457,0.054142743,0.006,0.096
912,0.018799461,0.03792133,-0.006,0.036
913,-0.057913065,0.12440057,0.024,0.024
914,0.01582352,-0.004289571,0.012,0.024
915,-0.03833554,0.020533688,0.03,0.06
916,0.0017727166,0.0065854825,0.006,0.06
917,0.09575193,-0.008376451,0.0,0.012
918,-0.06023168,0.0103423055,0.03,0.036
919,-0.010931537,0.13418223,-0.018,0.036
920,-0.041385524,-0.0016392879,0.042,0.048
921,-0.0021194592,-0.01977797,0.006,0.06
922,-0.07087034,0.14270233,-0.012,0.024
923,0.06387772,0.022853281,-0.006,0.036
924,0.047352146,0.014604857,-0.018,0.072
925,-0.018173344,-0.067051515,0.0,0.012
926,0.004051134,0.0060007367,-0.018,0.06
927,0.0067891404,-0.027728003,0.03,0.036
928,-0.024132922,0.025347319,0.006,0.084
929,0.14380257,0.105840735,-0.018,0.048
930,-0.07458447,0.029632332,0.018,0.036
931,-0.14404488,0.106547266,-0.018,0.09
932,0.0025237948,0.04210804,0.018,0.06
933,0.056576252,0.009490497,-0.018,0.06
934,-0.0820559,0.16224536,0.018,0.036
935,0.08927823,0.14204973,0.018,0.036
936,0.0057768896,0.02890495,0.03,0.036
937,-0.1439229,0.062988125,0.036,0.024
938,0.0076694787,-0.09281229,-0.012,0.024
939,-0.012737274,0.03850916,0.012,0.012
940,-0.092211954,0.12134257,0.018,0.036
941,0.06603205,-0.024529593,0.018,0.036
942,-0.018010043,0.032864407,-0.006,0.036
943,-0.033403695,0.07383177,-0.006,0.06
944,0.05267831,-0.03659326,0.024,0.012
945,0.061091594,0.034445062,0.018,0.084
946,0.1115857,0.027871033,0.006,0.084
947,0.016885541,0.048990726,-0.006,0.096
948,0.08531752,0.048287895,0.018,0.084
949,0.022410288,0.04930693,0.018,0.036
950,-0.052544005,0.04215864,-0.006,0.072
951,0.08426635,0.034372784,0.036,0.012
952,0.047140867,-0.010684906,-0.006,0.072
953,0.06271356,0.047029264,0.03,0.06
954,0.031212159,0.03267862,0.018,0.072
955,0.034526363,0.009030264,0.03,0.048
956,-0.047723778,0.05491196,-0.006,0.048
957,0.054229967,0.032262497,-0.03,0.102
958,-0.026773736,0.193545,-0.006,0.072
959,-0.039031096,0.053870916,0.018,0.06
960,0.021374226,0.04811779,0.03,0.048
961,-0.045622863,0.088057086,-0.018,0.06
962,0.017855123,0.014870156,-0.006,0.072
963,0.04917354,0.097473666,0.012,0.012
964,0.03957928,0.052552834,-0.006,0.072
965,0.02976276,-0.031633623,0.012,0.024
966,-0.099564455,0.016326344,0.024,0.012
967,0.030774154,0.001443604,-0.006,0.036
968,0.09041822,-0.021356283,-0.03,0.102
969,-0.060774907,0.088325284,-0.018,0.06
970,0.032094292,0.013515323,-0.03,0.102
971,0.033052694,0.017234854,0.03,0.06
972,0.06503583,0.04110113,-0.018,0.036
973,0.03439128,0.03978996,-0.024,0.024
974,-0.06118361,0.058430824,0.018,0.084
975,-0.02294933,0.004152663,0.006,0.096
976,0.13108891,0.062046796,-0.006,0.06
977,-0.12363507,0.084690094,-0.018,0.09
978,0.053450547,0.057201542,0.006,0.096
979,0.10064219,0.059791155,0.0,0.024
980,-0.028642848,0.07421646,0.036,0.012
981,0.0054364726,0.062037062,-0.012,0.024
982,0.0009495467,0.083053336,0.018,0.036
983,-0.008421548,0.026769731,0.018,0.084
984,0.011737645,0.033846326,-0.03,0.102
985,-0.036751658,0.028507955,0.006,0.084
986,0.043916333,0.07938319,0.024,0.024
987,-0.04788041,0.044197664,-0.006,0.084
988,0.005713083,0.034798585,0.018,0.06
989,-0.06062953,0.008896496,-0.024,0.024
990,0.016736634,0.1146099,0.018,0.036
991,0.004938245,-0.018981272,-0.006,0.096
992,-0.020159408,0.12239582,-0.006,0.06
993,0.062228944,0.04693523,0.042,0.048
994,0.061830893,0.05155363,-0.018,0.036
995,-0.08547695,0.105619036,0.006,0.036
996,0.02965337,0.073171325,0.006,0.072
997,-0.1646967,0.06305064,-0.006,0.096
998,0.0635898,0.00568429,0.006,0.072
999,0.04633173,0.0035866331,0.018,0.072
1000,-0.06631805,0.015437143,0.024,0.012
1001,0.07361178,0.10117693,0.0,0.024
1002,0.07809807,0.08948727,-0.018,0.06
1003,0.059599046,-0.017097116,-0.03,0.102
1004,0.031123094,0.02718315,-0.018,0.036
1005,0.028377138,0.02935937,0.042,0.06
1006,0.08563636,0.038760513,0.042,0.06
1007,0.0534289,0.033622406,0.018,0.072
1008,0.08451104,0.06666761,-0.018,0.06
1009,0.019402355,0.06588202,0.0,0.012
1010,-0.06949044,0.058581345,0.042,0.048
1011,0.021236852,0.0531328,0.018,0.036
1012,0.12059936,0.080452174,0.024,0.024
1013,-0.0034497827,0.01394267,-0.006,0.096
1014,-0.021895722,0.08307479,0.012,0.012
1015,-0.17703818,0.123596996,0.006,0.048
1016,0.03489614,0.09920049,0.012,0.012
1017,-0.17458929,0.12420888,0.018,0.084
1018,-0.05051192,0.216966,0.03,0.036
1019,0.041525483,0.008298943,0.042,0.06
1020,-0.11409846,-0.007115338,-0.006,0.096
1021,0.055003762,-0.0042207595,0.024,0.012
1022,0.11121458,-0.005081339,-0.006,0.096
1023,-0.02513209,0.040675823,0.006,0.036
1024,0.038836498,-0.01799383,0.042,0.048
1025,0.056536958,0.06123151,0.006,0.084
1026,0.0026432425,0.072914936,0.018,0.06
1027,0.038035586,-0.0238777,0.018,0.084
1028,0.032060333,0.012901915,0.006,0.036
1029,0.042463105,0.002239,-0.006,0.036
1030,0.005552076,0.06783009,0.018,0.084
1031,0.09176592,-0.023840347,0.03,0.048
1032,0.05456286,0.038105678,0.024,0.012
1033,0.056449633,0.018513495,0.03,0.06
1034,0.084048584,-0.008413558,-0.018,0.036
1035,-0.068847805,-0.018767726,-0.006,0.036
1036,0.010225803,-0.006467011,0.018,0.084
1037,-0.043341763,0.082064286,-0.006,0.084
1038,0.12871298,0.06256441,0.024,0.024
1039,0.034777388,0.13472176,0.006,0.084
1040,0.18593504,-0.013796743,0.018,0.06
1041,0.063495316,0.06014684,0.018,0.072
1042,0.051977385,0.044686757,-0.024,0.024
1043,0.084455006,0.022363627,0.024,0.012
1044,-0.0063876137,0.06386402,0.03,0.048
1045,0.005389951,0.08595494,0.0,0.024
1046,0.012720212,0.02978895,0.006,0.096
1047,0.013823636,0.1168825,-0.006,0.048
1048,0.01835242,-0.0026306082,0.012,0.024
1049,-0.1244947,0.08395596,0.0,0.024
1050,0.09247185,0.02454651,-0.018,0.06
1051,-0.007570505,0.09510694,-0.006,0.096
1052,0.014635138,0.085274905,-0.018,0.102
1053,0.048112843,0.07865499,0.03,0.06
1054,0.06176038,-0.003464926,0.018,0.06
1055,0.07831386,-0.0050116554,-0.006,0.036
1056,-0.09861824,0.106220104,-0.018,0.102
1057,0.08233274,0.10049746,-0.018,0.072
1058,0.024316125,0.030714946,0.018,0.06
1059,0.00022856146,0.0857853,-0.018,0.102
1060,-0.010782421,0.112385415,0.0,0.024
1061,0.09546683,0.04485058,-0.024,0.024
1062,0.03879742,-0.003565047,0.012,0.012
1063,0.02059555,0.0206854,-0.018,0.06
1064,0.047344804,0.08236775,0.006,0.096
1065,0.048656605,-0.023631109,-0.018,0.048
1066,0.012219816,-0.0033461638,0.006,0.06
1067,-0.044991583,0.07605792,0.018,0.036
1068,0.017537147,0.07147561,0.0,0.024
1069,0.13410896,0.020190462,-0.006,0.096
1070,0.04221292,-0.009456731,-0.018,0.048
1071,-0.020149484,0.076773085,-0.024,0.024
1072,0.047535673,0.0383228,0.03,0.036
1073,0.027968537,-0.031282857,-0.006,0.048
1074,-0.024156757,0.041078433,0.018,0.084
1075,0.01236365,0.072757244,-0.006,0.084
1076,0.023252085,0.009355744,-0.018,0.102
1077,0.019492872,0.07000959,-0.006,0.072
1078,-0.02275914,0.03033915,0.036,0.012
1079,0.05721636,0.03083579,0.0,0.012
1080,0.07211429,0.058843184,-0.024,0.024
1081,0.07054368,0.018707642,-0.018,0.06
1082,0.025446303,-0.00029030256,0.024,0.012
1083,-0.008998811,0.10932888,-0.012,0.024
1084,0.14812776,0.045328133,-0.018,0.036
1085,-0.044685014,-0.004923584,-0.018,0.036
1086,-0.04196971,0.1040002,0.042,0.048
1087,0.03543262,-0.0014970191,0.012,0.012
1088,0.04049471,0.020298384,0.006,0.048
1089,-0.107256,0.11507878,-0.012,0.024
1090,-0.059211038,0.08012034,0.018,0.084
1091,-0.038521066,0.068539165,-0.018,0.09
1092,-0.064679846,0.042766456,-0.03,0.102
1093,-0.011653066,0.045035675,0.006,0.084
1094,-0.058127,0.18171379,0.006,0.084
1095,0.0052899867,0.008361971,0.024,0.012
1096,-0.028260358,0.052827187,0.0,0.024
1097,-0.040360056,0.035180364,0.018,0.036
1098,0.05639055,-0.026958516,-0.024,0.024
1099,0.065363765,0.041722238,0.03,0.036
1100,0.018594787,0.02919304,0.006,0.06
1101,0.04433702,-0.01870357,0.006,0.096
1102,0.029701993,0.047999337,0.012,0.012
1103,0.011231922,0.06495042,0.018,0.072
1104,0.035492852,0.010896336,-0.012,0.024
1105,-0.0041701198,0.039515823,0.036,0.024
1106,0.041327193,0.049023032,0.042,0.06
1107,-0.009069793,0.0052250307,0.024,0.012
1108,-0.008490071,0.047643684,-0.018,0.072
1109,0.0003196895,0.059693806,0.042,0.048
1110,0.0010547787,0.077787235,-0.006,0.036
1111,0.07844123,0.092957474,0.018,0.036
1112,0.034382332,0.057554435,-0.006,0.084
1113,-0.0022426248,0.045435667,-0.024,0.024
1114,0.04473298,0.055250432,-0.03,0.102
1115,0.060151067,0.009447269,0.018,0.036
1116,0.027895149,0.040288217,-0.006,0.096
1117,0.10931907,-0.0075477716,-0.018,0.06
1118,-0.044693917,0.029462906,0.006,0.096
1119,0.04630301,0.005575115,-0.018,0.036
1120,-0.00911577,0.18157719,0.018,0.084
1121,0.009075232,0.059194587,0.0,0.012
1122,-0.0007494986,0.046295226,0.03,0.06
1123,0.037749443,0.0520813,0.042,0.06
1124,-0.0011702776,0.058230437,0.0,0.012
1125,-0.010667667,0.028340751,0.006,0.072
1126,-0.0074329376,0.03769345,0.0,0.024
1127,-0.013196468,0.038472325,0.036,0.012
1128,0.018874906,0.08844003,-0.012,0.024
1129,-0.0347412,0.10870765,0.018,0.036
1130,0.057852045,0.074343316,0.042,0.06
1131,0.031519715,0.055178158,0.012,0.024
1132,0.039755534,0.03207268,0.0,0.024
1133,-0.058001094,0.084896855,-0.012,0.024
1134,-0.06707853,0.12157946,0.006,0.06
1135,-0.037940614,0.036300287,-0.018,0.036
1136,0.028897945,0.06388646,-0.018,0.09
1137,0.032443095,0.00848357,0.042,0.06
1138,-0.06743773,0.10768925,0.036,0.024
1139,0.03048784,0.075677834,-0.018,0.048
1140,0.07395408,-0.0035669366,-0.006,0.084
1141,0.040509854,0.053141527,0.042,0.048
1142,0.05113759,0.05477034,0.042,0.06
1143,0.019668669,0.056597568,0.012,0.024
1144,0.05184173,0.070533365,0.006,0.084
1145,-0.015098944,0.04369467,-0.006,0.06
1146,-0.04295923,0.16837323,0.03,0.036
1147,0.034551173,0.10048695,0.042,0.048
1148,0.046264783,0.052763905,-0.006,0.036
1149,0.021537088,0.0512069,0.006,0.096
1150,0.03551908,0.04753621,0.018,0.06
1151,0.016505904,0.066353135,0.018,0.06
1152,-0.008259855,0.0153552145,0.036,0.012
1153,-0.105072714,0.07803874,0.018,0.06
1154,0.062340394,-0.014180872,0.018,0.036
1155,0.010358363,0.0070288833,-0.018,0.06
1156,-0.027142972,0.10097855,0.006,0.096
1157,0.04341127,0.00096671283,-0.018,0.06
1158,-0.034338675,0.083494246,0.036,0.012
1159,-0.010984875,0.1681,-0.006,0.06
1160,0.013352402,0.056244127,0.006,0.06
1161,0.051474318,0.06855549,0.03,0.048
1162,0.08879337,0.01332492,-0.018,0.06
1163,3.606826e-05,0.0444367,-0.018,0.06
1164,0.0391381,0.026638322,0.012,0.024
1165,0.013997406,0.04536304,0.036,0.012
1166,0.04168362,0.00069447234,0.006,0.096
1167,-0.0050975457,0.10267565,-0.018,0.048
1168,-0.05110313,0.105365515,0.012,0.024
1169,0.08317355,-0.004739644,-0.006,0.036
1170,0.037938513,0.062621504,0.006,0.048
1171,0.0073494613,-0.0016402286,-0.018,0.048
1172,-0.0045561045,0.0731908,0.024,0.012
1173,0.00036603957,0.055096805,-0.018,0.036
1174,0.05525679,0.017229397,-0.006,0.048
1175,-0.024811693,0.005111713,0.03,0.048
1176,0.015867367,0.013731938,0.036,0.012
1177,0.015653536,0.049028464,-0.006,0.06
1178,0.06488165,0.056261078,0.03,0.048
1179,0.085361995,0.020410497,0.006,0.036
1180,0.1023067,0.024589699,-0.024,0.024
1181,0.006784573,0.0122666545,-0.006,0.072
1182,0.016409755,-0.0014041588,-0.006,0.048
1183,0.061543055,0.008428255,0.006,0.084
1184,0.027594514,0.064875476,0.006,0.072
1185,0.04454003,-0.02019873,-0.006,0.036
1186,0.05024743,-0.051879507,0.006,0.036
1187,0.012114607,0.033658475,-0.018,0.102
0,0.0843264,0.01433241,0.012,0.012
1,4.401058e-05,0.048412085,-0.012,0.024
2,0.045146216,0.09813035,0.006,0.096
3,0.027075235,0.14815052,-0.006,0.072
4,-0.100739814,0.06666211,-0.006,0.096
5,-0.040964417,0.13112554,0.036,0.012
6,0.10271722,0.030726383,0.018,0.072
7,-0.012404501,0.08387237,0.036,0.012
8,-0.026562892,0.015675673,0.006,0.048
9,0.033736132,0.025335887,-0.018,0.048
10,0.012001075,0.046677753,-0.03,0.102
11,-0.005186148,0.010830995,0.042,0.06
12,-0.0074899048,0.07288368,-0.006,0.06
13,0.0880788,-0.0070558824,0.012,0.024
14,-0.007748589,0.07256005,0.018,0.072
15,0.03612837,-0.055216044,0.018,0.036
16,0.005782366,0.015142707,0.018,0.084
17,0.008458406,0.101031244,0.03,0.048
18,-0.055731446,0.07481274,0.018,0.036
19,0.0054496154,0.05756191,-0.024,0.024
20,0.032013588,-0.0023316815,-0.03,0.102
21,0.049806938,0.014127443,0.042,0.06
22,0.07411839,0.046418447,0.006,0.048
23,-0.023469143,0.07587056,0.018,0.072
24,0.0108522475,0.04640726,-0.006,0.036
25,0.07060915,0.014955228,0.024,0.012
26,-0.034051657,0.04339768,0.03,0.036
27,-7.867068e-05,0.08404559,0.006,0.096
28,0.010182872,0.0482429,0.006,0.048
29,0.024235357,0.061977886,0.03,0.06
30,0.03618614,0.03139478,-0.006,0.072
31,0.052797273,0.07001223,0.042,0.06
32,0.06270704,0.07962112,0.042,0.048
33,-0.07259268,0.14473036,0.018,0.084
34,-0.0025102273,0.069004886,0.0,0.024
35,0.07521615,0.040305667,0.0,0.024
36,0.021300018,0.060750633,-0.018,0.036
37,0.060016453,-0.0016084695,0.0,0.012
38,-0.010758124,0.08467194,0.03,0.036
39,-0.039812155,0.004753858,0.03,0.036
40,-0.038600296,0.050351392,0.036,0.012
41,-0.08620752,0.0553735,0.03,0.048
42,0.07506077,0.07847465,0.024,0.024
43,0.055600725,0.0015336778,0.006,0.06
44,0.016821213,0.07500645,0.006,0.06
45,0.06961667,0.0035777213,-0.03,0.102
46,-0.01998128,0.042849053,0.006,0.06
47,0.0066040754,0.07090197,0.006,0.096
48,-0.01285217,0.057899304,-0.006,0.096
49,0.05304342,0.07195714,0.024,0.024
50,0.028474074,0.053181447,0.012,0.024
51,-0.026543863,0.00062338077,0.03,0.048
52,-0.03723882,0.07141269,0.036,0.024
53,-0.00784836,0.048360072,0.03,0.036
54,-0.049683057,0.06266862,-0.006,0.072
55,-0.05974985,2.078712e-06,-0.006,0.06
56,-0.041299522,0.01201205,0.012,0.024
57,0.10096741,0.0103083225,-0.006,0.06
58,0.032100372,0.025422987,0.042,0.06
59,0.053574458,0.0031333072,-0.018,0.072
60,0.043819543,0.07286685,-0.018,0.036
61,-0.038403586,0.067704245,0.0,0.012
62,0.0804236,-0.014095683,0.03,0.036
63,0.03237213,0.05624212,-0.018,0.09
64,0.005895786,0.06493035,0.042,0.06
65,0.024661101,0.008978087,-0.006,0.096
66,0.022033256,0.08629662,0.018,0.036
67,0.038001135,0.03978655,0.042,0.048
68,0.010637559,0.0640899,-0.006,0.096
69,0.068568885,0.0014233636,0.012,0.012
70,0.011451177,0.035849735,-0.006,0.096
71,-0.0049987286,0.06726292,-0.006,0.084
72,-0.081825204,0.03533834,0.006,0.06
73,-0.039612956,-0.025585514,0.042,0.06
74,0.1038891,0.11704459,0.006,0.048
75,0.089417756,0.07543364,-0.018,0.072
76,0.032270458,0.10536532,-0.018,0.036
77,0.030060451,-0.010458053,0.006,0.084
78,0.0028477684,0.05852986,-0.018,0.048
79,0.11180785,0.03203368,0.0,0.024
80,0.0045046955,0.033773977,0.006,0.084
81,-0.008545168,-0.006039053,-0.006,0.072
82,0.04940702,0.0013967324,-0.018,0.036
83,-0.012021057,0.030962344,-0.006,0.06
84,0.0021072105,0.029141974,0.018,0.036
85,0.024209283,0.0061414093,0.042,0.048
86,0.079748586,0.09476545,0.024,0.024
87,0.007931553,0.023245495,0.012,0.012
88,0.03979613,0.047937956,0.03,0.048
89,0.021806076,0.010460131,-0.018,0.072
90,0.017340273,0.06751357,0.03,0.06
91,0.030240554,0.049516395,0.006,0.072
92,0.032816835,0.13719818,0.036,0.012
93,-0.0029959753,0.061508942,0.018,0.036
94,0.012806617,0.039169434,0.042,0.048
95,-0.043417856,0.020697378,0.006,0.096
96,0.064274475,0.024794202,0.036,0.012
97,0.039216414,0.041848183,0.036,0.024
98,0.031161882,0.07236779,-0.018,0.09
99,0.0063763186,-0.02217568,0.03,0.06
100,-0.06671675,0.073228754,0.006,0.048
101,0.059056953,0.021463297,0.042,0.06
102,0.08710708,0.02941893,0.03,0.036
103,0.0029226765,0.07134203,-0.006,0.084
104,-0.051151842,0.13364506,-0.024,0.024
105,0.036889315,0.030439932,0.006,0.072
106,0.005699165,0.057671584,0.018,0.036
107,0.021253273,0.05741603,0.012,0.024
108,-0.0596402,0.078344546,-0.018,0.06
109,0.067226075,-0.017726343,-0.006,0.048
110,-0.01849208,0.04778991,0.036,0.012
111,0.06064896,0.00835898,-0.006,0.048
112,0.022300009,0.015957732,-0.006,0.048
113,-0.008072205,0.03398891,0.012,0.024
114,-0.018471383,0.022734355,0.042,0.06
115,0.09108626,0.0109597035,-0.006,0.036
116,0.018152267,0.06182273,0.024,0.024
117,-0.0029153302,0.036461987,-0.03,0.102
118,-0.022424728,0.022599969,-0.018,0.072
119,-0.010434531,0.03337725,0.036,0.024
120,0.029050805,0.009521176,0.042,0.048
121,0.021358587,0.020988585,0.018,0.084
122,-0.069635086,0.15427506,0.018,0.084
123,0.040787563,0.011724448,-0.006,0.036
124,0.021627743,0.014323583,0.018,0.072
125,-0.06200462,0.0348429,-0.006,0.084
126,0.0072932467,0.04664254,0.018,0.084
127,0.0116038695,0.055424586,0.012,0.012
128,0.05662776,0.018619481,-0.006,0.084
129,0.040039107,0.013383501,0.03,0.036
130,0.02333922,0.017647088,-0.018,0.048
131,-0.044333927,0.042665638,0.024,0.012
132,0.03655067,0.029534869,-0.03,0.102
133,0.0690327,-0.0036968635,-0.018,0.102
134,-0.0517288,0.106863156,0.006,0.048
135,0.008128099,-0.011758089,0.006,0.084
136,0.0054442957,-0.035403833,0.03,0.036
137,0.029428016,0.03133387,0.018,0.084
138,-0.06953686,-0.11627783,0.024,0.024
139,0.022174187,0.017658763,-0.006,0.036
140,0.033935394,0.0032097837,0.042,0.048
141,0.030603342,0.042078003,0.006,0.072
142,0.037995704,0.063284114,0.0,0.012
143,0.021863606,0.031091817,0.018,0.072
144,0.030757137,0.09527828,-0.012,0.024
145,-0.047822468,0.090334795,0.018,0.06
146,-0.059940934,-0.0100370655,0.006,0.048
147,-0.019794099,0.13214274,0.0,0.012
148,0.0030096248,0.059498426,0.036,0.012
149,0.053910304,0.06799545,-0.006,0.06
150,0.0041905493,0.017415525,-0.006,0.048
151,0.017304305,0.02215195,0.006,0.072
152,-0.021146998,0.108328566,0.018,0.06
153,-0.048795477,0.021914493,0.03,0.048
154,0.04512775,0.06465671,0.006,0.072
155,0.04867909,0.039983027,-0.006,0.084
156,0.008308843,0.048881464,0.024,0.024
157,0.0062463805,-0.015196,0.006,0.072
158,0.0077313036,0.020629458,-0.03,0.102
159,0.10440397,0.04730611,0.03,0.048
160,0.0058224574,0.033521216,-0.006,0.048
161,0.0331846,0.06077447,-0.024,0.024
162,0.014085554,0.08148917,0.006,0.084
163,0.0127928555,0.11571467,0.012,0.012
164,5.596131e-05,0.027614929,-0.006,0.096
165,0.0500488,0.07825436,-0.006,0.072
166,0.0167364,0.15166554,-0.006,0.084
167,0.05513142,0.01678005,0.036,0.012
168,0.0023565218,0.029810272,0.006,0.036
169,0.050412167,0.02271254,-0.018,0.09
170,-0.06692511,0.08869088,-0.018,0.06
171,0.00082241,0.11571623,0.006,0.036
172,0.05552145,-0.018639682,0.03,0.036
173,0.065974124,0.0045906743,0.024,0.012
174,0.017869469,0.049277306,0.0,0.012
175,-0.04025437,0.035102516,-0.018,0.09
176,0.038041018,0.012230489,-0.006,0.084
177,0.035476517,0.053669892,0.024,0.012
178,-0.012096234,0.1015174,0.012,0.012
179,0.1518108,0.050515223,0.024,0.024
180,-0.039352454,0.033745132,0.006,0.096
181,0.05251053,0.059781924,-0.006,0.084
182,-0.016899675,0.06431149,-0.018,0.102
183,0.029364858,0.05359404,-0.006,0.036
184,-0.056646153,0.041987084,-0.024,0.024
185,-0.009053446,0.06382479,-0.018,0.048
186,0.045908596,0.04119797,-0.018,0.06
187,-0.08772733,0.12038089,0.006,0.036
188,0.029804237,0.04595745,-0.018,0.09
189,0.015573278,0.027091002,-0.012,0.024
190,0.06721199,0.066311575,0.006,0.072
191,-0.14946836,0.06608591,0.0,0.024
192,0.04534658,0.04810783,-0.006,0.06
193,-0.0063036233,0.023045853,-0.024,0.024
194,0.022307046,0.036347065,-0.024,0.024
195,-0.0244677,0.08824088,-0.006,0.048
196,0.0012959614,0.06203464,-0.006,0.084
197,-0.06712877,0.07377202,-0.024,0.024
198,-0.018828139,0.0649555,-0.018,0.048
199,-0.024138056,0.015252606,0.006,0.06
200,0.025444493,0.03642598,0.0,0.012
201,0.006941922,0.028363647,0.018,0.036
202,0.10751608,0.05310926,0.03,0.036
203,-0.013018116,0.0644427,0.018,0.072
204,0.023902945,0.014801352,0.012,0.012
205,-0.0033738539,0.052892517,0.036,0.024
206,-0.016047224,0.046230014,-0.03,0.102
207,-0.05874756,-0.005217004,0.024,0.012
208,-0.019340605,0.079963535,-0.006,0.084
209,0.07537859,0.018672891,0.036,0.012
210,0.052998375,0.02791978,0.006,0.096
211,0.08552699,0.020569902,0.006,0.048
212,0.007344924,0.033982586,-0.018,0.048
213,0.06912558,0.008421538,0.024,0.024
214,0.038218968,0.009145685,-0.006,0.048
215,-0.005432591,0.03196604,0.006,0.084
216,0.019488774,0.07893811,-0.018,0.06
217,0.05827555,0.030712243,-0.018,0.048
218,0.0156010315,0.078306116,0.006,0.036
219,0.21612501,0.043480814,-0.012,0.024
220,0.0926071,0.019954842,-0.006,0.084
221,-0.03173486,0.026236285,-0.018,0.036
222,0.043631118,0.019301334,-0.018,0.036
223,0.026530363,-0.0053145397,0.036,0.012
224,0.020458601,0.01688434,-0.018,0.072
225,0.06012573,0.07458746,-0.018,0.06
226,0.01751491,0.057213068,-0.012,0.024
227,0.005878143,0.09392454,0.018,0.072
228,0.03491052,0.03247555,-0.006,0.06
229,0.01777516,0.035379823,0.03,0.048
230,0.0072140843,0.029197598,0.0,0.012
231,-0.015628524,0.0557148,0.006,0.048
232,0.0065849796,0.045744076,-0.018,0.036
233,-0.020627365,0.034720372,0.018,0.06
234,0.03716235,0.015249605,0.006,0.036
235,-0.023006313,0.10369591,-0.006,0.06
236,0.1260067,0.10107195,0.012,0.024
237,0.024518028,0.03511667,0.012,0.024
238,0.052399047,0.020347007,-0.012,0.024
239,0.06990241,-0.004939579,0.036,0.012
240,0.01842897,0.06623066,-0.018,0.072
241,0.06648301,0.026647907,0.0,0.024
242,0.038610507,0.043526802,0.018,0.084
243,-0.027910374,0.01926355,-0.018,0.072
244,-0.0053676665,0.042539313,0.03,0.048
245,0.041623875,-0.006732185,0.024,0.012
246,-0.030431062,0.045625947,0.03,0.036
247,0.036581922,-0.0038501145,0.042,0.048
248,0.017395787,0.042107202,-0.024,0.024
249,0.061139986,0.0029570675,0.0,0.024
250,0.041306023,0.03115978,-0.018,0.09
251,0.023315076,0.04592173,0.018,0.036
252,0.04162355,0.01674702,0.018,0.072
253,-0.020366974,0.063076995,-0.006,0.072
254,0.044391718,0.038816184,0.012,0.012
255,0.067843914,0.05309057,-0.012,0.024
256,-0.007529646,0.09610963,0.006,0.096
257,0.016375806,-0.0063750185,-0.018,0.06
258,-0.042782664,0.04548411,-0.018,0.09
259,0.16827478,0.09933984,0.036,0.024
260,-0.026747778,0.08468265,0.024,0.024
261,0.041461527,0.046843983,0.036,0.024
262,0.029629484,0.066360235,-0.018,0.102
263,-0.0060361624,0.061579674,-0.006,0.084
264,0.030148651,-0.005984461,0.042,0.048
265,0.037374474,0.031357117,-0.018,0.06
266,0.0162826,0.013369337,0.03,0.048
267,0.07739726,0.11718077,0.03,0.06
268,0.0019944757,0.038077183,-0.018,0.072
269,-0.0059758425,0.03877837,0.012,0.024
270,0.0042860657,0.077495016,0.03,0.036
271,0.029584244,0.07685854,0.018,0.072
272,-0.032553583,0.12407592,-0.006,0.06
273,0.017190501,0.096299484,-0.018,0.072
274,0.045761555,0.106058955,-0.018,0.048
275,-0.014960028,0.042453315,-0.018,0.048
276,-0.067819506,0.06542994,-0.018,0.06
277,-0.022598423,0.019885328,-0.018,0.036
278,0.07488963,-0.006355984,-0.006,0.072
279,0.051914964,0.013755259,0.036,0.012
280,0.070524156,-0.0035471758,0.012,0.024
281,0.04197723,0.025694273,0.012,0.024
282,-0.008320138,0.042938955,0.03,0.048
283,0.008627526,0.04375022,0.006,0.036
284,0.028278567,0.052606948,-0.006,0.096
285,0.034600627,0.044319794,-0.006,0.072
286,0.02437098,0.016882926,0.006,0.096
287,0.045764104,0.02288757,-0.018,0.09
288,0.063422054,0.020090504,-0.006,0.06
289,0.050813228,0.060980503,0.018,0.06
290,0.104693845,0.06352904,-0.006,0.072
291,-0.006436147,0.015117042,-0.018,0.036
292,0.0054263696,0.027957866,0.006,0.036
293,-0.016379282,0.04259602,-0.024,0.024
294,-0.0010284483,0.02244575,0.012,0.012
295,0.036495242,-0.011966638,-0.03,0.102
296,0.014688496,0.07738922,0.018,0.072
297,0.012687869,0.08088303,0.03,0.06
298,0.0045346767,0.037863728,0.006,0.072
299,-0.039461583,0.037097055,0.024,0.012
300,-0.027168274,0.06697573,-0.018,0.036
301,0.064419754,0.021336703,-0.018,0.09
302,-0.00049943477,0.037833333,-0.006,0.072
303,0.055585373,0.029272027,0.0,0.012
304,0.022987437,0.033017125,0.024,0.012
305,-0.014296651,0.056363896,0.006,0.048
306,-0.09481639,0.10060024,0.012,0.012
307,-0.051212586,-0.012470862,0.03,0.036
308,-0.0033914894,0.04451406,0.006,0.084
309,0.06952978,0.0045296773,-0.006,0.048
310,-0.076312274,0.07210687,-0.03,0.102
311,0.006163992,0.06748706,0.006,0.096
312,-0.017210782,0.0053929742,-0.006,0.084
313,0.02538247,0.007888744,0.024,0.024
314,-0.02075579,0.0518304,0.03,0.06
315,0.026600126,0.048766755,0.024,0.024
316,0.02449901,0.1032712,0.006,0.036
317,-0.030109279,0.11965761,0.042,0.06
318,-0.021869868,0.06505599,0.03,0.06
319,0.037399594,0.03631403,-0.03,0.102
320,-0.006807901,0.040874783,0.03,0.036
321,-0.0139931515,0.053524073,-0.018,0.102
322,0.0091836825,0.04498589,0.03,0.048
323,-0.008908704,0.059764046,-0.018,0.048
324,0.072689466,0.0026784325,-0.018,0.048
325,-0.04134631,0.05616106,0.006,0.036
326,-0.039258145,0.10194384,0.006,0.096
327,0.06717294,-0.014218656,-0.006,0.084
328,0.03524678,0.074191116,-0.006,0.072
329,0.0661321,0.05351078,-0.006,0.06
330,-0.023642316,0.09304567,0.012,0.012
331,0.0007068664,0.026644103,0.018,0.072
332,-0.057424895,0.0650066,0.03,0.048
333,0.0016919822,0.044971153,0.006,0.036
334,-0.027256832,0.0884511,-0.006,0.084
335,-0.011219904,0.067138046,-0.024,0.024
336,0.02333846,0.042862628,0.006,0.036
337,0.0028612018,0.040350575,0.018,0.06
338,-0.043121755,0.13771044,0.024,0.012
339,0.019368336,0.032037083,-0.024,0.024
340,-0.0528633,0.057504315,-0.006,0.036
341,-0.009570435,0.04413963,0.006,0.072
342,-0.022821106,0.1328217,-0.006,0.036
343,0.063105434,0.10399443,0.006,0.036
344,0.032513544,0.050615046,-0.006,0.096
345,0.0054586157,0.07642918,0.0,0.012
346,0.037621863,0.10398739,0.0,0.012
347,0.107967034,0.04573095,0.006,0.072
348,-0.008117922,0.09005817,0.0,0.012
349,-0.057397977,0.12271623,-0.018,0.036
350,0.0020316914,0.067004114,-0.018,0.06
351,0.055478524,0.067536734,0.006,0.06
352,0.08191079,0.03184399,-0.006,0.096
353,0.010591581,0.0283626,0.006,0.072
354,-0.044822134,0.0151127465,0.012,0.024
355,0.04347133,-4.291348e-05,-0.018,0.102
356,-0.044562608,0.09489181,0.036,0.024
357,0.023593549,0.031085232,-0.006,0.048
358,0.02240675,0.040132914,0.018,0.06
359,0.010892764,0.082801506,-0.03,0.102
360,-0.006604597,0.059303,0.006,0.096
361,0.010879487,0.107675225,0.006,0.06
362,0.0009019226,0.026827954,0.018,0.06
363,-0.014553323,0.06315512,0.006,0.084
364,-0.06128469,0.10531839,0.0,0.012
365,-0.012127906,0.030760033,-0.006,0.048
366,-0.018789038,0.08127264,0.03,0.036
367,0.0091973655,0.036785595,-0.006,0.096
368,0.044761434,-0.009125261,-0.006,0.048
369,0.004351057,0.02419316,-0.006,0.036
370,0.021662377,0.057596296,0.03,0.036
371,0.025345031,0.012234124,-0.024,0.024
372,-0.045667574,0.02402788,-0.006,0.096
373,0.019195087,0.03829673,-0.018,0.102
374,0.04443291,0.014826084,-0.03,0.102
375,0.12025264,0.12581815,0.018,0.084
376,-0.055447735,0.040637206,-0.018,0.048
377,-0.00075626373,0.060403246,0.012,0.024
378,0.059241984,0.03903261,0.006,0.072
379,0.04896227,0.051402,0.0,0.024
380,0.06730606,0.13584492,-0.006,0.036
381,0.018175036,0.051976286,0.03,0.06
382,0.01413003,0.0063592354,0.006,0.084
383,0.078713015,0.01651823,0.036,0.012
384,0.018843658,-0.01022581,-0.018,0.036
385,0.0588732,0.015618403,-0.024,0.024
386,0.05428237,0.03798985,0.012,0.024
387,0.012409516,0.045196127,0.012,0.012
388,-0.056419164,0.15318681,-0.006,0.06
389,-0.0037589222,0.068000674,0.024,0.012
390,-0.0065878257,0.047758386,0.024,0.024
391,0.010076158,0.067278944,0.006,0.06
392,-0.06052436,0.084557205,0.006,0.072
393,0.02484275,0.061700724,-0.006,0.084
394,0.05312295,0.0023838351,0.012,0.024
395,0.060144752,0.025494125,-0.006,0.084
396,-0.013164163,0.08744093,0.018,0.084
397,0.020038791,0.03448244,0.024,0.024
398,0.040603276,0.042862434,0.042,0.048
399,0.022087205,0.035672247,-0.006,0.036
400,0.053523384,0.02328232,-0.018,0.036
401,0.039488807,0.025212966,0.018,0.072
402,0.07701081,-0.000289466,0.006,0.072
403,0.015842918,0.03481614,-0.018,0.06
404,-0.05203791,0.08618909,0.042,0.048
405,0.021743566,0.014508393,0.012,0.024
406,0.05648358,0.0052683745,-0.018,0.048
407,-0.068366304,0.11005946,0.018,0.06
408,0.015192617,0.046747938,-0.018,0.06
409,0.034451295,0.078862734,-0.018,0.036
410,-0.10501151,0.035627883,0.03,0.06
411,-0.0016217753,0.02902247,-0.018,0.09
412,-0.036515266,0.06487823,0.018,0.036
413,0.037877154,0.05411308,-0.006,0.096
414,0.008419551,0.031894043,0.024,0.024
415,0.017158553,0.11737521,-0.018,0.036
416,0.04992103,0.049386322,0.042,0.06
417,-0.03727389,0.054194618,-0.03,0.102
418,0.063106954,0.01254334,0.006,0.096
419,0.005938284,0.035051383,-0.018,0.06
420,0.019621484,0.034061845,-0.006,0.072
421,0.018519789,0.007560278,0.006,0.036
422,0.05790638,0.023329988,0.03,0.048
423,0.014742184,0.028429622,-0.006,0.036
424,0.0018708333,0.055659525,-0.018,0.048
425,0.035409946,0.029710472,-0.006,0.036
426,-0.027847111,0.040519718,0.018,0.036
427,0.00084270537,0.064706355,0.0,0.024
428,-0.0022492856,0.043231986,-0.006,0.048
429,0.013596721,0.09328002,-0.012,0.024
430,0.03245209,0.038446203,-0.018,0.048
431,0.07215421,0.051674277,0.012,0.012
432,0.0013206303,0.09337124,-0.006,0.06
433,-0.032431528,0.07631121,0.018,0.072
434,0.058253728,0.041623067,0.042,0.06
435,0.004933886,0.04664115,0.006,0.048
436,0.03640623,0.026145905,-0.018,0.048
437,-0.010543197,0.022033466,-0.018,0.09
438,0.048877683,0.03641119,0.042,0.06
439,0.08564457,0.066167474,-0.024,0.024
440,0.121416405,0.034401078,-0.018,0.036
441,0.04422354,0.023854243,0.006,0.084
442,0.005286567,0.05281175,-0.018,0.06
443,0.061741147,0.113848284,-0.006,0.084
444,-0.065596744,0.048128415,-0.006,0.048
445,0.0481402,0.017644422,0.018,0.084
446,0.01881684,0.019362997,-0.006,0.096
447,-0.058351748,0.13895126,-0.006,0.072
448,0.018940896,0.05209442,-0.006,0.036
449,0.028169699,-0.0029545592,0.03,0.036
450,0.026884131,0.01945364,0.024,0.012
451,0.03527461,0.027250849,0.012,0.012
452,0.01829997,0.04200189,-0.018,0.036
453,0.06873834,0.0180024,-0.006,0.036
454,-0.0020174459,0.03616503,-0.018,0.06
455,0.043243594,-0.011864937,0.0,0.024
456,0.026269186,0.045141313,-0.006,0.036
457,0.027488146,0.04323189,-0.018,0.048
458,0.031573217,0.028033683,0.006,0.096
459,-0.0008293316,0.040162675,0.03,0.06
460,0.013517596,0.02219523,0.018,0.06
461,0.058834214,0.0028216229,0.03,0.048
462,0.030672036,0.034718726,-0.006,0.096
463,-0.05368585,0.10624695,0.036,0.012
464,0.041112907,0.025880672,0.018,0.06
465,0.0090109,0.052072924,0.018,0.084
466,0.07185443,0.032950103,-0.018,0.036
467,0.054726098,0.06512429,0.024,0.024
468,0.025862835,0.048054125,0.03,0.06
469,0.033019114,0.043205798,-0.006,0.048
470,0.011771463,0.0018131668,0.042,0.048
471,0.024291195,0.003157922,0.006,0.06
472,-0.00060554594,0.034432683,0.012,0.024
473,0.034753583,0.045184933,-0.018,0.036
474,0.01819719,0.058113974,0.0,0.012
475,0.005017422,0.022351148,0.018,0.072
476,-0.02361603,0.047349043,0.03,0.036
477,-0.021350853,0.057268664,0.036,0.012
478,0.009983163,0.041759834,0.006,0.072
479,-0.015391573,0.033243626,-0.006,0.084
480,0.03869047,0.032864567,0.006,0.036
481,0.057126552,-0.007267159,-0.018,0.072
482,0.043099158,-0.00011016184,0.018,0.036
483,0.02431155,0.039036542,-0.006,0.06
484,0.021686595,0.044975765,-0.006,0.072
485,-0.075166084,0.066300265,-0.018,0.072
486,0.02998697,0.018356526,0.018,0.06
487,0.011969201,0.062419802,-0.018,0.036
488,-0.013912864,0.08581133,-0.018,0.06
489,0.020389732,0.036295105,0.03,0.06
490,-0.01139228,0.08014466,0.006,0.06
491,0.022241209,0.024982102,-0.03,0.102
492,0.028405018,-0.0022389921,0.0,0.024
493,0.00901448,-0.021788884,0.006,0.036
494,-0.010297202,0.03550776,0.006,0.036
495,0.02138719,0.017726382,0.006,0.048
496,0.03413122,0.009992834,0.018,0.06
497,0.0034779012,0.100359514,0.03,0.036
498,0.0006959215,0.020018114,0.018,0.084
499,0.0013350323,0.06045864,0.036,0.024
500,-0.033660218,0.06984526,0.006,0.084
501,0.018533774,0.06237585,0.006,0.048
502,-0.013456754,0.061687194,-0.03,0.102
503,0.002575405,0.056744426,0.03,0.06
504,0.0187447,0.0776699,0.006,0.084
505,-0.018016838,0.11807439,-0.006,0.096
506,0.045964986,0.03238345,0.006,0.096
507,0.024844531,0.05775922,-0.018,0.072
508,0.07561259,0.011611279,0.0,0.012
509,-0.015268363,0.024167564,-0.018,0.072
510,0.054697536,0.02944064,0.006,0.06
511,0.1120033,0.14438424,-0.006,0.06
512,0.0994059,0.092565864,-0.018,0.102
513,-0.06844017,0.07979312,0.03,0.036
514,-0.007842243,0.051923957,0.03,0.06
515,-0.005211018,0.05066178,-0.006,0.096
516,0.052242324,0.045018833,0.012,0.012
517,-0.011128068,0.03182699,0.03,0.036
518,0.04373209,0.049264405,0.006,0.084
519,0.047474913,0.048769653,0.0,0.012
520,0.017793551,0.06506749,-0.018,0.036
521,0.011741035,0.04591053,-0.018,0.102
522,-0.025481038,0.053855658,-0.006,0.036
523,-0.0030757487,0.051764157,-0.03,0.102
524,-0.024569616,0.05916571,-0.012,0.024
525,0.013296209,0.08820811,0.006,0.096
526,-0.005119957,0.04949339,-0.018,0.072
527,-0.002654031,0.048011962,-0.012,0.024
528,0.06286682,0.061594494,-0.006,0.096
529,0.015274726,0.052479386,0.006,0.072
530,-0.029721074,0.06769594,-0.018,0.072
531,0.029907595,0.023469381,-0.03,0.102
532,-0.011565916,0.050231174,0.042,0.06
533,-0.044580556,0.01997719,-0.006,0.048
534,0.018389467,0.03986362,-0.018,0.09
535,1.5556812e-05,0.07508667,0.03,0.036
536,0.039419457,0.025570674,0.0,0.024
537,0.011503339,0.04552735,-0.006,0.084
538,-0.014272392,0.033800762,-0.006,0.072
539,-0.00010000914,0.06648693,-0.018,0.102
540,0.013684101,0.028857801,0.042,0.048
541,0.0008924976,0.082204305,-0.03,0.102
542,0.036259793,0.032106366,0.03,0.06
543,0.013431255,0.0261615,0.018,0.084
544,-0.0031194985,0.03805133,-0.006,0.06
545,0.0452955,0.052750055,0.006,0.096
546,0.03304801,0.026867945,-0.024,0.024
547,-0.039093524,0.07354176,-0.006,0.096
548,0.021823063,0.024666853,0.006,0.048
549,0.006338425,0.03738122,-0.018,0.09
550,0.0085672885,0.07257326,0.03,0.048
551,0.020368457,0.01312646,0.006,0.084
552,-0.044666164,0.079498716,0.018,0.06
553,-0.055426247,0.11182211,0.018,0.072
554,0.032385424,0.023084434,0.006,0.084
555,0.0038698763,0.08251903,0.006,0.072
556,0.091670126,0.03244426,0.036,0.012
557,0.015582338,0.052290592,-0.018,0.036
558,0.0041522533,0.054194897,0.036,0.012
559,-0.024657615,0.07900734,-0.006,0.06
560,0.038870983,0.01504844,0.0,0.012
561,0.034226116,0.07820865,0.0,0.012
562,0.039337147,0.045981225,0.006,0.084
563,0.009296808,0.017389866,-0.006,0.096
564,0.023292284,0.028946303,0.006,0.084
565,0.02149821,0.05385617,0.042,0.06
566,-0.07391096,0.063760325,-0.018,0.036
567,-0.0064510256,0.05872574,0.006,0.048
568,-0.057062984,0.05467237,0.042,0.06
569,0.05071382,0.006261048,0.006,0.072
570,-0.02113454,0.002796939,0.006,0.084
571,0.028097216,0.042792764,-0.006,0.096
572,0.038692243,0.014576051,-0.018,0.102
573,0.050341308,0.0005488462,0.03,0.036
574,-0.058441468,0.058275603,0.012,0.024
575,0.002499111,0.0058495533,0.042,0.06
576,-0.035027273,0.07944012,-0.018,0.09
577,-0.04969243,0.066526644,0.024,0.012
578,-0.026732713,0.06719884,-0.006,0.048
579,0.03022416,0.090168744,0.012,0.012
580,0.046419587,0.06931229,-0.018,0.048
581,-0.047456607,0.086247526,0.0,0.012
582,-0.00592009,-0.009818275,-0.018,0.072
583,-0.045709647,0.013971647,0.012,0.024
584,0.01599028,0.0134953465,0.006,0.06
585,-0.016007118,0.051250994,0.03,0.06
586,0.0006053522,0.10488837,0.024,0.012
587,0.02801102,0.037010364,0.006,0.048
588,0.038528103,0.027898632,-0.012,0.024
589,0.009011857,0.06496782,-0.006,0.048
590,0.02547995,0.03824112,-0.012,0.024
591,0.07327171,0.06277834,-0.018,0.048
592,0.03707094,0.030923543,-0.018,0.036
593,-0.028816812,0.12784837,0.006,0.036
594,0.008524768,0.066639066,0.036,0.024
595,0.038656622,0.07277493,0.036,0.024
596,0.048328504,0.029917212,-0.018,0.072
597,-0.016950361,0.050542552,0.006,0.096
598,0.030916993,0.05967218,0.03,0.06
599,0.005931087,0.067964025,0.0,0.024
600,-0.0018849,0.058005016,0.0,0.024
601,-0.05990164,0.037603933,0.006,0.084
602,0.054465275,0.0068973647,-0.018,0.06
603,-0.031151272,0.032817386,0.036,0.012
604,-0.012634516,0.017938007,-0.018,0.09
605,0.05436234,0.084194645,0.006,0.072
606,0.011466548,0.028386885,0.006,0.084
607,0.028744105,0.05788845,0.018,0.072
608,0.008746777,0.04673959,0.012,0.012
609,0.06498268,0.0020653354,-0.006,0.084
610,0.013207085,0.031238222,-0.012,0.024
611,-0.020828642,0.07798422,0.0,0.012
612,0.057187743,0.040946025,0.006,0.036
613,0.032658666,0.03261874,-0.012,0.024
614,0.022234663,0.04909752,0.042,0.06
615,0.011123974,0.04812026,-0.018,0.072
616,0.02821618,0.025540542,0.006,0.096
617,0.111119,0.044048894,0.0,0.024
618,0.0028501526,0.005777792,0.03,0.048
619,0.04741332,0.050540585,-0.018,0.102
620,0.02216347,0.04353307,-0.006,0.072
621,0.0040514395,0.07735674,0.018,0.072
622,0.008595075,0.02340194,-0.018,0.072
623,0.0037562214,0.05184126,-0.012,0.024
624,-0.009760931,0.04171955,0.03,0.06
625,0.04134468,0.11183352,0.018,0.036
626,-0.023939647,0.15811253,-0.018,0.102
627,0.07324453,0.023114245,-0.006,0.096
628,0.045494884,0.04087749,-0.018,0.09
629,-0.07547803,0.08300664,0.042,0.06
630,-0.023079962,0.062140353,0.012,0.012
631,-0.012243852,0.034977615,0.006,0.072
632,0.007640049,0.023583312,-0.03,0.102
633,0.06307742,0.06598303,-0.018,0.072
634,0.040225502,0.0077014603,0.012,0.024
635,0.006139219,0.07849132,-0.018,0.102
636,-0.074500985,0.08922422,-0.012,0.024
637,0.020850774,0.046318583,-0.006,0.096
638,0.021412898,0.045885973,-0.018,0.048
639,0.021857765,0.05528761,0.012,0.012
640,0.020809881,0.03541459,-0.012,0.024
641,0.05853972,0.02446278,-0.012,0.024
642,0.009804022,0.05590128,-0.018,0.036
643,0.07900917,-0.030259304,-0.018,0.036
644,0.028842308,0.03547204,-0.006,0.096
645,-0.036790863,0.032279704,-0.018,0.048
646,0.0332956,0.041934036,0.018,0.036
647,0.0012783483,0.0590177,-0.006,0.06
648,0.06025696,0.010389296,0.024,0.012
649,0.04575982,0.10708807,0.012,0.012
650,-0.11477741,0.030859787,-0.006,0.048
651,-0.00927563,0.05785174,0.042,0.06
652,-0.0010294318,-0.03925753,0.006,0.072
653,-0.013268068,0.12641929,0.012,0.012
654,0.06408469,0.042718887,-0.006,0.06
655,0.004555762,0.043369047,0.006,0.048
656,0.046444155,0.06760998,0.03,0.06
657,-0.043978386,0.055010844,0.018,0.072
658,-0.0047976226,0.06414313,0.036,0.012
659,0.037119552,0.0638961,0.0,0.024
660,0.03693585,-0.0074993577,-0.006,0.06
661,-0.013790175,0.05711506,0.006,0.084
662,0.046979643,0.010426065,-0.018,0.06
663,-0.01592587,0.024178239,-0.018,0.102
664,0.012329698,0.07494617,-0.006,0.072
665,0.026825227,0.018862942,-0.018,0.048
666,-0.011166483,0.026011348,0.018,0.084
667,0.011338845,0.013689439,0.006,0.072
668,0.05622784,0.021768427,-0.018,0.09
669,0.0026007965,0.08441126,0.0,0.012
670,-0.048098452,0.095657304,0.012,0.024
671,-0.0021742955,0.08749598,0.012,0.024
672,0.018118791,0.06713617,0.03,0.06
673,0.09862723,0.026053218,0.018,0.084
674,-0.005549066,-0.013525184,0.018,0.084
675,0.033155445,0.0649397,-0.018,0.036
676,0.021240458,0.094832025,0.012,0.024
677,0.02428487,0.050151967,-0.006,0.084
678,0.027530242,0.031371433,0.03,0.06
679,0.07016769,0.044666216,0.006,0.06
680,0.08421589,0.009249593,0.018,0.06
681,0.024286043,0.049605444,0.042,0.06
682,0.07376528,0.12687826,0.024,0.024
683,0.009917647,0.0050249575,0.024,0.012
684,0.00065337494,0.04097372,0.0,0.024
685,0.013960596,0.03218591,0.018,0.036
686,-0.0046557523,0.07164184,0.006,0.06
687,0.011797782,0.048326936,0.012,0.024
688,0.017714124,0.029872803,-0.018,0.102
689,-0.039538424,0.10087602,0.018,0.06
690,0.0607524,0.051821306,0.024,0.024
691,0.026953302,0.012690395,-0.006,0.048
692,0.044638198,0.011339415,0.012,0.012
693,-0.015463151,0.05214115,0.012,0.024
694,-0.012015212,0.08783477,0.006,0.036
695,-0.027674425,0.076470055,0.006,0.06
696,-0.0070958436,0.059310693,0.0,0.012
697,0.06903708,0.030552186,-0.006,0.072
698,0.057053916,0.064882204,-0.006,0.084
699,0.012898676,0.024171807,-0.03,0.102
700,0.035725594,0.008487205,-0.006,0.072
701,0.037203807,0.027306616,-0.018,0.06
702,-0.048685823,0.070065826,-0.018,0.06
703,0.016149323,0.030053627,0.012,0.012
704,-0.006259121,0.07267272,0.036,0.012
705,-0.0378114,0.0273336,0.018,0.036
706,0.044511035,0.02023992,0.03,0.048
707,-0.053375363,0.09414402,0.03,0.06
708,0.014915012,0.04246807,-0.006,0.084
709,-0.0016090684,0.032844,0.036,0.012
710,0.03450971,0.020339463,-0.006,0.084
711,0.018215701,0.010762993,0.006,0.084
712,0.023325007,-0.0150645375,0.012,0.024
713,-0.033920508,0.12383629,0.018,0.084
714,0.041527037,0.03662367,-0.006,0.096
715,-0.009656116,0.11009519,0.024,0.012
716,0.003938593,0.022244077,0.036,0.012
717,0.031086419,0.055992164,-0.006,0.096
718,0.0013113804,0.083527446,0.012,0.012
719,0.03123214,0.028333213,0.012,0.024
720,-0.048488233,0.0029913937,0.006,0.096
721,-0.024636004,0.06662902,0.012,0.024
722,-0.031282295,0.106057055,-0.018,0.036
723,-0.0032277517,0.06275599,0.03,0.048
724,0.011475936,0.034982696,0.03,0.048
725,0.040154587,0.021928836,0.03,0.06
726,-0.027191684,0.09517974,0.042,0.048
727,0.040142268,0.06242362,-0.024,0.024
728,-0.022124607,0.047329694,0.03,0.048
729,-0.038777296,0.08218388,0.018,0.036
730,0.021921732,0.056713603,0.036,0.012
731,0.0034478009,0.041438613,0.0,0.024
732,0.022232648,0.053861707,0.018,0.036
733,0.055179283,0.01561805,0.018,0.036
734,-0.047237393,0.06281654,-0.012,0.024
735,-0.11824502,0.10603829,-0.006,0.096
736,-0.005342681,0.03717065,0.018,0.072
737,0.00034764782,0.034715146,0.03,0.06
738,0.027150769,0.06486292,0.018,0.036
739,0.03992157,0.028207935,0.006,0.072
740,-0.02998139,0.0028970353,0.03,0.036
741,0.0105320625,0.079303235,-0.024,0.024
742,-0.0022564232,0.021041837,-0.012,0.024
743,0.029213555,0.026002849,-0.006,0.096
744,-0.062126655,0.17512846,0.0,0.024
745,-0.0040924326,0.016553659,0.042,0.06
746,-0.023080368,0.097945035,-0.018,0.072
747,-0.02777848,0.028765514,0.006,0.06
748,0.0009862818,0.07986597,-0.006,0.096
749,-0.018071003,0.06273894,0.006,0.096
750,-0.016703296,0.007998807,-0.012,0.024
751,-0.0061167106,0.07309197,0.042,0.06
752,0.014000963,0.03324316,-0.006,0.048
753,0.03616692,0.057117507,0.018,0.06
754,0.0171699,0.04056663,0.006,0.072
755,0.041559823,0.030842299,-0.006,0.036
756,-0.0012665726,0.057519045,-0.006,0.096
757,-0.030459497,0.08008751,0.006,0.084
758,0.017645884,0.0310858,0.012,0.024
759,-0.005580023,0.058781777,0.03,0.036
760,-0.008900121,0.02929379,-0.03,0.102
761,0.047646303,0.057830684,0.018,0.036
762,0.029759608,0.018290412,0.0,0.024
763,-0.08531386,0.07010956,0.006,0.048
764,0.025380034,0.021584515,0.0,0.024
765,0.023434408,0.06021874,0.006,0.084
766,-0.032815732,0.077380456,-0.006,0.048
767,0.024791978,0.08291648,0.018,0.084
768,0.014451485,0.005203113,0.018,0.06
769,-0.025204994,0.12649512,-0.018,0.036
770,0.001624871,0.08815949,-0.018,0.102
771,-0.0053805187,0.0809207,0.006,0.048
772,0.0024398528,0.050905257,-0.006,0.048
773,0.021118283,0.044684645,0.012,0.024
774,0.009059921,0.07793979,-0.018,0.036
775,0.0025836565,0.057361595,-0.03,0.102
776,-0.02072436,0.04698478,0.006,0.072
777,-0.020232353,0.074605346,0.042,0.06
778,0.0149657875,0.046999454,0.006,0.096
779,-0.0034104995,0.08671721,0.03,0.06
780,-0.046047837,0.06989292,-0.024,0.024
781,0.002665259,0.06834089,-0.018,0.06
782,0.09467588,0.053506736,0.006,0.072
783,-0.010328837,0.057403553,0.042,0.048
784,0.058374885,-0.0010986496,-0.012,0.024
785,0.025700439,0.042056084,0.012,0.024
786,-0.0061199255,0.0082691815,-0.03,0.102
787,0.04721895,0.014043533,0.006,0.072
788,-0.028180387,0.0130845755,0.006,0.06
789,0.023549918,0.097117975,0.006,0.096
790,0.010456685,0.04314442,-0.012,0.024
791,-0.01916821,0.12558647,0.006,0.036
792,0.020217918,0.025754748,0.006,0.048
793,-0.0073786825,0.014807941,-0.03,0.102
794,-0.0513271,0.09683262,0.012,0.012
795,0.03606014,0.03876143,-0.03,0.102
796,0.03256112,0.045163777,0.03,0.036
797,-0.055447023,0.018313736,0.0,0.024
798,-0.032501034,0.10825628,0.036,0.024
799,0.040903732,0.045213982,0.018,0.072
800,0.024487823,0.056133505,0.006,0.072
801,0.002469588,0.03487136,0.006,0.048
802,0.05575802,0.0605209,-0.012,0.024
803,0.0039439276,0.045005042,0.006,0.036
804,0.015662909,0.0673267,0.006,0.048
805,0.059245896,0.06818475,-0.018,0.048
806,0.09126799,-0.005475833,-0.018,0.072
807,-0.007820252,0.085838966,-0.018,0.06
808,0.03968387,0.03167559,-0.018,0.072
809,0.038398392,0.025749743,0.006,0.048
810,0.012890033,0.042952448,0.024,0.024
811,0.074968025,0.046303336,-0.018,0.072
812,0.007973883,0.05331843,-0.006,0.036
813,-0.0019563176,0.04950455,0.03,0.048
814,-0.020555664,0.13163888,-0.018,0.048
815,0.026827317,0.025028283,-0.018,0.09
816,0.014877599,0.041546457,0.0,0.012
817,-0.021330394,0.045965355,0.03,0.036
818,0.058546465,0.006740804,0.0,0.012
819,-0.09136055,0.08776329,0.006,0.036
820,0.004518006,0.07329792,0.0,0.012
821,-0.012679506,0.0663524,0.024,0.024
822,-0.01507834,0.065672904,0.03,0.048
823,0.02993944,0.0421236,-0.024,0.024
824,0.053941116,0.040368237,0.006,0.084
825,0.03577117,0.040783502,-0.024,0.024
826,0.043962087,0.03256973,-0.006,0.06
827,0.033312283,0.05200725,-0.006,0.084
828,-0.013164084,0.024201747,0.0,0.024
829,0.0034511313,0.055232603,-0.018,0.036
830,-0.039769724,0.072083056,0.036,0.012
831,-0.023795888,0.04213533,0.012,0.012
832,0.0040601715,0.058659066,0.03,0.06
833,0.043798797,0.037850622,0.006,0.036
834,0.018093921,0.051350575,0.006,0.084
835,0.04095026,0.054453265,-0.018,0.048
836,0.028316183,0.033865035,0.03,0.06
837,0.012140531,0.03585899,0.0,0.012
838,0.024491,0.033454314,-0.018,0.048
839,0.00056032836,0.056657307,0.006,0.036
840,0.020947933,0.033135034,0.03,0.06
841,0.014423162,0.07579908,0.03,0.06
842,0.037173375,0.05798726,-0.006,0.084
843,0.014132179,0.070680395,0.0,0.024
844,0.019251436,0.02708584,-0.006,0.036
845,0.053930607,0.016566273,-0.03,0.102
846,0.03232384,0.06516612,0.0,0.024
847,-0.0149803795,-0.03246127,0.012,0.012
848,-0.007654436,0.058684215,-0.006,0.036
849,0.033059444,0.09302276,0.03,0.06
850,0.0004242845,0.13021666,0.042,0.048
851,0.03652533,0.023058081,-0.012,0.024
852,-0.04375565,0.010964634,0.006,0.036
853,-0.079937935,0.16702107,0.012,0.012
854,-0.0118113905,0.04832471,0.006,0.048
855,0.03846538,0.02197121,-0.018,0.09
856,0.011123665,0.040640764,-0.006,0.036
857,-0.029704329,0.106175676,0.03,0.06
858,-0.0032588504,0.054742187,0.006,0.048
859,0.06498618,0.017727472,0.006,0.084
860,0.025871214,0.024131035,-0.018,0.09
861,0.010977726,0.037737988,-0.03,0.102
862,0.025158055,0.074459724,0.006,0.036
863,0.013887621,0.044340886,0.006,0.084
864,0.026799813,0.038629252,0.006,0.072
865,-0.007841844,0.053317707,0.006,0.048
866,0.0029760078,0.040812045,0.018,0.06
867,0.026880197,0.03474977,0.018,0.036
868,-0.005447991,0.080589905,-0.012,0.024
869,-0.0026474,0.039556026,0.006,0.096
870,-0.014564544,0.05286137,0.042,0.048
871,0.010453012,0.07038225,-0.018,0.072
872,-0.046873495,0.08982588,-0.006,0.096
873,0.048454482,0.045822963,0.012,0.012
874,-0.035067834,0.09719352,0.018,0.036
875,0.029399961,0.044362854,0.006,0.096
876,0.033604644,0.023505263,0.024,0.024
877,0.03221079,0.018210132,-0.006,0.072
878,-0.013090223,0.060191236,-0.006,0.084
879,0.01556303,0.060783826,-0.006,0.084
880,0.0031758472,0.05473858,0.006,0.06
881,-0.0068557225,0.059871305,-0.006,0.036
882,0.031077994,0.009151605,0.024,0.024
883,0.049316153,0.03639526,0.006,0.048
884,0.017938763,0.05094253,-0.006,0.036
885,0.009638604,0.04826676,-0.006,0.036
886,0.06904611,0.119196415,0.03,0.048
887,-0.009098716,0.050543755,0.018,0.06
888,0.054504186,0.057083823,-0.018,0.06
889,-0.016757172,0.057828974,0.006,0.048
890,0.09502169,0.014840519,0.012,0.012
891,-0.0070382655,0.089836106,-0.006,0.084
892,-0.023533106,0.08585755,0.036,0.024
893,0.016881641,0.01382746,0.018,0.072
894,-0.0063171126,0.10482357,0.006,0.06
895,0.057451874,-0.0107939,0.006,0.096
896,0.016892508,0.040929414,0.006,0.072
897,-0.040105604,0.01464107,0.018,0.06
898,0.0086906925,0.0406146,-0.006,0.06
899,0.05240368,0.0072195996,-0.018,0.06
900,0.0090309195,0.05096508,0.018,0.072
901,0.029169241,0.06967534,0.03,0.06
902,0.046839908,0.12424892,0.036,0.012
903,-0.009032331,0.022122882,0.0,0.024
904,-0.028246984,0.027618695,0.03,0.036
905,-0.0011585765,0.052052375,0.012,0.024
906,0.018075045,0.08715352,-0.018,0.036
907,0.029400798,0.038231872,-0.018,0.06
908,-0.04947263,0.07233048,-0.006,0.096
909,-0.024340697,0.06772969,-0.018,0.06
910,0.047764763,0.018761177,0.006,0.036
911,-0.026634704,0.02764848,0.006,0.048
912,0.027144603,0.021812432,-0.012,0.024
913,0.022338279,0.03238211,0.024,0.024
914,0.042438127,0.016495705,0.006,0.072
915,-0.05387681,0.071341306,0.024,0.012
916,-0.021803834,0.10435978,0.006,0.036
917,-0.034822386,0.090146296,0.03,0.036
918,-0.025297903,0.10250668,0.018,0.084
919,0.0009758286,0.049087495,-0.018,0.102
920,-0.032103878,0.021346573,0.036,0.012
921,-0.0063060224,0.039043393,0.03,0.06
922,0.0688742,0.055129975,-0.018,0.102
923,0.03853238,0.026700906,0.0,0.012
924,-0.042628706,0.098802164,-0.012,0.024
925,-0.037396032,0.053242244,0.006,0.036
926,-0.035016622,0.038529523,0.042,0.048
927,-0.006942142,0.04724651,0.042,0.048
928,0.028625805,0.04736585,-0.012,0.024
929,0.03314356,0.054801747,0.03,0.048
930,0.012357719,0.08837122,0.012,0.024
931,0.01974256,0.027788607,-0.024,0.024
932,-0.116962686,0.13391072,-0.006,0.084
933,0.038159974,0.006934102,-0.018,0.048
934,-0.021656942,0.07642885,0.018,0.084
935,0.030984882,0.05037666,0.036,0.024
936,-0.07582114,0.041254967,0.006,0.036
937,0.00035448,0.06146791,-0.006,0.048
938,0.043049548,0.007477494,0.024,0.012
939,0.033934534,0.012085495,0.042,0.06
940,0.072544426,0.007957668,0.018,0.072
941,0.01911908,0.051154234,0.006,0.072
942,-0.038675576,0.053774454,0.03,0.036
943,-0.012425456,0.020945594,0.03,0.048
944,-0.017335113,0.08726697,-0.018,0.06
945,0.03890257,0.07013031,-0.018,0.072
946,-0.012948502,0.0107288435,0.042,0.06
947,0.032627642,0.031748433,0.042,0.06
948,0.035193168,0.047744203,0.006,0.06
949,-0.0070612356,0.05928142,-0.03,0.102
950,0.051996786,0.010958072,0.024,0.024
951,-0.013890691,0.013960088,0.018,0.036
952,-0.00038297474,0.0751659,-0.018,0.036
953,0.115790255,0.04689201,0.006,0.048
954,-0.0051564276,0.06231603,0.006,0.06
955,0.0099565685,0.029644582,0.006,0.072
956,-0.005499132,0.053338867,-0.006,0.048
957,-0.018492583,0.02959741,-0.006,0.036
958,-0.04261566,0.044341963,-0.018,0.048
959,0.06812383,0.05576165,0.018,0.06
960,0.0041739605,0.04198098,-0.03,0.102
961,-0.0027256422,0.072909795,-0.012,0.024
962,-0.005975835,0.014587119,-0.018,0.06
963,0.034843173,0.035409562,0.0,0.012
964,-0.010606576,0.030259028,-0.018,0.102
965,-0.002824016,0.037951007,-0.018,0.06
966,0.034610372,0.045777664,0.006,0.048
967,0.05623641,0.05746927,0.042,0.048
968,0.0013900846,0.07525303,0.024,0.012
969,0.040128004,0.0435994,0.018,0.06
970,0.038290285,0.059790313,0.012,0.012
971,-0.0053422116,0.0050523276,0.006,0.096
972,0.0097297765,0.044289537,-0.006,0.096
973,0.0036636665,0.028143713,0.024,0.024
974,0.037927933,0.030428093,0.036,0.024
975,0.032305762,0.0455336,0.006,0.048
976,0.042042397,0.0036946228,-0.012,0.024
977,0.03743889,0.07238832,0.018,0.036
978,-0.0102262385,0.024193235,0.036,0.024
979,-0.017907098,0.046670977,-0.018,0.072
980,0.032287754,0.023691893,0.042,0.06
981,0.03354823,0.02321578,0.006,0.036
982,0.0020115115,0.041813284,0.018,0.06
983,0.019892592,0.032103274,-0.006,0.048
984,0.020527624,0.075018555,-0.006,0.096
985,-0.047748033,0.053960953,-0.006,0.072
986,0.066284716,0.048442863,0.018,0.06
987,-0.00040346384,0.0037985593,-0.018,0.048
988,0.03541493,0.03871607,0.042,0.048
989,-0.011683006,0.03775934,0.03,0.06
990,-0.03758899,0.066477224,-0.006,0.096
991,0.08220157,0.08293668,0.006,0.072
992,0.054024357,0.0118773235,-0.018,0.102
993,-0.02193128,0.056826245,0.03,0.06
994,0.03150198,0.036603652,0.042,0.048
995,0.04296393,0.021805275,0.006,0.06
996,0.0035770424,0.0520666,0.036,0.012
997,-0.00080356374,0.045435566,0.012,0.024
998,-0.010086477,0.049122505,0.042,0.06
999,-0.026884288,0.083127484,-0.03,0.102
1000,0.08006406,0.07603628,-0.018,0.048
1001,0.02230018,0.039733484,0.006,0.036
1002,-0.017212916,0.05922868,0.018,0.072
1003,0.016997717,0.052683417,0.006,0.096
1004,0.04273702,0.02653835,0.042,0.048
1005,0.045122504,0.047540873,0.03,0.036
1006,0.013766639,0.06673321,-0.03,0.102
1007,-0.024673235,0.036318388,0.042,0.06
1008,0.0699786,0.06472114,-0.018,0.102
1009,0.007741835,0.035218123,0.024,0.024
1010,0.01878871,0.03320305,-0.018,0.09
1011,-0.007921066,0.097323254,0.012,0.024
1012,0.0344933,0.019887093,-0.006,0.072
1013,-0.0141883455,0.079266,-0.018,0.036
1014,-0.047903974,0.009451608,0.006,0.048
1015,-0.041047573,0.069515035,0.012,0.012
1016,0.03705108,-0.0030694297,0.006,0.084
1017,0.017039414,0.03390347,-0.018,0.09
1018,-0.01728988,0.086496964,0.018,0.06
1019,-0.053443894,0.017902158,0.024,0.024
1020,0.034974765,0.036944866,-0.006,0.06
1021,-0.004708506,0.07383381,0.024,0.024
1022,0.028931638,0.05320593,-0.012,0.024
1023,0.032443225,0.05455714,0.0,0.012
1024,0.024855874,0.031240836,-0.006,0.072
1025,-0.008661993,0.04189989,-0.006,0.084
1026,-0.008790053,0.060344882,0.0,0.024
1027,0.05031767,0.0720709,-0.018,0.048
1028,-0.0010164306,0.048997644,0.024,0.012
1029,0.032569475,0.034434207,0.018,0.06
1030,0.036354423,0.056189872,0.024,0.024
1031,-0.004758239,0.087960795,0.036,0.024
1032,0.019135073,0.063488044,0.03,0.036
1033,0.018214129,0.018511191,0.006,0.06
1034,0.029925833,0.026885826,0.018,0.06
1035,-0.003089428,0.046918306,-0.006,0.06
1036,0.060356207,0.07209706,-0.006,0.06
1037,-0.007924795,0.05230835,-0.03,0.102
1038,-0.0027917363,0.07016419,0.036,0.024
1039,-0.039039016,0.036105987,0.036,0.012
1040,-0.0029363297,0.03645584,0.006,0.084
1041,0.018473312,0.064162806,0.006,0.06
1042,0.0047115274,0.09880705,0.024,0.012
1043,-0.03403434,-0.005532669,0.024,0.024
1044,0.052733146,0.01177652,0.006,0.072
1045,-0.0058495216,0.056644287,0.012,0.012
1046,0.0002937913,0.06440038,0.024,0.024
1047,0.032018192,0.04482198,0.036,0.012
1048,-0.009618387,0.0275857,0.006,0.036
1049,0.016463432,0.0588084,0.03,0.048
1050,0.010444999,0.076672345,0.036,0.024
1051,-0.016392551,0.017482042,0.036,0.012
1052,-0.023268849,0.044623908,0.006,0.072
1053,0.040353946,0.058460385,-0.006,0.096
1054,-0.028320815,0.033182617,0.042,0.06
1055,-0.007204864,0.10051073,0.018,0.084
1056,-0.009180844,0.06273054,0.006,0.084
1057,0.012422152,0.043736033,-0.018,0.09
1058,0.036912672,0.049444012,0.012,0.012
1059,0.0046815015,0.0017954409,0.03,0.036
1060,-0.089561604,0.12259768,0.036,0.024
1061,0.024418794,0.042579465,0.0,0.012
1062,0.07863042,0.05122292,-0.03,0.102
1063,0.018129598,0.04545296,-0.018,0.102
1064,0.0023767836,0.077482045,0.006,0.096
1065,0.018041626,0.04489865,-0.018,0.048
1066,0.088881895,0.022366688,-0.006,0.096
1067,0.023598144,0.064909324,0.042,0.06
1068,0.032464534,0.050866637,-0.006,0.096
1069,0.007345587,0.046404,-0.006,0.048
1070,0.03535889,0.027325008,0.042,0.06
1071,0.005092595,0.062273253,-0.006,0.084
1072,0.0011069514,0.038833365,0.042,0.048
1073,0.020794805,0.025325041,-0.006,0.096
1074,-0.059745017,0.0013990728,0.024,0.012
1075,-0.019619714,0.061327428,-0.006,0.072
1076,0.03531722,0.054253682,0.042,0.06
1077,-0.004826471,0.056672215,0.006,0.06
1078,0.008445021,0.03258245,0.03,0.06
1079,0.027029427,0.08155576,-0.024,0.024
1080,-0.0649743,0.121464625,0.024,0.012
1081,0.018893667,0.033904508,0.018,0.084
1082,-0.031004492,0.039101254,-0.006,0.06
1083,-0.021953609,0.063315645,-0.024,0.024
1084,0.045075055,0.06277866,0.018,0.06
1085,0.060059603,0.023360413,0.012,0.012
1086,0.030248795,0.03008033,-0.018,0.102
1087,0.054666176,-0.00091147795,-0.024,0.024
1088,0.014211006,0.02276526,-0.006,0.084
1089,-0.009826969,0.06806457,0.03,0.048
1090,0.01953952,0.036012515,0.024,0.024
1091,0.023338962,0.037558302,0.0,0.024
1092,0.04605747,0.031213054,-0.006,0.084
1093,-0.006589189,0.05136998,-0.018,0.09
1094,-0.033588648,0.07919596,-0.024,0.024
1095,0.0012414008,0.06306075,-0.006,0.096
1096,0.014619168,0.038723268,0.012,0.012
1097,-0.033310726,0.07460239,-0.03,0.102
1098,-0.021312289,0.065129645,0.03,0.06
1099,-0.069082454,0.04220462,-0.006,0.084
1100,0.016458124,0.03223724,0.036,0.012
1101,-0.033854563,0.06123828,0.018,0.036
1102,0.03211867,0.08057682,0.018,0.036
1103,0.041499585,0.028080437,0.024,0.024
1104,-0.02030529,0.049742285,0.0,0.012
1105,-0.039293345,0.0810354,0.012,0.012
1106,-0.015107855,0.059156995,0.006,0.06
1107,-0.0008699186,0.04740035,0.006,0.072
1108,0.0027716868,0.028158223,0.036,0.012
1109,0.032462414,0.02542758,0.024,0.024
1110,0.02205979,0.056386385,0.042,0.06
1111,0.03838329,0.061511375,0.006,0.06
1112,0.011989765,0.008889067,-0.012,0.024
1113,0.028366815,0.03202104,0.036,0.024
1114,0.039738007,0.04063524,0.018,0.06
1115,-0.027143829,0.031648498,0.006,0.048
1116,0.0350731,0.020992473,-0.024,0.024
1117,0.0044718273,0.046600685,0.036,0.024
1118,-0.034675416,0.055852108,-0.018,0.072
1119,-0.005890552,0.05060717,0.042,0.048
1120,0.045820728,0.07452685,0.018,0.072
1121,-0.004757285,0.0008668108,0.012,0.012
1122,0.00066294894,0.05445028,-0.018,0.048
1123,0.06363597,0.021244269,-0.03,0.102
1124,-0.045294926,0.049500875,-0.006,0.048
1125,0.024710314,0.04099825,0.036,0.012
1126,-0.0031850375,0.053782273,0.012,0.024
1127,0.07602425,0.04637474,0.0,0.012
1128,0.03510733,0.036854994,-0.018,0.048
1129,-0.044480495,0.08920753,0.006,0.048
1130,0.024018,0.046226487,0.024,0.024
1131,-0.011130154,0.058360234,0.006,0.06
1132,0.009598501,0.06913165,0.036,0.012
1133,0.025770241,0.03786027,0.024,0.012
1134,0.023418939,0.08122436,0.0,0.012
1135,0.025989905,0.06629436,0.0,0.024
1136,0.022976544,0.10116102,0.006,0.048
1137,0.044415183,0.05542386,-0.006,0.084
1138,0.036834057,0.038799465,0.042,0.048
1139,0.031535454,0.024359196,0.018,0.072
1140,-0.0019550994,0.057031102,0.006,0.096
1141,0.036661785,0.023404974,-0.006,0.036
1142,-0.0020890757,0.06765027,0.018,0.06
1143,-0.0056226924,0.06075847,-0.018,0.036
1144,0.033932127,0.023794172,-0.006,0.036
1145,0.045898113,0.037551697,-0.006,0.036
1146,0.009061482,0.08823642,-0.018,0.072
1147,0.041071396,0.030278534,0.012,0.024
1148,0.022754379,0.040145416,0.0,0.012
1149,0.020251613,0.04125332,-0.006,0.084
1150,-0.034276962,0.082923986,-0.024,0.024
1151,0.012936905,0.031987403,0.012,0.012
1152,0.016514663,0.04178588,0.018,0.084
1153,0.026546199,0.04982974,0.0,0.012
1154,0.044340346,0.0525553,0.024,0.012
1155,-0.040416695,0.0961185,-0.024,0.024
1156,0.0016026162,0.05160375,-0.018,0.036
1157,0.034156263,0.050496165,-0.006,0.084
1158,0.02117382,0.020134315,-0.018,0.102
1159,0.012238264,0.04875891,0.006,0.084
1160,-0.0030281805,0.042726144,0.018,0.06
1161,-0.010453187,0.029739417,0.018,0.072
1162,0.015891548,0.05475554,0.006,0.084
1163,0.0074212663,0.044363126,0.018,0.072
1164,-0.060871515,0.083275326,0.03,0.036
1165,0.06676902,0.06915278,0.012,0.024
1166,0.019034483,0.050011575,0.036,0.012
1167,0.028310519,0.00037381053,-0.012,0.024
1168,0.019887626,0.031900734,-0.006,0.048
1169,0.0032430105,0.039069653,0.018,0.06
1170,0.011150591,0.0416996,0.0,0.012
1171,0.005729366,0.09957281,0.018,0.06
1172,-0.00949819,0.057233356,-0.018,0.072
1173,0.01376231,0.052140743,0.03,0.048
1174,-0.016540933,0.080492675,-0.024,0.024
1175,0.009461477,0.05888306,0.042,0.06
1176,-0.0064116903,0.07524783,0.018,0.036
1177,0.044305183,0.06972687,0.018,0.072
1178,0.04535587,0.03963698,0.036,0.024
1179,-0.02856804,0.034450084,-0.018,0.036
1180,0.04279264,0.126925,0.042,0.06
1181,0.02658159,0.10086857,0.024,0.024
1182,0.05091143,0.019623194,0.03,0.06
1183,-0.030910939,0.024829037,0.006,0.096
1184,0.040777,0.0632159,0.006,0.072
1185,0.010532223,0.0551511,-0.006,0.048
1186,0.006590724,0.056535985,-0.024,0.024
1187,0.008730549,0.053699926,0.006,0.06
0,0.009439364,0.0497204,0.012,0.024
1,0.024472056,0.08237979,0.006,0.036
2,0.042211007,0.071529314,-0.006,0.096
3,0.041298956,0.0447343,0.024,0.012
4,0.08778875,0.042156346,0.03,0.06
5,0.020698175,0.01866066,-0.018,0.048
6,0.014505468,0.024722282,-0.018,0.06
7,0.016629148,0.022235502,0.006,0.084
8,0.03818259,0.027533967,0.03,0.036
9,-0.013207801,0.035033915,0.018,0.036
10,0.016227514,0.060646754,0.042,0.048
11,0.03132758,0.034004852,0.0,0.012
12,0.016430683,0.043248944,-0.006,0.06
13,-0.026299357,0.03405697,0.0,0.012
14,0.03268981,0.031891886,0.018,0.084
15,0.04374297,-0.0013595456,0.024,0.012
16,-0.0069974847,0.09577691,0.018,0.036
17,-0.096219525,0.027976234,0.018,0.084
18,0.029735578,0.022076713,-0.018,0.102
19,-0.003256306,0.03999876,-0.006,0.048
20,-0.015502352,0.059885878,-0.006,0.06
21,0.006943647,0.059884,-0.018,0.072
22,-0.045693714,0.097965986,-0.006,0.036
23,0.019801756,0.04584339,-0.006,0.084
24,-0.009786993,0.092441514,0.012,0.012
25,0.0063043907,0.036593433,-0.018,0.09
26,0.013783172,0.0020298231,-0.03,0.102
27,0.014026854,0.09229848,0.006,0.084
28,0.017060477,0.033771608,0.012,0.024
29,0.023514489,0.036562137,-0.006,0.048
30,-0.007837076,0.07739906,0.03,0.036
31,0.004689213,0.04377413,-0.006,0.096
32,0.0075370334,0.04898744,0.012,0.012
33,0.0047411434,0.071032666,0.036,0.024
34,-0.015989322,0.06289177,-0.006,0.072
35,0.010491826,0.030881863,-0.006,0.072
36,0.0043881983,0.046140436,-0.018,0.09
37,-0.008075856,0.08212496,-0.018,0.06
38,0.003597673,0.08015764,-0.006,0.048
39,0.01228331,0.05427025,0.0,0.024
40,0.02018192,0.06186206,-0.018,0.072
41,0.025806751,0.010175496,0.036,0.012
42,-0.013434507,0.08104877,-0.012,0.024
43,-0.03451596,0.046084937,0.006,0.072
44,-0.0059638433,0.021866139,-0.018,0.06
45,0.06524788,0.064930886,-0.03,0.102
46,-0.027389795,0.038352948,-0.006,0.096
47,-0.008509014,0.054939993,0.042,0.06
48,0.018804248,0.046964925,0.006,0.084
49,0.010498922,0.05909558,0.006,0.096
50,0.006851971,0.022097612,0.018,0.036
51,-0.053312395,0.08185068,-0.012,0.024
52,0.021187777,0.04243255,0.006,0.036
53,0.016441543,0.028364796,0.03,0.06
54,0.03565688,0.023457494,-0.018,0.072
55,0.045456115,0.0169373,0.03,0.036
56,-0.013926331,0.09153142,-0.018,0.102
57,0.0042560026,0.04346329,0.03,0.06
58,0.049819514,0.03735193,0.018,0.036
59,0.046176,0.016430955,0.042,0.06
60,-0.027314045,0.07151172,-0.006,0.072
61,-0.014698774,0.027614787,-0.03,0.102
62,-0.04248647,0.08404315,0.018,0.036
63,0.03972605,0.05216831,-0.018,0.036
64,0.055193055,0.057261508,-0.006,0.096
65,0.04229085,0.037129294,-0.018,0.072
66,0.00057885423,0.06542059,0.03,0.036
67,-0.012163635,0.06561252,0.018,0.06
68,0.019417845,0.09344108,0.006,0.096
69,0.04392474,0.062472336,-0.006,0.072
70,0.026031924,-0.00272989,-0.006,0.06
71,0.032625675,0.025725026,0.012,0.024
72,-0.011766743,0.03366729,-0.03,0.102
73,0.1025009,0.044121698,0.012,0.024
74,-0.0020169243,0.04428607,0.018,0.036
75,-0.01957462,0.058890082,0.042,0.06
76,0.008431129,0.058553085,0.006,0.06
77,0.020660235,0.022634057,0.03,0.06
78,0.012694683,0.01801466,0.018,0.06
79,0.0137931965,0.033341076,0.0,0.024
80,0.00046087801,0.04714274,0.018,0.084
81,0.011999808,0.038275793,-0.018,0.09
82,0.017495744,0.044338487,0.036,0.024
83,0.02033142,0.032752596,-0.006,0.072
84,0.022464283,0.061841108,-0.024,0.024
85,0.021855494,0.04717816,-0.012,0.024
86,-0.041157182,0.044610992,-0.03,0.102
87,-0.034379542,0.07588577,-0.018,0.072
88,-0.04692527,0.04174109,0.024,0.012
89,-0.015210696,0.06300454,-0.018,0.06
90,0.040294643,0.06900206,-0.018,0.036
91,0.046951883,0.01677737,0.006,0.048
92,-0.0074903853,0.08035465,0.042,0.06
93,0.034641843,0.02595529,-0.006,0.096
94,0.009777628,0.03965929,-0.006,0.096
95,-0.01272491,0.0049620653,0.042,0.048
96,0.014760181,0.035359576,-0.006,0.096
97,-0.033674125,0.082746394,-0.018,0.06
98,0.005610179,0.04423375,0.03,0.048
99,0.078827485,0.034021284,0.012,0.024
100,0.0067229643,0.03917633,-0.006,0.06
101,0.00034872442,0.04780361,-0.018,0.09
102,-0.012061436,0.030875549,0.006,0.048
103,-0.017991059,0.07180386,0.0,0.024
104,0.024887549,0.05766829,0.042,0.048
105,0.045800064,0.033142254,-0.006,0.084
106,0.008917723,0.0504423,0.018,0.072
107,0.04246257,0.025425978,-0.006,0.06
108,0.023715504,0.029531144,-0.006,0.036
109,0.025656143,0.054465495,-0.018,0.048
110,-0.017836709,0.06517085,0.006,0.06
111,-0.0015919283,0.066682994,0.024,0.012
112,0.0028589666,0.030445067,0.036,0.024
113,-0.02446378,0.080144644,0.03,0.036
114,0.0106844455,0.09135362,0.006,0.048
115,0.038110435,0.004226953,0.036,0.012
116,-0.031746086,0.073349655,-0.018,0.06
117,0.05189736,0.034968734,0.024,0.024
118,0.026849447,0.033355188,0.018,0.036
119,0.034215838,0.03259182,-0.006,0.096
120,-0.002390001,0.0558165,0.018,0.084
121,0.052795574,0.047985364,0.006,0.096
122,0.016541757,0.036759302,0.012,0.024
123,-0.014899913,0.024308853,0.006,0.048
124,-0.017110288,0.031843096,0.042,0.06
125,0.030649303,0.028472345,0.006,0.072
126,0.024223458,0.05570108,-0.006,0.072
127,0.07552588,0.05421419,0.03,0.036
128,0.028878957,0.0439945,0.012,0.012
129,0.040810782,0.060960732,-0.006,0.072
130,0.037508305,0.03154414,0.0,0.024
131,-0.0044037513,0.028653689,0.0,0.012
132,0.013050027,0.048480786,0.0,0.024
133,0.039509267,0.038223483,0.012,0.024
134,-0.015112814,0.04856419,-0.018,0.06
135,-0.005124107,0.04508873,-0.018,0.036
136,0.048178054,0.054744627,0.018,0.084
137,0.02826767,0.06421697,-0.018,0.036
138,0.0033444166,0.03657929,0.03,0.048
139,0.044502266,0.019949887,-0.006,0.06
140,-0.055029053,0.11697528,-0.006,0.036
141,0.0130668245,0.03814628,0.036,0.024
142,0.03150558,0.061212137,-0.006,0.096
143,-0.030057378,0.018878862,-0.018,0.09
144,0.026865663,0.033521734,0.0,0.012
145,0.009882905,0.037121706,-0.03,0.102
146,-0.002463244,0.033227794,0.006,0.036
147,0.021618862,0.08085203,-0.018,0.036
148,0.008873392,0.05581523,0.042,0.06
149,-0.026692387,0.09192839,0.018,0.036
150,0.0072163194,0.03619051,-0.012,0.024
151,-0.0030217133,0.042650092,0.042,0.06
152,-0.047971763,0.040034696,0.018,0.06
153,-0.015162174,0.049177594,0.006,0.06
154,0.07089968,0.05166661,0.012,0.012
155,0.020692974,0.036707394,0.006,0.048
156,0.021481577,0.035579376,-0.006,0.048
157,0.004537996,0.05122164,0.006,0.06
158,-0.08027808,-0.018756852,-0.018,0.072
159,0.012928098,0.022847645,0.006,0.084
160,0.050554674,0.05133941,-0.006,0.084
161,0.0025694557,0.028115135,0.006,0.06
162,0.052625015,0.050097536,-0.024,0.024
163,0.03068303,0.021734143,-0.024,0.024
164,-0.009261198,0.043582596,0.024,0.012
165,0.058119383,0.014711354,-0.018,0.102
166,-0.01902501,0.04428365,-0.012,0.024
167,0.01671871,0.036334254,0.018,0.084
168,0.024547832,0.030080631,0.0,0.012
169,-0.026301928,0.074284956,-0.018,0.102
170,-0.014227629,0.06502703,0.03,0.036
171,0.020526946,0.038879707,-0.006,0.06
172,0.02796806,0.030329296,-0.018,0.048
173,-0.015116759,0.01237904,-0.006,0.084
174,-0.011747092,0.06678898,-0.018,0.09
175,-0.031631503,0.10362543,0.018,0.084
176,-0.05450898,0.104247525,0.036,0.012
177,0.00998031,0.04323119,0.012,0.012
178,0.04587422,0.017433997,0.0,0.024
179,0.019469567,0.07031435,0.018,0.036
180,0.0033373497,0.012521184,0.012,0.012
181,-0.0004044585,0.13121033,0.036,0.012
182,0.00024766847,0.046503536,0.036,0.012
183,0.046143126,0.037203014,-0.018,0.036
184,0.03154831,0.010978037,0.018,0.036
185,0.011468302,0.03992002,0.03,0.048
186,0.053624295,0.07838435,-0.006,0.072
187,0.022654125,0.04068058,0.0,0.024
188,-0.028226119,0.0684262,0.006,0.036
189,0.020093437,0.034652486,0.024,0.012
190,0.028072173,0.066894226,-0.006,0.06
191,0.03487519,0.0399397,0.0,0.012
192,-0.010911532,0.06928588,0.03,0.048
193,0.006281957,0.044472083,-0.018,0.048
194,0.017303407,0.043082487,0.006,0.036
195,-0.06633985,0.06805259,-0.03,0.102
196,0.017282993,0.052458674,-0.018,0.072
197,0.030308466,0.034622222,-0.006,0.06
198,0.00236959,0.044280194,-0.006,0.06
199,0.003962707,0.022846894,0.024,0.024
200,0.011600159,0.034066997,0.018,0.06
201,0.015675459,0.04529859,-0.006,0.036
202,0.038370006,0.051504396,-0.018,0.036
203,-0.036813766,0.031170653,0.024,0.012
204,0.0049830787,0.05556246,-0.006,0.072
205,0.0046069473,0.016863402,0.018,0.036
206,0.017455883,0.0413259,-0.018,0.09
207,-0.008549135,0.05710926,-0.018,0.06
208,0.0034121647,0.041850656,0.006,0.06
209,-0.03003646,0.03453666,0.018,0.036
210,-0.019411448,0.042002853,0.0,0.024
211,-0.0005160533,0.045474593,0.006,0.096
212,0.030810447,0.028070737,0.024,0.024
213,0.027081259,0.051061444,-0.018,0.102
214,-0.045103855,0.13476981,0.006,0.048
215,0.012690246,0.040336058,0.0,0.024
216,-0.05128964,0.07107644,0.042,0.06
217,0.03140563,0.037371103,-0.018,0.036
218,0.03322246,0.033284787,-0.018,0.036
219,-0.0019733086,0.05330096,-0.006,0.096
220,-0.005676925,0.017363884,-0.018,0.09
221,0.03790187,0.021236816,-0.018,0.072
222,0.03356882,0.036772724,-0.006,0.096
223,0.011050031,0.08010566,0.006,0.06
224,0.0210159,0.03622614,0.018,0.084
225,0.010578714,0.057703067,0.018,0.084
226,-0.0007852055,0.055971324,-0.006,0.06
227,0.030877275,0.08969175,-0.018,0.09
228,-0.010432888,0.063144565,0.006,0.036
229,0.009942722,0.04232693,0.006,0.072
230,-0.039047904,0.029628787,0.018,0.084
231,0.019763302,0.040663224,0.006,0.06
232,0.037210763,0.02205965,0.042,0.06
233,0.027611911,0.062404335,0.03,0.048
234,0.058311474,0.047548264,0.018,0.06
235,0.0416358,0.06658584,-0.006,0.048
236,0.018189829,0.044047333,0.006,0.048
237,-0.00070846453,0.030563235,0.018,0.072
238,0.023313703,0.04106819,-0.018,0.072
239,-0.0011611469,0.044564657,-0.006,0.048
240,-0.03765064,0.06846486,0.0,0.024
241,0.017392252,0.040970024,0.0,0.024
242,-0.0062348843,0.042721976,0.012,0.012
243,-0.0022957474,0.045524493,0.042,0.06
244,0.007617701,0.026234468,0.006,0.048
245,0.042478584,0.06817982,0.036,0.024
246,0.0047487356,0.06096296,-0.006,0.048
247,0.008642651,0.055755302,0.0,0.024
248,-0.015823182,0.072188675,0.018,0.084
249,0.017351886,0.05426611,0.018,0.072
250,-0.007744916,0.037591174,0.006,0.048
251,0.028063975,0.029115602,-0.012,0.024
252,-0.0101435445,0.07761609,0.006,0.06
253,0.04813216,0.08638908,-0.018,0.048
254,-0.0671851,0.043182246,-0.012,0.024
255,0.0066039823,0.05594542,0.018,0.072
256,0.02738052,0.0373891,0.018,0.084
257,0.0011821389,0.083768696,0.018,0.06
258,0.016188899,0.04504431,-0.018,0.036
259,0.0014076084,0.040962834,-0.018,0.06
260,0.016239453,0.035892807,0.018,0.036
261,0.04059254,0.023704693,-0.018,0.072
262,0.02572242,0.053604923,-0.018,0.06
263,-0.04272394,0.06356868,-0.018,0.072
264,0.03194261,0.029764708,-0.018,0.048
265,-0.025520913,0.058915254,0.006,0.096
266,0.05603174,0.062161677,-0.006,0.084
267,0.0032251067,0.053130068,0.006,0.06
268,0.01935977,0.042134322,0.012,0.024
269,0.10900131,0.025690049,0.018,0.072
270,-0.0026162118,0.024496298,0.012,0.012
271,0.027670288,0.030041866,0.036,0.012
272,0.025678512,0.04757635,-0.018,0.048
273,0.005497869,0.044033393,0.036,0.012
274,0.0015208907,0.065155454,0.018,0.036
275,-0.016211465,0.052874222,0.042,0.048
276,0.0020984188,0.055567443,0.006,0.084
277,0.01679903,0.042096496,0.042,0.06
278,-0.0019261464,0.042712376,0.024,0.024
279,0.002362553,0.062217433,0.03,0.036
280,0.021147085,0.06113744,0.012,0.012
281,0.016499147,0.040953323,-0.006,0.036
282,0.008614227,0.04246264,-0.018,0.072
283,0.017933514,0.037299506,0.006,0.036
284,0.049410902,0.039033577,-0.018,0.09
285,0.055317078,0.018803032,0.006,0.036
286,-0.022599567,0.031729534,-0.018,0.09
287,0.0725771,0.06695836,0.0,0.012
288,0.007901095,0.06859971,0.03,0.048
289,0.0033970773,0.03206493,-0.006,0.048
290,0.021313082,0.06677816,0.018,0.084
291,0.0091435835,0.04710076,-0.018,0.072
292,0.03125992,0.067357704,-0.006,0.048
293,-0.004103832,0.05497925,0.012,0.024
294,0.017038587,0.02059327,-0.006,0.096
295,0.0037879944,0.04863424,0.012,0.012
296,-0.0045904033,0.085060954,-0.018,0.102
297,-0.0017997473,0.058758482,0.018,0.084
298,-0.009199668,0.05643703,0.0,0.012
299,-0.0097334795,0.049770124,0.024,0.012
300,0.016674835,0.0403385,-0.006,0.084
301,0.027259743,0.019671991,0.006,0.072
302,0.024591256,0.044619434,-0.018,0.09
303,-0.15089652,-0.115647264,-0.006,0.096
304,-0.0069639347,0.036471494,0.006,0.048
305,0.02105518,0.034693558,0.006,0.072
306,0.029021814,0.030614387,0.018,0.06
307,0.013541814,0.03714192,-0.006,0.06
308,-0.0025916845,0.048354596,0.012,0.024
309,0.020510681,0.03247291,0.024,0.024
310,0.026727103,0.03725232,-0.018,0.072
311,0.006119389,0.049053825,0.042,0.048
312,0.012839422,0.046138246,-0.006,0.096
313,0.037255768,0.034084726,0.03,0.048
314,0.026750823,0.030168092,-0.018,0.036
315,-0.016726125,0.08500187,-0.006,0.072
316,0.0018291026,0.043742243,-0.006,0.048
317,0.021030728,0.043674003,-0.018,0.036
318,-0.0021236017,0.04738635,-0.006,0.048
319,0.0051716827,0.046677414,0.006,0.084
320,-0.009656448,0.04845766,-0.018,0.102
321,0.021292437,0.049021125,-0.006,0.048
322,0.011761773,0.037854478,-0.018,0.048
323,-0.0036658272,0.058169052,-0.03,0.102
324,0.0005832389,0.04128139,0.042,0.048
325,0.049851935,0.066906594,0.018,0.084
326,0.0028947145,0.027076462,0.006,0.06
327,0.016548116,0.043876495,0.0,0.024
328,0.03138765,0.028617507,-0.018,0.09
329,0.024400529,0.04073053,0.03,0.048
330,0.021727437,0.03341371,0.042,0.06
331,-0.014827464,0.08279882,-0.006,0.072
332,0.020942502,0.039145097,0.006,0.096
333,0.014888493,0.060079977,0.03,0.06
334,-0.0074290857,0.08078676,0.018,0.036
335,0.016953763,0.050648876,0.042,0.06
336,0.060672324,0.020023735,0.012,0.012
337,0.015116125,0.04391951,0.012,0.024
338,-0.009858016,0.050313648,0.006,0.072
339,-0.01635763,0.045491308,0.036,0.012
340,0.035409685,0.030538412,-0.018,0.036
341,0.03594966,0.036819775,-0.006,0.096
342,-0.018337343,0.051149957,-0.018,0.06
343,-0.0064522848,0.03454447,0.018,0.084
344,0.018202532,0.020813063,0.018,0.06
345,0.031020366,0.045845795,0.018,0.084
346,0.005499564,0.06344035,0.03,0.036
347,-0.01638328,0.08619659,0.006,0.048
348,0.041460894,0.04612735,-0.012,0.024
349,0.02241399,0.03322407,0.018,0.06
350,0.014254432,0.04474357,-0.018,0.036
351,-0.059815485,0.0808121,-0.006,0.096
352,0.017107854,0.038963817,0.006,0.096
353,0.009189129,0.046250917,0.036,0.024
354,0.0070074387,0.0417926,0.006,0.036
355,-0.028415646,0.07270336,0.036,0.012
356,0.035793874,0.043930836,0.006,0.048
357,0.009692967,0.052439086,0.036,0.024
358,0.01393209,0.053111203,0.0,0.012
359,-0.0028100535,0.057832286,0.0,0.012
360,0.043180294,0.020244475,0.036,0.012
361,0.040780082,0.061518844,0.0,0.024
362,-0.00066936016,0.062072262,-0.018,0.06
363,0.10279815,0.020555919,-0.006,0.096
364,-0.011432555,0.07506684,0.042,0.048
365,0.032311115,0.04058005,0.036,0.024
366,0.008115925,0.06537286,-0.012,0.024
367,0.024395175,0.03775251,-0.024,0.024
368,-0.025781263,0.064405985,-0.018,0.06
369,-0.040054467,0.07076644,0.006,0.084
370,0.018092964,0.03896939,-0.03,0.102
371,-0.032126475,0.077136636,-0.018,0.048
372,0.03981504,0.026096232,0.03,0.048
373,0.02832884,0.0446462,-0.006,0.06
374,0.020785978,0.07379727,0.006,0.084
375,0.0014049411,0.059256434,0.018,0.084
376,-0.007793557,0.06304645,0.018,0.084
377,0.027386582,0.04474799,0.018,0.072
378,0.006674841,0.077504635,-0.018,0.036
379,-0.0037585981,0.06769178,0.006,0.036
380,0.0039201193,0.04775703,0.012,0.012
381,0.041364253,0.032065697,0.018,0.036
382,-0.052091766,0.09573576,-0.006,0.072
383,0.03199815,0.056864552,0.0,0.012
384,0.033902194,0.058458198,0.006,0.06
385,0.011196904,0.061487228,-0.018,0.09
386,-0.0037413277,0.050189782,0.006,0.048
387,-0.045142666,0.06765924,-0.006,0.072
388,0.0138943195,0.030282876,-0.006,0.036
389,0.02319509,0.038597696,0.006,0.084
390,0.018386489,0.08457796,0.006,0.072
391,0.051097386,0.082701,-0.006,0.06
392,0.013936512,0.043940738,-0.018,0.06
393,0.022053568,0.03708125,0.006,0.096
394,0.022738107,0.045532156,0.024,0.024
395,0.03997163,0.033564396,0.006,0.06
396,0.04050576,0.018144816,0.006,0.06
397,0.0038730428,0.0030417684,0.018,0.072
398,-0.027830534,0.075236335,0.03,0.048
399,0.022211632,0.038528934,0.006,0.096
400,0.012963973,0.08470069,-0.006,0.096
401,0.05088867,0.040748227,0.042,0.06
402,-0.0069734417,0.05971697,0.006,0.036
403,-0.0033680052,0.064457595,0.006,0.036
404,0.03265161,0.025729932,0.042,0.06
405,0.09687768,0.040261738,-0.018,0.072
406,0.008895129,0.037605762,-0.018,0.102
407,0.020574393,0.019349642,-0.006,0.06
408,-0.07565184,0.08361936,0.03,0.06
409,0.047618873,0.04400562,-0.018,0.072
410,-0.02667151,0.023810674,0.006,0.072
411,0.033608183,0.029548593,-0.018,0.09
412,-0.01775064,0.057720695,0.03,0.036
413,-0.014854912,0.0710149,0.012,0.024
414,0.030370144,0.062370874,0.042,0.06
415,0.031179493,0.028769957,-0.018,0.09
416,-0.0060689263,0.04304313,-0.024,0.024
417,-0.025530871,0.0319466,0.036,0.012
418,0.028274324,0.03194249,-0.018,0.048
419,-0.022835035,0.045441255,-0.024,0.024
420,0.03886124,0.044764545,-0.006,0.072
421,0.015809584,0.043554768,0.042,0.048
422,0.0014898181,0.056602888,-0.024,0.024
423,0.012389958,0.04243176,-0.018,0.06
424,0.027527079,0.057755843,-0.006,0.096
425,0.041462045,0.056964457,-0.012,0.024
426,0.024122238,0.03896317,-0.006,0.06
427,0.029175032,0.027467344,-0.03,0.102
428,0.027010262,0.041309386,0.0,0.024
429,0.019818503,0.036649056,0.006,0.096
430,-0.020528197,0.068095714,0.018,0.072
431,0.030135395,0.028942771,0.018,0.084
432,0.017945781,0.044843167,0.006,0.036
433,0.016382253,0.040292084,0.03,0.06
434,-0.0012097582,0.06414928,0.006,0.084
435,0.014604429,0.06364982,0.018,0.072
436,0.07246804,0.054506093,0.03,0.036
437,-0.043821666,0.036031142,0.006,0.036
438,0.015491199,0.0697233,0.0,0.012
439,-0.08435559,0.072026744,0.006,0.036
440,-0.0586636,0.08890818,0.006,0.084
441,-0.0003594011,0.046079986,-0.018,0.09
442,-0.0019115508,0.033364806,-0.006,0.096
443,0.050061267,0.03105947,0.006,0.084
444,0.0011947677,0.05826363,-0.03,0.102
445,0.033857863,0.034191325,-0.018,0.06
446,0.022496672,0.04357426,0.018,0.036
447,-0.014914162,0.0383704,-0.018,0.036
448,0.024838354,0.033959482,-0.006,0.096
449,0.048026077,0.07572781,0.018,0.06
450,-0.0033093952,0.052189365,-0.006,0.096
451,0.029239535,0.072973594,0.006,0.096
452,0.049079753,0.031167768,0.006,0.084
453,0.016135251,0.046286084,0.012,0.012
454,0.028283015,0.0460746,-0.018,0.102
455,0.052242525,0.018964311,0.0,0.024
456,0.015833033,0.05056844,-0.018,0.06
457,-0.009719446,0.07378187,0.042,0.06
458,0.018014736,0.049822792,0.006,0.096
459,-0.0013700947,0.101226375,-0.006,0.036
460,0.046191894,0.029947411,0.0,0.024
461,0.018083937,0.03440567,-0.006,0.036
462,0.031061022,0.06728939,0.024,0.024
463,0.060653433,0.02752944,0.042,0.06
464,0.010573976,0.019504115,-0.006,0.048
465,0.05223274,0.01908577,0.042,0.06
466,0.00454773,0.07111783,-0.018,0.072
467,-0.052734792,0.080469094,0.042,0.048
468,0.03364683,0.036783006,-0.024,0.024
469,0.06715746,0.04058714,0.018,0.036
470,0.0050654,0.05250117,-0.006,0.096
471,0.007934626,0.04425016,-0.006,0.084
472,-0.017724961,0.04512151,-0.006,0.06
473,0.024064783,0.03988797,0.018,0.06
474,0.008104958,0.097262025,0.018,0.084
475,0.0022734813,0.032771766,0.006,0.036
476,0.032752633,0.03220031,-0.006,0.096
477,0.006991323,0.009978374,0.042,0.048
478,-0.007879313,0.06792088,0.0,0.012
479,0.027998112,0.036360797,0.03,0.036
480,0.0039117336,0.044735152,0.0,0.012
481,-0.021111213,0.047147453,-0.018,0.072
482,-0.0078949295,0.05776941,0.036,0.012
483,0.044866256,0.036147855,-0.03,0.102
484,0.0389424,0.021910416,0.018,0.06
485,0.001467526,0.044711363,-0.006,0.036
486,0.02990855,0.03924606,-0.018,0.072
487,-0.024312332,0.046335533,0.006,0.084
488,0.021580303,0.02789983,0.006,0.084
489,-0.012049247,0.06816128,-0.006,0.072
490,-0.0041947737,0.037049055,0.006,0.084
491,-0.047334272,0.06463198,0.018,0.036
492,-0.013120413,0.05539955,-0.018,0.09
493,-0.041021347,0.05779451,0.006,0.036
494,0.0063553527,0.053649392,0.006,0.084
495,0.027204644,0.03137164,-0.03,0.102
496,0.017715808,0.057603955,-0.018,0.048
497,0.0051938184,0.064659655,-0.006,0.084
498,0.011867944,0.06353428,0.042,0.06
499,-0.011265118,0.06985846,0.03,0.048
500,-0.032456547,0.06001799,-0.006,0.048
501,0.049029917,0.036580823,0.036,0.024
502,0.015207894,0.026530482,-0.024,0.024
503,-0.0035223626,0.064471856,0.03,0.06
504,0.018430222,0.04141213,0.006,0.072
505,0.03904283,0.06580551,-0.018,0.048
506,-0.054026607,0.1000611,0.0,0.012
507,0.063427,0.036110736,-0.006,0.072
508,0.00464613,0.047134407,0.012,0.024
509,0.00732065,0.055568684,0.03,0.036
510,0.013988845,0.09524899,0.006,0.06
511,0.027195934,0.038589023,0.018,0.036
512,0.02231507,0.07285376,0.0,0.024
513,0.0034779608,0.061532304,0.042,0.048
514,0.006957669,0.030459873,0.042,0.06
515,0.060723335,0.058377124,0.018,0.072
516,0.026923727,0.0558443,0.018,0.084
517,0.0045554824,0.05604806,-0.03,0.102
518,0.007364314,0.05260264,0.018,0.036
519,0.011452733,0.06686241,-0.006,0.072
520,0.009773303,0.05387767,-0.03,0.102
521,0.014428645,0.038044617,-0.006,0.072
522,-0.03947197,0.08333678,0.006,0.084
523,-0.021947414,-0.057678074,-0.006,0.072
524,-0.0037485696,0.057241753,-0.018,0.072
525,-0.009486582,0.05475317,0.006,0.084
526,0.031120803,0.02761405,0.018,0.084
527,0.023838991,0.043586478,-0.03,0.102
528,-0.018118955,0.082987554,0.018,0.072
529,0.037680518,0.03399252,-0.018,0.09
530,-0.01656688,0.06928195,-0.006,0.072
531,-0.0029315986,0.05112019,0.036,0.024
532,0.053730413,0.02462161,0.018,0.084
533,0.03155566,0.03888637,-0.006,0.048
534,0.007860396,0.04456143,0.006,0.096
535,0.009275168,0.0427851,-0.018,0.102
536,0.007821444,0.056064434,0.0,0.024
537,-0.0020180978,0.054684237,-0.006,0.048
538,-0.0027032495,0.03308861,0.042,0.048
539,0.08453039,0.05737649,0.018,0.06
540,-0.021228869,0.07446672,0.006,0.084
541,0.0075595565,0.082613066,-0.018,0.048
542,-0.0045204014,0.056532647,0.006,0.084
543,0.0064587556,0.04327611,0.0,0.024
544,0.016592914,0.040073313,0.042,0.06
545,-0.0131434165,0.05404307,0.018,0.084
546,-0.02075361,0.069845945,-0.018,0.06
547,-0.04119741,0.07655528,0.006,0.084
548,0.032211322,0.021251947,0.006,0.084
549,0.028479509,0.03317605,0.006,0.072
550,0.024536822,0.04797578,0.03,0.036
551,0.023556352,0.033308752,-0.006,0.084
552,0.02432907,0.0102070905,0.006,0.096
553,0.0019521229,0.050602175,0.018,0.072
554,0.031900913,0.042360537,0.024,0.024
555,0.02586545,0.036582023,0.012,0.012
556,-0.042784743,0.052205462,-0.006,0.048
557,-0.039482076,0.07723704,-0.006,0.096
558,-0.04648042,0.03496991,0.006,0.084
559,0.010439608,0.0596338,0.018,0.06
560,0.019413996,0.04916557,0.006,0.084
561,-0.0027821623,0.028090335,0.012,0.012
562,0.019108124,0.036901556,-0.018,0.09
563,-0.0017981306,0.04698337,-0.006,0.06
564,0.024904333,0.03387855,0.018,0.072
565,0.004922185,0.051999044,0.024,0.012
566,0.006801974,0.04645847,0.006,0.072
567,0.042893197,0.03811688,0.006,0.096
568,0.05554988,0.03946279,0.012,0.024
569,0.0059676617,0.048073813,0.006,0.048
570,0.0038860254,0.04936849,0.024,0.012
571,0.0057855807,0.037239555,0.03,0.06
572,-0.0009447299,0.07883197,-0.006,0.048
573,-0.0031041838,0.05781509,0.0,0.012
574,0.0047788545,0.041200787,-0.012,0.024
575,0.01585275,0.041159764,0.024,0.012
576,0.009216471,0.044365298,0.006,0.036
577,0.0104739405,0.05110231,-0.006,0.096
578,0.044409234,0.05187796,0.018,0.084
579,0.039452914,0.023606865,0.018,0.072
580,0.01987184,0.033229005,0.006,0.084
581,0.015856242,0.049045175,0.03,0.048
582,0.026537392,0.03767427,0.012,0.024
583,-0.023609713,0.06514139,0.0,0.012
584,-0.0028274842,0.064724706,0.018,0.072
585,-0.046355627,0.040647157,0.042,0.06
586,0.005094763,0.046514384,0.03,0.048
587,0.05312575,0.059962746,-0.018,0.102
588,0.04560136,0.04777849,0.0,0.024
589,0.011305343,0.08521501,0.0,0.024
590,0.030511845,0.032634094,0.042,0.048
591,0.019308118,0.036914997,-0.03,0.102
592,0.014277041,0.04108215,0.018,0.036
593,-0.010223296,0.061668843,-0.006,0.036
594,-0.004788846,0.055054814,0.006,0.096
595,0.026025482,0.040715255,-0.018,0.06
596,0.031530485,0.021973917,0.0,0.012
597,0.0024932027,0.060015626,0.024,0.012
598,-0.006850973,0.058324724,0.006,0.048
599,0.016880607,0.052563436,-0.006,0.048
600,0.027135596,0.043074533,-0.018,0.048
601,0.03410978,0.034318816,0.012,0.024
602,0.02841027,0.022325475,-0.018,0.072
603,0.008102216,0.05071806,0.03,0.048
604,0.026784202,0.030722527,-0.006,0.06
605,0.042347413,0.047546756,-0.018,0.036
606,-0.016037736,0.06077598,-0.018,0.036
607,0.0013790838,0.074432075,-0.018,0.102
608,0.005548291,0.046164263,-0.018,0.048
609,0.0033757575,0.056837775,0.006,0.036
610,-0.012204815,0.07603067,0.036,0.012
611,0.009817282,0.052296568,0.03,0.048
612,0.014563255,0.046918333,-0.018,0.09
613,0.027702,0.028695852,-0.024,0.024
614,-0.008710485,0.062161196,0.018,0.06
615,0.015493948,0.054125648,0.006,0.048
616,0.038638882,0.023980793,0.036,0.024
617,-0.05071175,0.101855054,0.024,0.024
618,0.012250306,0.031025225,0.018,0.036
619,0.0118546635,0.030795366,-0.006,0.06
620,0.008226126,0.056318082,0.03,0.06
621,0.010347651,0.041302122,-0.006,0.036
622,0.009284042,0.054589763,0.036,0.024
623,0.013737991,0.045016162,-0.006,0.048
624,0.03259224,0.042812303,-0.006,0.036
625,-0.008249611,0.032298647,0.03,0.048
626,0.013498265,0.04362014,0.036,0.012
627,0.013376825,0.043039534,0.042,0.06
628,0.00067943335,0.071468495,0.036,0.024
629,0.0047125593,0.03898196,-0.03,0.102
630,0.0306717,0.020062614,-0.006,0.096
631,-0.0051361583,0.037807826,0.006,0.072
632,-0.023734726,0.087175615,0.018,0.072
633,-0.026644312,0.020809647,0.018,0.036
634,-0.004664056,0.061845683,0.03,0.06
635,0.033301532,0.044159018,-0.006,0.048
636,0.02378284,0.039332185,0.006,0.084
637,0.022113075,0.030162774,-0.006,0.06
638,0.06562238,0.06580585,0.024,0.024
639,0.033377267,0.036850046,0.006,0.084
640,-0.053748593,0.12066327,0.024,0.024
641,0.011365069,0.049904633,0.012,0.024
642,0.002450984,0.053566188,-0.006,0.084
643,-0.012151215,0.06257956,0.018,0.06
644,0.013680156,0.058241032,0.03,0.06
645,-0.0008457601,0.031688355,0.042,0.048
646,0.043597322,0.046178717,0.024,0.012
647,0.022711743,0.036459766,0.006,0.096
648,-0.0059017874,0.021715343,0.012,0.024
649,-0.0287892,0.08306621,0.006,0.06
650,0.027476035,0.050379016,-0.018,0.06
651,0.024179447,0.042555682,0.042,0.048
652,0.036699116,0.036801513,0.03,0.06
653,0.0026570596,0.033541158,-0.006,0.036
654,0.015611067,0.0399404,0.006,0.084
655,0.024349017,0.07045566,0.006,0.06
656,-0.0074477457,0.09482667,0.018,0.072
657,0.012034886,0.047984995,0.018,0.072
658,-0.025240108,0.005518956,0.03,0.06
659,-0.001638025,0.05253116,0.018,0.06
660,-0.04641037,0.0402669,-0.006,0.084
661,0.0045852996,0.055523068,0.006,0.036
662,-0.0008877404,0.044394366,-0.018,0.102
663,0.0023983493,0.100938536,0.042,0.06
664,-0.009675536,0.06991529,0.03,0.036
665,-0.0020035766,0.05373348,-0.018,0.036
666,-0.041016735,0.08288166,0.018,0.072
667,0.02877381,0.028403936,-0.018,0.102
668,0.03492499,0.026529169,-0.006,0.048
669,-0.020491906,0.06578994,0.042,0.06
670,-0.026875995,0.058198996,0.018,0.084
671,0.022980709,0.03475614,0.006,0.096
672,0.012597416,0.032996476,0.0,0.012
673,0.032585524,0.07610802,-0.006,0.036
674,0.01612737,0.038532298,-0.006,0.06
675,0.022729881,0.06029515,-0.006,0.048
676,0.018858843,0.037308384,0.006,0.084
677,0.025238007,0.03845711,-0.018,0.102
678,0.016157053,0.04750064,0.024,0.024
679,0.014188059,0.03004417,0.036,0.012
680,0.029323842,0.03663578,0.03,0.06
681,0.03535353,0.03981269,0.012,0.024
682,0.036746986,0.035042156,0.018,0.06
683,0.02379689,0.04916157,0.0,0.012
684,-0.00027371198,0.035763465,-0.018,0.036
685,-0.009341702,0.019992057,-0.006,0.06
686,0.008678075,0.042776257,0.018,0.072
687,-0.009412415,0.033921443,-0.018,0.072
688,-0.030048978,0.07676281,-0.018,0.048
689,0.006035071,0.06445121,-0.012,0.024
690,-0.013647061,0.019981788,-0.03,0.102
691,0.002393853,0.05318378,-0.006,0.072
692,-0.0016659461,0.06625543,-0.012,0.024
693,0.013130395,0.059007928,0.006,0.06
694,0.019970357,0.079936534,-0.006,0.084
695,0.028711468,0.039074194,-0.018,0.102
696,0.017449994,0.06857862,0.024,0.012
697,0.0202763,0.0370406,0.006,0.048
698,0.010284174,0.059316996,0.018,0.06
699,-0.03076122,0.05039692,0.006,0.06
700,-0.009954128,0.053215884,-0.006,0.048
701,-0.022779774,0.055562787,-0.006,0.048
702,-0.03470429,0.07860459,-0.006,0.06
703,0.012294004,0.053232007,-0.018,0.048
704,0.03745132,0.025201526,0.024,0.024
705,0.062162198,0.046311893,0.006,0.036
706,0.02218398,0.055832356,-0.006,0.072
707,-0.028335646,0.08132172,-0.006,0.084
708,-0.019136075,0.103015706,-0.006,0.036
709,0.005615879,0.063327156,-0.024,0.024
710,-0.02069908,0.08640015,0.036,0.024
711,0.024922471,0.040798992,-0.012,0.024
712,0.00078494474,0.06483233,-0.006,0.036
713,0.009277411,0.05129467,0.012,0.012
714,0.034437716,0.04491771,-0.012,0.024
715,-0.006466072,0.055719253,0.006,0.072
716,-0.016718917,0.044626616,-0.018,0.06
717,0.021126343,0.025063314,0.006,0.084
718,0.023214858,0.03715005,-0.006,0.084
719,-0.0094170235,0.049284108,-0.006,0.048
720,-0.0110645,0.061292924,0.042,0.06
721,0.018137908,0.04444415,0.042,0.06
722,0.023807157,0.041381173,0.006,0.048
723,0.016657092,0.057501346,-0.006,0.036
724,0.0006280914,0.036154382,-0.024,0.024
725,0.016438052,0.03930179,0.03,0.036
726,0.04813973,0.05015292,0.042,0.06
727,-0.015666045,0.07543039,-0.024,0.024
728,0.02108841,0.0485084,0.024,0.012
729,-0.0010277666,0.06147745,-0.018,0.09
730,0.004959237,0.029508162,0.018,0.06
731,0.013837364,0.0408279,-0.018,0.102
732,-0.00545324,0.05535683,0.006,0.048
733,0.015625939,0.043167606,0.006,0.06
734,0.016913584,0.044648416,0.042,0.06
735,0.022788465,0.037011344,-0.03,0.102
736,0.013778411,0.038648512,-0.006,0.072
737,-0.007893171,0.041984808,-0.006,0.06
738,0.0068148,0.058365718,0.006,0.048
739,-0.004914779,0.065002695,0.012,0.012
740,-0.019398395,0.09855121,0.03,0.06
741,0.0010304414,0.05880028,0.006,0.072
742,0.0022577867,0.04642997,0.042,0.06
743,-0.03415763,0.09122187,-0.024,0.024
744,-0.022669658,0.1048709,-0.006,0.06
745,-0.008255146,0.064048715,-0.018,0.102
746,0.021486053,0.053180747,0.03,0.048
747,0.002509024,0.036734864,-0.006,0.048
748,0.022864342,0.03322169,-0.018,0.036
749,0.052097384,0.079829976,0.018,0.072
750,0.020420304,0.03816019,0.042,0.06
751,0.01937799,0.041470066,0.006,0.084
752,-0.0018222779,0.032010864,0.006,0.036
753,0.01902199,0.041800246,0.042,0.048
754,0.0072493497,0.03523933,0.018,0.06
755,-0.019231662,0.064879075,-0.006,0.06
756,-0.00063879415,0.059512496,-0.018,0.06
757,-0.04949363,0.052992262,-0.018,0.09
758,-0.002107665,0.06158699,-0.018,0.102
759,0.008487169,0.036224194,-0.006,0.06
760,0.0027951375,0.055659637,-0.006,0.06
761,0.012875341,0.04164519,0.018,0.036
762,-0.009934384,0.064050585,0.036,0.012
763,0.009278629,0.034334853,0.042,0.06
764,0.0023107268,0.050275557,-0.006,0.036
765,0.0041066892,0.046605967,-0.018,0.036
766,0.03168687,0.033223387,0.024,0.012
767,0.0131803155,0.07313195,0.006,0.06
768,0.0209532,0.08758126,0.012,0.012
769,0.026470069,0.041352466,0.012,0.012
770,0.01241241,0.041828632,0.0,0.012
771,-0.009329658,0.06171812,-0.03,0.102
772,0.016704328,0.044547237,0.006,0.084
773,0.04135337,0.029641986,-0.018,0.09
774,0.017125972,0.0378528,0.012,0.024
775,0.021151854,0.03639295,0.024,0.012
776,-0.012319695,0.06887483,0.006,0.072
777,0.021342255,0.04254362,0.006,0.036
778,-0.0015277825,0.057133235,0.0,0.012
779,0.0025559254,0.038912315,0.012,0.012
780,-0.0037160628,0.059717488,0.0,0.012
781,0.0028339215,0.06312963,0.006,0.096
782,0.012120059,0.10744862,0.006,0.036
783,-0.0069783665,0.04876107,0.036,0.024
784,0.012856334,0.025242332,-0.024,0.024
785,0.013919473,0.04094235,0.006,0.072
786,0.020212464,0.08884143,-0.006,0.072
787,0.014131583,0.05073098,0.018,0.084
788,-0.010269046,0.049171645,-0.018,0.06
789,0.008426417,0.03766587,0.0,0.024
790,0.029586561,0.059770834,-0.006,0.048
791,0.007048961,0.04109306,0.006,0.048
792,0.027530815,0.030863913,-0.006,0.072
793,0.011092121,0.04923389,0.006,0.096
794,0.032023918,0.04049761,-0.006,0.036
795,0.024566066,0.04703611,0.018,0.06
796,0.06971486,0.086863406,-0.03,0.102
797,-0.019596316,0.056404684,-0.018,0.072
798,0.01941881,0.037282225,0.006,0.048
799,0.021726323,0.0798392,0.036,0.012
800,-0.0039304383,0.061363377,-0.006,0.048
801,-0.02910025,0.08465022,0.018,0.084
802,0.0035628602,0.054461166,-0.006,0.084
803,-0.017381273,0.06313691,0.018,0.072
804,0.018938208,0.050078325,0.006,0.048
805,0.002809167,0.057943225,-0.006,0.036
806,0.04590988,0.028781962,0.006,0.06
807,-0.00014855713,0.09269881,0.0,0.012
808,0.010904986,0.12080555,-0.006,0.06
809,0.023242405,0.039702345,0.006,0.084
810,-0.024505693,0.09439243,0.024,0.024
811,-0.057051137,0.0731551,0.042,0.048
812,0.04867926,0.03743735,-0.03,0.102
813,-0.003355369,0.056678332,0.042,0.06
814,-0.0031360462,0.06344782,-0.018,0.048
815,0.03395396,0.05006221,0.006,0.048
816,0.030146148,0.051566638,0.036,0.012
817,0.0073376633,0.034715313,0.03,0.036
818,-0.035602197,0.028082095,0.006,0.06
819,0.014901858,0.044880245,-0.006,0.072
820,0.030642908,0.06948725,0.012,0.012
821,0.019723432,0.039288685,0.036,0.024
822,0.011568215,0.055589896,0.006,0.072
823,0.0035355762,0.05729289,-0.012,0.024
824,0.015424632,0.06283858,0.03,0.06
825,0.018949706,0.055972964,-0.03,0.102
826,0.010125823,0.044037342,-0.018,0.09
827,0.014811991,0.040915236,0.024,0.012
828,-0.059464876,0.09380117,-0.018,0.09
829,0.0051836446,0.05960885,-0.018,0.102
830,0.0012229979,0.040953867,0.042,0.06
831,0.03683126,0.030268975,0.0,0.024
832,0.013163373,0.06045209,-0.018,0.102
833,0.044841878,0.048999377,0.012,0.024
834,0.0013709478,0.06901781,0.042,0.06
835,0.0033564381,0.054183133,0.024,0.012
836,-0.00020540506,0.06720635,0.0,0.012
837,0.010773998,0.052994814,-0.018,0.072
838,-0.01849768,0.03150725,-0.018,0.048
839,0.014906913,0.037480585,-0.006,0.036
840,2.1472573e-05,0.040174387,0.018,0.072
841,0.0058983453,0.046650067,-0.018,0.072
842,0.014583092,0.03995982,-0.018,0.036
843,-0.039894927,0.023977049,-0.018,0.072
844,0.014372852,0.04440998,-0.018,0.048
845,0.013430357,0.058447376,-0.006,0.048
846,-0.028582994,0.06416942,-0.006,0.096
847,0.022366362,0.040425148,0.0,0.012
848,-0.0011801571,0.07529101,-0.018,0.06
849,-0.012429725,0.0648353,0.042,0.048
850,0.019225696,0.036839217,0.024,0.024
851,0.04532904,0.031445943,-0.03,0.102
852,-0.01896939,0.05145362,-0.006,0.036
853,-0.029530365,0.0779695,0.006,0.072
854,0.016554061,0.051113155,-0.006,0.048
855,0.00821146,0.053110514,0.018,0.084
856,-0.030479774,0.078955665,0.018,0.084
857,-0.07796816,0.11765993,0.03,0.06
858,0.004267659,0.006875353,0.006,0.048
859,0.014931019,0.040335104,0.018,0.072
860,0.020308282,0.041943952,0.012,0.024
861,0.010815611,0.010661714,0.0,0.024
862,-0.051108807,0.03016957,-0.024,0.024
863,0.027646523,0.07349047,0.0,0.012
864,0.02663719,0.036223724,-0.006,0.06
865,-0.019291226,0.039895456,-0.006,0.084
866,0.026198655,0.034266595,-0.006,0.036
867,0.01850407,0.03553333,-0.006,0.06
868,-0.0067713857,0.044666275,-0.012,0.024
869,0.009372922,0.040169455,0.006,0.084
870,0.032741696,0.047525316,0.03,0.06
871,-0.05380995,0.05828982,0.006,0.096
872,0.024388347,0.05119437,0.006,0.084
873,0.0043985955,0.063540444,0.036,0.012
874,0.026688507,0.043953516,-0.006,0.048
875,-0.07116368,0.033844065,-0.018,0.06
876,0.008462813,0.05005046,-0.012,0.024
877,0.015723113,0.038480006,0.012,0.012
878,0.023510484,0.036136188,0.006,0.072
879,-0.0006651953,0.023992263,0.012,0.024
880,0.026880693,0.052134328,-0.018,0.048
881,0.0089979805,0.032627024,0.03,0.048
882,-0.092274584,0.09009397,-0.018,0.072
883,-0.0054559372,0.066501416,-0.018,0.072
884,0.018805332,0.04631565,-0.006,0.036
885,0.010350801,0.042437777,0.006,0.096
886,-0.0055789463,0.06203735,0.042,0.06
887,0.018369686,0.051252037,-0.018,0.06
888,0.008912072,0.055544022,0.006,0.084
889,-0.024615653,0.080660254,0.006,0.072
890,0.054621235,0.028169658,0.006,0.072
891,-0.008999173,0.052956928,0.018,0.06
892,0.0117757805,0.049391747,0.042,0.048
893,0.024325984,0.04114176,0.006,0.06
894,-0.0105210915,0.045838177,0.03,0.036
895,0.015801646,0.053841442,0.012,0.012
896,-0.032155022,0.051760603,-0.006,0.06
897,0.017521907,0.050109528,0.036,0.012
898,0.00066591427,0.05039659,-0.018,0.036
899,0.0132269915,0.06382686,-0.006,0.048
900,0.018327724,0.043598555,0.018,0.036
901,-0.016415033,0.07327585,0.024,0.024
902,0.011846971,0.04047934,0.03,0.048
903,0.021474585,0.050214272,0.006,0.072
904,0.014216771,0.04146792,0.006,0.084
905,0.00015268847,0.054082688,-0.018,0.06
906,0.016597405,0.03939226,-0.03,0.102
907,-0.028230961,0.07175762,0.036,0.024
908,-0.020991996,0.06494021,0.018,0.06
909,0.009583607,0.046151787,0.006,0.096
910,0.020066207,0.058049247,0.036,0.024
911,0.01900732,0.03727129,0.03,0.06
912,0.041100316,0.028319245,-0.006,0.06
913,0.042110804,0.040272743,0.036,0.012
914,0.007114785,0.046172343,-0.006,0.06
915,-0.036214195,0.052178055,-0.006,0.072
916,0.008058779,0.07088193,0.018,0.06
917,-0.001494851,0.052269988,-0.024,0.024
918,0.013510475,0.08125955,0.0,0.024
919,0.0027410649,0.061846733,0.006,0.036
920,0.03003314,0.022380257,0.018,0.072
921,0.016306667,0.042406216,0.0,0.024
922,0.0014932267,0.04596088,-0.03,0.102
923,0.038215134,0.0047060773,-0.006,0.084
924,0.027640771,0.071185194,-0.018,0.102
925,0.021821238,0.044819236,-0.006,0.036
926,0.0012273677,0.06924246,0.006,0.06
927,0.06493606,0.05204767,-0.018,0.036
928,0.027533209,0.050769,-0.018,0.048
929,0.020603903,0.036964092,-0.006,0.072
930,0.00651017,0.08010369,0.03,0.048
931,0.01792553,0.059339024,-0.006,0.048
932,0.010687452,0.044627562,0.018,0.072
933,0.019154565,0.035614606,0.036,0.024
934,-0.012757264,0.06858371,0.018,0.084
935,-0.007405635,0.055869974,0.024,0.024
936,0.013750995,0.054195598,-0.006,0.048
937,0.018627362,0.0373045,0.012,0.012
938,0.01403828,0.039889455,0.03,0.036
939,-0.031205945,0.08030777,-0.018,0.072
940,-0.014095325,0.037924297,0.024,0.012
941,0.00861023,0.052064244,0.042,0.06
942,0.0069240816,0.043015845,0.042,0.048
943,0.0024487711,0.032008883,-0.006,0.036
944,0.01353606,0.05651801,0.006,0.072
945,0.011367358,0.04459682,-0.006,0.084
946,0.020888671,0.064898446,-0.006,0.084
947,0.016738612,0.044987183,-0.018,0.09
948,-0.012125004,0.0352031,0.006,0.072
949,-0.009310573,0.05960764,-0.006,0.036
950,0.027229402,0.07446262,0.006,0.084
951,0.021698529,0.045868926,0.006,0.096
952,0.011394434,0.081210256,0.03,0.036
953,-0.0058796294,0.046669304,0.0,0.012
954,-0.01911854,0.07143944,0.03,0.06
955,0.008296533,0.03722657,0.006,0.084
956,0.0052809604,0.054496713,-0.006,0.072
957,0.028916406,0.031434126,0.0,0.012
958,0.032160245,0.028971635,0.006,0.036
959,-0.0259442,0.06686506,0.006,0.084
960,-0.049203113,0.038751043,-0.006,0.06
961,0.06021195,0.036793545,0.0,0.024
962,0.024591321,0.0284566,0.018,0.06
963,0.0035592858,0.059322994,0.018,0.06
964,-0.031535268,0.03868125,0.006,0.06
965,0.02924366,0.037721224,0.0,0.024
966,0.019852001,0.053390436,-0.012,0.024
967,-0.020055428,0.07062669,-0.006,0.072
968,0.0049527995,0.047824927,-0.018,0.102
969,0.040018037,0.05453164,0.0,0.024
970,0.02453632,0.13809606,0.018,0.036
971,0.026419172,0.03651482,0.006,0.036
972,0.0016021803,0.04392094,0.036,0.012
973,0.01487961,0.06449511,0.018,0.072
974,0.052834447,0.048635013,-0.03,0.102
975,0.0023730323,0.058162235,0.006,0.072
976,0.0040714834,0.073082656,-0.018,0.09
977,-0.053023495,0.07356121,0.018,0.084
978,-0.00888535,0.06384062,-0.006,0.072
979,0.0057170056,0.03788935,-0.006,0.036
980,0.020255495,0.042985514,-0.006,0.048
981,0.0065863654,0.045810387,-0.018,0.072
982,0.059991848,0.030777233,0.0,0.024
983,-0.010628719,0.047562484,0.024,0.024
984,0.03225126,0.064136446,-0.006,0.096
985,-0.0029608123,0.04259435,0.0,0.024
986,-0.002579037,0.06327001,0.036,0.024
987,-0.009073909,0.07098108,-0.018,0.072
988,0.005930407,0.058982186,0.042,0.048
989,-0.010027729,0.047940545,-0.006,0.06
990,0.009940606,0.07015841,0.006,0.084
991,-0.014981512,0.06855402,0.036,0.012
992,0.034242563,0.03686271,0.006,0.084
993,0.008883765,0.06916811,0.036,0.012
994,0.028527616,0.03452738,0.042,0.048
995,0.0041947365,0.04023439,0.024,0.024
996,-0.008627027,0.09000462,0.042,0.06
997,0.020819243,0.034098,0.036,0.012
998,0.0046275686,0.046657063,-0.018,0.102
999,-0.008200992,0.056103386,0.018,0.036
1000,-0.0034225993,0.05632613,0.0,0.024
1001,0.015201403,0.042775325,0.024,0.012
1002,-0.012752075,0.052924763,-0.018,0.072
1003,-0.02779179,0.09595959,-0.018,0.072
1004,-0.0045170225,0.059138767,0.0,0.012
1005,0.025333818,0.037181098,-0.012,0.024
1006,0.020773116,0.08915548,-0.006,0.06
1007,-0.010429628,0.062366806,0.012,0.012
1008,0.038808517,0.034967005,-0.018,0.036
1009,0.0047357418,0.06552306,0.042,0.048
1010,0.011017419,0.060138933,0.018,0.072
1011,-0.002084393,0.06025631,-0.006,0.06
1012,0.02384084,0.032500096,-0.024,0.024
1013,-0.05334369,0.044804096,-0.006,0.072
1014,0.014384186,0.05894481,-0.012,0.024
1015,0.032477714,0.02943375,-0.018,0.09
1016,0.021052925,0.044336475,0.018,0.072
1017,0.008733716,0.055241153,0.0,0.024
1018,0.011442693,0.041507535,0.024,0.024
1019,0.017449649,0.040420473,0.042,0.06
1020,0.014865633,0.04868156,-0.018,0.09
1021,0.003487762,0.055726375,0.042,0.06
1022,0.031078566,0.042996384,0.042,0.048
1023,-0.030862667,0.021409176,0.006,0.048
1024,0.019901646,0.033990897,-0.006,0.096
1025,0.010270007,0.04207538,-0.024,0.024
1026,0.029992763,0.033156194,-0.018,0.102
1027,0.013705861,0.053811125,-0.024,0.024
1028,0.022187613,0.06435277,0.006,0.048
1029,-0.008638121,0.064881004,0.012,0.012
1030,0.00048551336,0.03671259,0.006,0.048
1031,-0.03218123,0.047545984,0.018,0.06
1032,-0.0138435885,0.10492421,0.0,0.012
1033,0.0026898552,0.046887126,0.024,0.024
1034,-0.018429413,0.07465902,0.018,0.06
1035,0.03289404,0.028700972,-0.006,0.096
1036,0.025669657,0.039155707,-0.012,0.024
1037,0.020069038,0.04089366,0.006,0.072
1038,0.0025118105,0.014242724,0.03,0.036
1039,-0.003294155,0.06028208,-0.018,0.102
1040,-0.029440977,0.051281806,0.042,0.048
1041,0.0020744503,0.052756157,-0.018,0.06
1042,-0.02229008,0.050197616,0.03,0.036
1043,-0.009815704,0.058860235,0.018,0.06
1044,0.018270323,0.039815493,0.018,0.036
1045,0.01119823,0.039638698,0.006,0.084
1046,0.025879802,0.036111645,0.006,0.036
1047,0.013675727,0.051733118,-0.018,0.09
1048,0.0056571625,0.047141135,-0.006,0.084
1049,0.023106303,0.04436404,0.024,0.012
1050,-0.010719053,0.060163483,0.03,0.06
1051,0.020266186,0.046180442,0.006,0.084
1052,-0.013559528,0.06008847,0.006,0.048
1053,0.0012982413,0.048185274,-0.018,0.102
1054,0.0010242201,0.048900977,-0.018,0.048
1055,-0.0040358454,0.08808701,0.0,0.012
1056,0.010076381,0.04054553,-0.018,0.102
1057,0.0006980859,0.055279307,-0.024,0.024
1058,0.012270462,0.03888135,-0.006,0.084
1059,-0.028118927,0.025782175,0.006,0.036
1060,0.035872623,0.074146956,-0.018,0.09
1061,0.05143728,-0.0072670635,0.018,0.072
1062,0.015146626,0.050274335,-0.006,0.048
1063,0.01820615,0.042366832,0.024,0.012
1064,0.019319527,0.040817004,-0.006,0.096
1065,-0.003897667,0.08637727,-0.012,0.024
1066,0.006298423,0.043530926,0.0,0.024
1067,0.038609628,0.05908438,0.0,0.012
1068,0.05162758,0.03837353,-0.006,0.048
1069,-0.034655347,0.04396353,0.018,0.072
1070,0.05343177,0.08579751,0.042,0.06
1071,0.004370965,0.05336311,0.006,0.096
1072,0.0056500267,0.04815309,0.006,0.06
1073,0.026103314,0.032341164,0.0,0.012
1074,0.018577393,0.048348032,0.006,0.036
1075,0.0028850548,0.059151806,-0.018,0.048
1076,-8.881092e-06,0.06091143,-0.006,0.096
1077,0.016359823,0.043301217,0.0,0.012
1078,0.0014590919,0.066184446,0.006,0.072
1079,0.026965696,0.049076512,-0.03,0.102
1080,0.016691418,0.04186499,0.036,0.024
1081,-0.017701346,0.033168785,-0.024,0.024
1082,0.005834643,0.0262965,0.024,0.024
1083,0.0037362762,0.046895042,0.006,0.084
1084,0.018085595,0.035174336,-0.006,0.084
1085,0.009042075,0.05015249,0.036,0.012
1086,-0.041142423,0.049183667,-0.018,0.048
1087,-0.0063137375,-0.012366105,0.006,0.06
1088,-0.0022134706,0.08225199,0.006,0.036
1089,-0.00089905784,0.049021974,0.0,0.024
1090,0.019749746,0.03825106,0.006,0.048
1091,0.008879352,0.041536503,-0.006,0.072
1092,-0.018639319,0.07777355,0.024,0.012
1093,0.019366814,0.08026414,0.0,0.024
1094,0.053060353,0.048748493,0.0,0.012
1095,0.04171797,0.032652587,-0.006,0.036
1096,0.022906465,0.035398398,0.024,0.024
1097,0.03174684,0.029075336,0.012,0.024
1098,0.018965745,0.038248748,0.012,0.024
1099,-0.0025034659,0.04050135,0.03,0.06
1100,0.019903172,0.056231335,-0.018,0.09
1101,-0.034118872,0.09656939,-0.018,0.09
1102,-0.005453255,0.02852468,0.0,0.012
1103,-0.020609643,0.097783014,0.0,0.024
1104,-0.014611617,0.069206804,-0.012,0.024
1105,0.027665714,0.05125845,-0.018,0.048
1106,-0.0062498674,0.066386625,-0.006,0.036
1107,0.036476307,0.03336296,0.042,0.048
1108,0.017805371,0.034706555,-0.03,0.102
1109,0.012454821,0.089594506,-0.018,0.06
1110,-0.0056157745,0.0584646,0.03,0.06
1111,0.012079036,0.04677888,0.012,0.024
1112,0.030493712,0.07362677,-0.018,0.102
1113,0.012438666,0.03681914,0.018,0.06
1114,0.0042362493,0.05756577,0.018,0.072
1115,-0.00014182925,0.055524275,0.0,0.012
1116,0.036912307,0.062567025,0.036,0.024
1117,0.041627333,0.049616188,0.024,0.012
1118,-0.0713591,0.04614678,0.0,0.012
1119,0.0058534313,0.033216428,-0.03,0.102
1120,0.041801654,0.059672777,0.006,0.06
1121,-0.02272046,0.025730878,-0.006,0.048
1122,0.017602574,0.039980985,-0.018,0.102
1123,0.01323113,0.049255632,0.03,0.06
1124,-0.05366758,0.014332788,-0.018,0.06
1125,-0.00061457977,0.06286891,0.006,0.084
1126,-0.0106083155,0.043616798,0.018,0.072
1127,0.014749616,0.0507276,-0.018,0.06
1128,-0.0069868155,0.059447475,0.024,0.024
1129,0.019544605,0.035862,0.006,0.048
1130,0.023997743,0.040012754,-0.018,0.036
1131,-0.014156695,0.07183638,0.0,0.024
1132,0.0032276474,0.048431814,0.036,0.024
1133,0.029079607,0.047775105,-0.006,0.036
1134,0.024632793,0.034951698,-0.006,0.036
1135,0.005922746,0.05230934,0.03,0.06
1136,-0.0006782487,0.05915325,0.006,0.036
1137,0.008117119,0.05377309,0.03,0.036
1138,0.02234058,0.046740673,0.042,0.06
1139,-0.0035802796,0.075253874,0.024,0.024
1140,0.020571945,0.049594473,0.036,0.024
1141,0.015313957,0.077243716,0.006,0.06
1142,0.013384139,0.047239438,-0.006,0.06
1143,0.012021903,0.046727538,0.006,0.072
1144,0.012285665,0.054611064,0.0,0.012
1145,0.05393878,0.04970836,0.0,0.012
1146,0.0028857142,0.059052974,0.018,0.072
1147,1.3165176e-05,0.010788213,0.006,0.048
1148,0.006894596,0.05285968,0.0,0.024
1149,0.0065570585,0.04640435,-0.018,0.102
1150,0.03398276,0.04996962,-0.006,0.084
1151,-0.014656611,0.055120394,-0.018,0.102
1152,0.012465028,0.043052983,-0.018,0.06
1153,0.058844827,0.06133298,0.042,0.06
1154,0.025916142,0.041310325,0.012,0.012
1155,0.021442441,0.051046185,0.036,0.012
1156,0.0028232727,0.048332054,-0.018,0.09
1157,0.017368516,0.056308873,0.018,0.084
1158,0.028412923,0.0494731,0.03,0.036
1159,-0.025091596,0.06145239,-0.006,0.048
1160,-0.01561344,0.0339627,0.018,0.072
1161,-0.017383046,0.06254856,0.0,0.024
1162,0.00094899535,0.06537697,0.024,0.012
1163,0.009338208,0.046789154,0.018,0.084
1164,0.013152162,0.051185172,-0.006,0.06
1165,-0.007074345,0.03910229,0.012,0.012
1166,0.016365267,0.040628724,0.03,0.06
1167,0.013843868,0.04963202,0.03,0.036
1168,-0.019983768,0.059444867,0.006,0.084
1169,0.012537127,0.053284675,-0.024,0.024
1170,0.03492879,0.03369407,0.024,0.024
1171,0.0082068,0.047822,-0.006,0.072
1172,-0.019689776,0.058470152,-0.018,0.036
1173,0.018445112,0.0403334,0.042,0.048
1174,0.00059469603,0.106956445,0.006,0.084
1175,-7.8547746e-05,0.054129563,0.018,0.072
1176,-0.007084558,0.055313453,0.036,0.024
1177,-0.0054170173,0.046481416,0.03,0.06
1178,0.012854781,0.04216768,0.018,0.06
1179,0.064068235,0.06216781,0.006,0.072
1180,0.009963788,0.043163016,0.036,0.012
1181,0.024252499,0.04975447,0.006,0.048
1182,-0.047935706,0.021231934,-0.006,0.084
1183,-0.006903315,0.08520133,-0.012,0.024
1184,-0.02469815,0.03898915,0.036,0.012
1185,0.015881643,0.038855992,0.03,0.048
1186,-0.028376313,0.042294454,-0.006,0.036
1187,-0.002954306,0.050462905,-0.018,0.072
0,0.025308147,0.033303484,-0.006,0.096
1,0.020906176,0.032718003,0.006,0.072
2,0.014533941,0.046405867,0.036,0.024
3,-0.014157787,0.06365819,0.03,0.048
4,0.01567358,0.05221676,0.018,0.06
5,0.0012008287,0.04708469,0.006,0.036
6,-0.0006064195,0.05260706,0.006,0.048
7,0.039577346,0.03422149,0.012,0.012
8,0.03658387,0.09138711,0.018,0.084
9,-0.052852303,0.059033535,-0.006,0.06
10,0.040639766,0.033564243,0.006,0.084
11,-0.027247122,-0.023719124,0.006,0.072
12,-0.000946125,0.040435012,0.03,0.036
13,0.02383202,0.035634253,0.018,0.072
14,-0.0027685985,0.058761388,-0.018,0.06
15,0.011806423,0.068313584,0.03,0.06
16,0.015349437,0.04055167,-0.018,0.06
17,0.016932197,0.05590787,-0.018,0.06
18,0.021249589,0.043211263,0.006,0.084
19,0.013155721,0.043497834,-0.018,0.036
20,0.05628699,0.061204158,-0.006,0.048
21,-0.005930934,0.055889323,0.03,0.06
22,0.020617492,0.037498504,-0.024,0.024
23,0.0136828665,0.03479262,0.036,0.024
24,0.005054353,0.06156596,0.006,0.036
25,0.0055433027,0.05326058,0.018,0.084
26,-0.0150194075,0.04175092,0.018,0.084
27,-0.0103861,0.0550017,-0.024,0.024
28,-0.034316693,0.061448865,0.006,0.084
29,0.013910824,0.045501254,0.03,0.06
30,-0.0068511516,0.04987348,-0.006,0.06
31,0.0076652896,0.045261115,-0.012,0.024
32,-0.057026923,0.06393694,0.036,0.012
33,0.021891609,0.038709555,-0.024,0.024
34,0.020957213,0.031590253,0.018,0.036
35,0.009170506,0.030429589,0.012,0.012
36,-0.052909516,0.04629754,-0.018,0.036
37,0.02963347,0.041513246,0.0,0.024
38,0.035794593,0.07524808,-0.018,0.09
39,-1.847744e-06,0.065528035,0.024,0.012
40,0.0040840805,0.04795286,0.042,0.048
41,-0.03447915,0.04934185,-0.006,0.048
42,0.021034008,0.035850875,0.006,0.06
43,0.009623541,0.04945419,0.006,0.036
44,0.02803708,0.036125116,0.03,0.048
45,0.0051940065,0.053027414,0.018,0.06
46,0.028547827,0.015248878,0.03,0.036
47,0.015561182,0.053265713,0.006,0.072
48,0.0033013448,0.064078264,-0.018,0.072
49,-0.0070555527,0.035848625,0.006,0.084
50,0.010112548,0.05505939,0.006,0.036
51,0.011694696,0.056775235,-0.006,0.084
52,0.009845024,0.047930025,-0.006,0.048
53,0.0150713725,0.04808276,-0.018,0.102
54,-0.008976478,0.0639751,-0.018,0.102
55,0.00902088,0.052050695,-0.006,0.096
56,0.03222911,0.04483789,-0.018,0.06
57,0.018416803,0.048107885,0.03,0.048
58,0.012223873,0.045402948,0.024,0.012
59,0.011677569,0.04285787,0.006,0.084
60,-0.048739165,0.11475281,0.012,0.012
61,-0.01242833,0.033065993,-0.03,0.102
62,0.044857547,0.06503895,0.024,0.024
63,0.018051673,0.06080348,0.018,0.06
64,0.011578802,0.047900405,0.03,0.06
65,-0.013625687,0.094263375,-0.012,0.024
66,-0.045158405,0.079505265,-0.006,0.036
67,0.015213195,0.06191115,0.012,0.024
68,0.0027906187,0.048236653,0.018,0.06
69,0.035233654,0.031644937,-0.006,0.096
70,0.035003245,0.037994053,-0.024,0.024
71,0.005358275,0.034604248,0.024,0.024
72,0.0071857497,0.066998266,0.042,0.048
73,-0.010991273,0.057140753,0.018,0.036
74,0.016610563,0.053275205,0.006,0.06
75,0.012999857,0.04137446,0.006,0.06
76,0.017664956,0.04805548,-0.006,0.036
77,0.008288583,0.04992462,-0.006,0.036
78,0.0010571815,0.058202274,-0.018,0.102
79,-0.028713485,0.04835719,0.018,0.072
80,0.013813835,0.04703648,0.03,0.048
81,0.01187196,0.04323017,-0.006,0.084
82,-0.008822003,0.05905151,-0.006,0.072
83,0.015143676,0.09255756,0.03,0.06
84,-0.0025329944,0.053920224,0.006,0.096
85,0.012262836,0.05088442,0.006,0.072
86,-0.0057509094,0.054712027,-0.018,0.036
87,0.013101175,0.039863657,-0.006,0.036
88,-0.029161595,0.041272633,-0.006,0.06
89,0.010850811,0.049274642,0.024,0.012
90,0.03604637,0.09939795,0.03,0.048
91,-0.0075217877,0.07201491,0.006,0.06
92,-0.009811288,0.047948115,0.042,0.048
93,-0.0039955135,0.020876791,-0.018,0.09
94,0.003513528,0.077581204,-0.018,0.06
95,0.011107998,0.049780097,0.018,0.036
96,0.022436773,0.010781547,0.024,0.012
97,0.014942291,0.038770854,0.006,0.084
98,0.02070163,0.073468894,0.03,0.036
99,0.009241851,0.052953325,-0.006,0.036
100,-0.03710458,0.12313257,0.042,0.06
101,0.005496165,0.020953046,0.042,0.048
102,-0.005488137,0.06470956,0.018,0.06
103,0.011916049,0.0415992,0.006,0.036
104,0.0009293426,0.060668707,0.036,0.024
105,0.010413816,0.056171224,0.018,0.06
106,-0.0031077247,0.05109305,0.042,0.048
107,0.018811464,0.038763918,0.042,0.06
108,-0.026663706,0.081867956,-0.006,0.036
109,0.05968775,0.040688843,0.036,0.024
110,0.021010771,0.099863544,0.018,0.084
111,0.020488856,0.060511846,0.0,0.012
112,-0.021016045,0.05291257,0.018,0.072
113,0.010057397,0.052992903,-0.006,0.084
114,0.023660056,0.03929366,-0.012,0.024
115,0.005362522,0.05135776,0.006,0.096
116,0.03840939,0.045959808,0.03,0.036
117,0.024498552,0.03846916,-0.006,0.084
118,0.010680763,0.026650814,-0.018,0.072
119,0.013252428,0.051426817,0.006,0.048
120,0.012347493,0.043972626,-0.018,0.036
121,0.021460256,0.038317874,0.024,0.012
122,-0.0021706633,0.06955679,0.03,0.036
123,-0.011098735,0.030556329,0.024,0.012
124,-0.036417104,0.044258907,-0.006,0.072
125,-0.03237334,0.084370896,-0.006,0.096
126,-0.015003728,0.06388379,-0.018,0.072
127,0.021725181,0.048690435,0.024,0.024
128,0.020430878,0.046358302,0.012,0.012
129,0.008558476,0.07160675,0.0,0.012
130,-0.003216615,0.059090286,0.042,0.06
131,0.017322874,0.062281854,-0.018,0.048
132,0.014617087,0.05393844,0.012,0.012
133,0.005283719,0.05205143,-0.006,0.072
134,0.004779691,0.04624537,0.03,0.036
135,0.024830082,0.030883651,0.042,0.048
136,0.07071125,0.04143013,0.024,0.012
137,-0.024553016,0.061276063,-0.018,0.102
138,-0.0012942664,0.07959158,0.036,0.024
139,0.010657813,0.03349014,0.03,0.036
140,0.010658912,0.047106154,-0.006,0.036
141,0.012708493,0.0423433,-0.018,0.06
142,0.004888773,0.048074383,0.036,0.012
143,0.00031911954,0.04619908,-0.006,0.084
144,0.011748603,0.07432502,-0.006,0.072
145,0.00046914443,0.049622994,0.042,0.06
146,-0.0005709529,0.047729824,-0.006,0.06
147,0.018615881,0.043651085,0.018,0.036
148,0.005121343,0.054662734,-0.006,0.096
149,0.021429721,0.051969938,0.006,0.084
150,-0.011554532,0.064459324,-0.006,0.036
151,0.014844133,0.04198661,-0.018,0.036
152,0.013804818,0.07546636,0.006,0.036
153,0.006417867,0.041097034,-0.018,0.072
154,0.008618876,0.04301957,0.036,0.024
155,0.0102714505,0.043949872,-0.018,0.09
156,0.004995877,0.055527057,0.012,0.012
157,0.0043049995,0.049068734,0.024,0.012
158,0.004945608,0.051857267,-0.006,0.084
159,0.00973282,0.047865123,0.006,0.036
160,0.029170144,0.03149928,-0.018,0.072
161,0.022061678,0.03789582,0.006,0.084
162,0.0029895213,0.05992235,0.024,0.024
163,0.014226681,0.058431756,0.006,0.096
164,-0.019591345,0.057231326,0.036,0.024
165,-0.0011625811,0.055331215,0.0,0.012
166,-0.008009151,0.042113334,-0.018,0.102
167,-0.0023471843,0.056173094,0.006,0.06
168,-0.029225536,0.047754966,0.024,0.024
169,0.010147391,0.03587789,0.042,0.048
170,0.008983336,0.04961695,0.036,0.012
171,-0.014915736,0.05323321,-0.024,0.024
172,0.01682954,0.04092248,0.006,0.084
173,0.01388368,0.0438553,-0.012,0.024
174,0.01918896,0.038229816,0.0,0.012
175,0.012031037,0.043304253,0.024,0.024
176,0.016816981,0.041018195,0.036,0.012
177,-0.0033791512,0.059954375,0.006,0.072
178,0.021813212,0.05146795,0.006,0.036
179,-0.0094462,0.056645095,-0.006,0.072
180,0.008640658,0.04576613,0.018,0.084
181,0.011161419,0.049362272,-0.006,0.06
182,0.00847044,0.052680813,-0.024,0.024
183,-0.0070227217,0.09430973,-0.006,0.06
184,-0.011933686,0.0499619,0.0,0.024
185,0.011925543,0.037754048,0.018,0.06
186,-0.032748736,0.049798675,0.012,0.012
187,0.0121190045,0.06122126,-0.006,0.06
188,0.016698496,0.049320914,0.0,0.024
189,0.017522303,0.08334574,-0.006,0.072
190,0.021745015,0.039837867,0.006,0.096
191,0.030580182,0.03208997,-0.018,0.036
192,0.04496335,0.060034174,0.018,0.084
193,-0.016714266,0.057906847,0.03,0.048
194,-0.02281483,0.06272271,0.024,0.024
195,-0.004722014,0.045515474,0.018,0.06
196,0.006395839,0.057207257,0.006,0.084
197,-0.04758031,0.07120797,0.018,0.036
198,0.0033404548,0.044424273,-0.006,0.084
199,-0.067640774,0.09630392,0.024,0.012
200,-0.0038697645,0.076569065,-0.006,0.036
201,0.053878084,0.03722941,0.006,0.072
202,0.029334217,0.051451117,0.024,0.024
203,0.020101573,0.031057833,0.03,0.036
204,0.0034179445,0.049949892,0.0,0.012
205,0.03414149,0.06829255,-0.012,0.024
206,0.026621386,0.033174444,0.018,0.084
207,-0.009006783,0.05425772,0.0,0.012
208,0.0033872016,0.04866241,-0.012,0.024
209,0.04621353,0.037270926,0.0,0.024
210,0.007461328,0.048382882,-0.018,0.072
211,-0.017819697,0.03838139,0.012,0.024
212,-0.018436333,0.07332641,-0.006,0.084
213,-0.021876507,0.06637938,-0.024,0.024
214,0.0057391822,0.06577566,-0.03,0.102
215,0.027975235,0.047312405,-0.03,0.102
216,0.0232663,0.049343757,0.012,0.012
217,-0.0022820756,0.086592704,-0.018,0.102
218,-0.006469272,0.0410931,0.018,0.072
219,0.02401661,0.05475135,0.024,0.024
220,0.02741813,0.037043553,0.036,0.012
221,0.024166472,0.04335373,-0.006,0.096
222,0.004543325,0.04984422,0.03,0.06
223,-0.005054485,0.061060198,0.042,0.06
224,0.027607627,0.04832934,0.006,0.048
225,0.018852122,0.049006633,0.006,0.06
226,0.01738986,0.05108628,0.03,0.048
227,0.0038519837,0.04929429,0.03,0.048
228,0.009293165,0.046405457,-0.006,0.072
229,0.010987455,0.04532337,0.03,0.036
230,-0.026165461,0.07260147,-0.018,0.102
231,0.036921076,0.03345256,0.0,0.024
232,-0.042371348,0.03821156,-0.018,0.09
233,0.008711208,0.04984189,-0.006,0.06
234,0.02264873,0.030011665,0.03,0.06
235,-0.004508052,0.068127066,-0.012,0.024
236,-0.01762419,0.07031811,-0.006,0.096
237,0.017989304,0.03292685,0.018,0.036
238,0.007099243,0.055748083,0.018,0.072
239,0.011238594,0.027860064,0.024,0.024
240,0.012064068,0.047235653,0.006,0.084
241,0.00806562,0.08231489,-0.006,0.084
242,-0.009491885,0.07191415,-0.018,0.036
243,0.0049693994,0.05629626,0.018,0.06
244,0.020819563,0.037839502,-0.018,0.102
245,0.02851665,0.053156532,-0.024,0.024
246,0.016051644,0.05334816,0.024,0.012
247,0.03004848,0.048692115,0.036,0.012
248,0.03602313,0.03961191,0.0,0.012
249,-0.015838256,0.06981098,0.006,0.096
250,0.02122907,0.036356457,0.0,0.012
251,0.012247786,0.048162755,0.006,0.084
252,-0.009483771,0.0416383,0.036,0.024
253,-0.02838288,0.039346017,-0.018,0.072
254,0.03203317,0.042226207,0.006,0.048
255,0.016847027,0.041603595,0.0,0.024
256,0.005298527,0.048065554,-0.018,0.102
257,-0.013494011,0.068753324,0.036,0.012
258,-0.0026514623,0.07218544,0.006,0.06
259,0.023646183,0.041200336,0.036,0.012
260,0.005850574,0.052044302,-0.018,0.036
261,0.016561223,0.040140744,-0.006,0.036
262,0.008560674,0.046736635,0.012,0.012
263,0.03348325,0.046256654,0.024,0.024
264,-0.00014583208,0.04867799,-0.006,0.048
265,-0.0015612673,0.05703052,-0.018,0.048
266,0.0120632,0.038558103,0.03,0.036
267,0.04971904,0.09513359,0.03,0.06
268,0.019455198,0.034608606,-0.018,0.06
269,-0.015058769,0.0637979,-0.012,0.024
270,0.010284202,0.04489159,-0.006,0.036
271,0.043856867,0.03617216,0.006,0.072
272,0.021057662,0.08803919,-0.006,0.036
273,0.035360172,0.068259165,-0.03,0.102
274,0.008804999,0.06082807,0.006,0.06
275,0.0034303125,0.07162384,0.006,0.084
276,0.022797031,0.04787983,-0.006,0.048
277,0.035675112,0.06335129,0.03,0.048
278,-0.015890244,0.05005545,0.012,0.024
279,0.010532688,0.044387966,0.0,0.024
280,0.013716713,0.045523573,0.006,0.048
281,-0.022071868,0.06742534,0.036,0.012
282,0.0020169448,0.046299003,0.0,0.024
283,0.0073644277,0.07064307,-0.03,0.102
284,-0.01684221,0.05129934,0.03,0.06
285,-0.01692979,0.07123855,0.042,0.048
286,-0.0043237377,0.056084625,0.0,0.024
287,-0.019284729,0.006392557,-0.012,0.024
288,-0.01048664,0.052940797,-0.018,0.048
289,0.007920986,0.055035345,0.024,0.024
290,0.013263205,0.041495424,-0.018,0.072
291,0.011227611,0.062266488,0.006,0.096
292,-0.016717592,0.06683361,-0.006,0.036
293,0.0045011714,0.05277064,-0.018,0.102
294,0.023432534,0.035992794,0.03,0.048
295,0.011307217,0.04561452,0.006,0.072
296,0.022166455,0.040562212,0.006,0.096
297,0.027941229,0.08767091,-0.03,0.102
298,-0.008128636,0.046283197,0.018,0.072
299,0.010606399,0.036361884,0.042,0.06
300,-0.011580484,0.054441966,0.018,0.084
301,-0.0011899192,0.05310983,0.006,0.048
302,0.011476615,0.045299523,-0.006,0.048
303,0.018418666,0.039567653,0.012,0.024
304,-0.007910654,0.062115174,0.024,0.024
305,0.0103878975,0.048377234,-0.018,0.048
306,0.024527332,0.041010115,0.0,0.012
307,0.02816547,0.042010807,-0.018,0.036
308,0.02105032,0.04027302,0.03,0.036
309,0.013683051,0.04554992,0.018,0.036
310,0.015858024,0.051612563,0.006,0.06
311,0.00426195,0.060028333,-0.018,0.048
312,-0.0013298634,0.053374328,-0.03,0.102
313,0.015304504,0.050934874,-0.018,0.072
314,-0.0144330375,0.06387528,0.006,0.048
315,-0.038423058,0.05040083,0.018,0.084
316,0.0009138547,0.05077237,0.006,0.036
317,-0.013819845,0.04086892,-0.006,0.048
318,-0.004947681,0.038315903,0.036,0.012
319,-0.0031424444,0.058567278,-0.012,0.024
320,-0.048110273,0.07697779,0.042,0.048
321,-0.0045318715,0.052088693,0.03,0.06
322,-0.0024621189,0.061382815,-0.006,0.096
323,0.0164469,0.0389341,-0.006,0.048
324,0.019587457,0.040605653,-0.006,0.096
325,0.014321677,0.04554715,0.012,0.012
326,0.023242474,0.026823016,0.006,0.048
327,0.040347867,0.05799989,0.006,0.072
328,0.016523678,0.038547706,0.006,0.084
329,0.009075927,0.044363633,0.018,0.084
330,0.0075391904,0.064423904,0.012,0.024
331,0.032149732,0.060356475,-0.018,0.072
332,0.01845897,0.039109625,-0.018,0.036
333,0.009137059,0.04504918,0.0,0.012
334,0.01826951,0.041767694,0.006,0.048
335,0.02318686,0.048408765,0.024,0.024
336,0.009010872,0.04854314,0.006,0.06
337,0.012560683,0.044590138,0.042,0.06
338,0.016683498,0.040234543,0.018,0.084
339,0.013626104,0.06798851,0.03,0.06
340,0.031219581,0.043003954,-0.018,0.048
341,0.0014353897,0.054846592,-0.018,0.048
342,0.028341834,0.044737026,0.024,0.024
343,-0.040327605,0.06486637,-0.018,0.048
344,-0.028813401,0.045099948,-0.006,0.096
345,-0.00688421,0.06016278,-0.018,0.072
346,0.030305848,0.039039575,0.0,0.012
347,0.0035387129,0.12196174,0.024,0.012
348,0.016646134,0.060686637,-0.006,0.048
349,-0.0030193906,0.038630087,0.012,0.012
350,0.013297076,0.04854908,0.018,0.072
351,0.002532605,0.05074786,0.012,0.012
352,-0.002026353,0.051964253,0.018,0.072
353,0.019337367,0.036776353,0.006,0.072
354,0.019188974,0.07059236,0.036,0.012
355,0.03837376,0.049108133,-0.024,0.024
356,0.015233409,0.040365927,0.03,0.048
357,0.014099805,0.048501406,-0.024,0.024
358,-0.012651382,0.052941035,0.03,0.06
359,-0.020913074,0.08240296,0.006,0.048
360,0.01629185,0.042707004,0.006,0.048
361,-0.030937303,0.098791555,0.018,0.084
362,0.067920774,0.060255475,0.006,0.036
363,0.0025197472,0.035960972,-0.018,0.09
364,0.004284486,0.04982031,-0.006,0.072
365,0.036542524,0.051723067,0.03,0.048
366,0.009203788,0.047455803,0.018,0.06
367,0.020175835,0.038703453,-0.006,0.036
368,-0.0004425496,0.06297102,0.012,0.024
369,0.005404124,0.04650721,0.042,0.06
370,0.017273135,0.038048945,0.012,0.024
371,0.031030938,0.0646062,0.0,0.024
372,0.008025937,0.03653504,0.042,0.06
373,-0.004345661,0.06366079,0.024,0.012
374,0.0077033266,0.05337776,0.0,0.024
375,0.012574889,0.044501133,0.012,0.024
376,0.019950628,0.049243614,0.024,0.012
377,0.007198047,0.050645974,-0.006,0.084
378,0.0008533504,0.049426332,0.006,0.072
379,0.009915637,0.06245713,0.03,0.06
380,0.028502697,0.05017106,0.036,0.012
381,0.002059741,0.041512907,0.042,0.06
382,0.010014337,0.05275939,-0.018,0.048
383,0.031304248,0.05235578,0.006,0.084
384,0.027203524,0.033869218,-0.006,0.036
385,0.018782951,0.042837456,0.0,0.024
386,0.026915533,0.047163986,-0.018,0.072
387,0.0063146036,0.048353776,-0.018,0.048
388,-0.00038680434,0.05314021,-0.018,0.072
389,-0.03835072,0.04844671,0.0,0.012
390,-0.007436676,0.061260194,0.03,0.048
391,0.0055198167,0.05081884,0.018,0.084
392,0.03064667,0.048154175,0.012,0.024
393,0.014157449,0.04620134,0.042,0.048
394,0.003586851,0.0430906,0.03,0.048
395,0.015957255,0.044682123,0.042,0.06
396,0.023163337,0.057855763,0.036,0.012
397,0.004208304,0.07908568,0.018,0.072
398,0.079433754,0.0414289,-0.024,0.024
399,-0.08624141,0.052862987,0.012,0.012
400,0.019588657,0.038076952,0.03,0.048
401,0.01961048,0.053162336,0.006,0.096
402,0.015584594,0.048649594,-0.012,0.024
403,0.013863901,0.037201587,-0.024,0.024
404,0.01564729,0.053459097,0.03,0.036
405,0.0016612634,0.055609457,0.024,0.012
406,0.0058690812,0.046231236,-0.03,0.102
407,-0.003023833,0.05121665,0.018,0.06
408,0.0058172606,0.06608543,0.006,0.084
409,0.0055639707,0.07395531,-0.024,0.024
410,-0.010108527,0.057072908,0.006,0.036
411,-0.028890917,0.03271879,-0.006,0.084
412,0.031669907,0.039388202,-0.018,0.09
413,0.021223612,0.04057029,0.006,0.048
414,0.019066995,0.041065857,0.024,0.012
415,0.013001576,0.047769368,-0.024,0.024
416,0.022943128,0.075292766,-0.018,0.036
417,0.01341708,0.045626156,-0.018,0.072
418,-0.012949871,0.047791384,-0.018,0.048
419,0.016456943,0.053555615,0.0,0.012
420,0.02068043,0.07955186,-0.006,0.06
421,-0.004781496,0.050900042,0.03,0.036
422,0.023674276,0.052170344,0.024,0.024
423,0.028089814,0.00604452,-0.018,0.09
424,-0.006591769,0.026882408,-0.018,0.048
425,-0.024008827,0.053786337,-0.006,0.048
426,0.0014689546,0.053295024,0.03,0.036
427,0.009126611,0.04581783,-0.006,0.048
428,-0.014716258,0.033336118,0.018,0.072
429,0.0099949185,0.04733664,-0.018,0.072
430,0.012440307,0.050588667,-0.006,0.048
431,0.0057179537,0.05280936,-0.006,0.036
432,0.0118659865,0.07912667,0.018,0.036
433,0.018027859,0.045949124,0.042,0.048
434,0.022746019,0.040269278,-0.006,0.048
435,-0.0017872415,0.064449266,-0.018,0.036
436,0.0023989566,0.051247157,-0.018,0.09
437,0.012399422,0.04775147,0.024,0.024
438,0.00055990554,0.07916871,0.018,0.036
439,0.009106876,0.056533698,-0.006,0.036
440,0.001162434,0.03712025,0.0,0.012
441,0.0058210213,0.059951976,0.042,0.06
442,0.0109051615,0.05093056,0.036,0.012
443,0.011846488,0.044839397,-0.006,0.072
444,-0.0026062354,0.042664014,-0.012,0.024
445,-0.022577725,0.075232446,0.03,0.06
446,0.005133426,0.055080518,0.006,0.036
447,0.015574224,0.054357067,-0.018,0.072
448,-0.017127676,0.040638246,-0.024,0.024
449,0.030119475,0.064309984,0.03,0.06
450,0.044930197,0.025350217,0.036,0.024
451,-0.024219157,0.09043075,-0.018,0.048
452,0.02782654,0.060845092,0.036,0.024
453,-0.021398522,0.066695616,-0.006,0.06
454,0.0022354089,0.058627605,0.03,0.06
455,-0.0024134163,0.060924023,0.036,0.012
456,0.0124138035,0.049580842,-0.018,0.048
457,0.018749023,0.043512657,-0.018,0.09
458,0.020011036,0.03929501,-0.006,0.036
459,-0.02049015,0.051185112,0.018,0.036
460,0.03121197,0.030204238,-0.012,0.024
461,-0.0509508,0.04414963,-0.03,0.102
462,0.010960729,0.047944404,0.018,0.072
463,-0.03641483,0.1080223,0.006,0.048
464,0.006446114,0.05246023,0.006,0.072
465,0.004889384,0.04961019,0.018,0.036
466,0.027966563,0.04666324,-0.018,0.048
467,0.028824942,0.073786855,0.0,0.024
468,0.017815214,0.040013287,0.0,0.024
469,-0.019394394,0.06670505,-0.018,0.102
470,0.025748799,0.050652333,-0.006,0.06
471,-0.0027059875,0.059754647,0.0,0.024
472,0.004829891,0.047741864,-0.018,0.048
473,-0.010774963,0.07180177,0.03,0.048
474,0.013015612,0.064579055,0.006,0.048
475,-0.023554899,0.070166595,-0.006,0.048
476,0.0029843338,0.048312448,0.0,0.012
477,0.0047073066,0.059134983,0.03,0.036
478,-0.0011458471,0.061462488,0.042,0.06
479,0.018011946,0.05709639,0.036,0.012
480,0.03707827,0.034208562,0.018,0.06
481,0.0120734945,0.043798424,-0.018,0.09
482,0.015200564,0.04115686,-0.006,0.096
483,0.020977154,0.039781995,-0.018,0.102
484,0.01089339,0.047036063,0.024,0.012
485,0.006717846,0.063428655,-0.006,0.06
486,0.01001282,0.047781616,-0.006,0.072
487,0.0134682525,0.053406123,-0.006,0.048
488,0.027490571,0.035744075,0.0,0.024
489,-0.0032380503,0.104203805,0.018,0.072
490,0.015237069,0.1153975,0.012,0.024
491,0.01634084,0.061718125,0.024,0.012
492,0.048378427,0.03898316,0.006,0.06
493,0.0146986,0.07398181,-0.018,0.06
494,0.005909743,0.04773034,0.006,0.096
495,0.037209995,0.037260003,0.006,0.084
496,0.0108211525,0.0658351,0.006,0.084
497,0.0187374,0.039977394,0.024,0.012
498,0.011107751,0.066572264,0.042,0.06
499,0.0034644548,0.053074498,-0.012,0.024
500,0.019475978,0.04073847,0.018,0.072
501,0.017124861,0.043872245,-0.018,0.048
502,0.03279777,0.04247804,0.036,0.012
503,0.0046874266,0.051636606,0.018,0.072
504,0.026371172,0.0479108,-0.018,0.036
505,0.004594762,0.039672352,0.006,0.096
506,0.006903857,0.049672745,0.042,0.06
507,0.02244841,0.04572112,-0.006,0.084
508,-0.002852261,0.061105896,0.0,0.012
509,0.014081257,0.045382094,0.006,0.06
510,0.010425126,0.037585083,-0.018,0.036
511,0.013268443,0.04517088,0.006,0.084
512,0.00831881,0.0453649,0.0,0.024
513,0.010626122,0.070116594,0.012,0.012
514,-0.019515049,0.081825875,-0.006,0.072
515,-0.0014356934,0.05486175,-0.006,0.036
516,0.01517313,0.04788249,0.012,0.012
517,0.030486345,0.05467423,0.006,0.048
518,0.021826573,0.040057342,-0.018,0.036
519,0.007910548,0.047223575,0.03,0.048
520,0.022386681,0.067777194,0.042,0.06
521,0.02818265,0.04173229,0.012,0.024
522,0.009813795,0.052202173,-0.018,0.06
523,-0.009578072,0.032156643,0.018,0.084
524,0.005289562,0.068127856,0.024,0.024
525,-0.011218326,0.06411284,-0.018,0.048
526,0.016339933,0.0498885,0.036,0.012
527,0.009151265,0.048510797,0.036,0.012
528,0.0024382751,0.05508545,0.012,0.012
529,0.0073528923,0.062387373,-0.006,0.036
530,0.022235181,0.039659802,-0.012,0.024
531,0.022165678,0.055427313,0.03,0.036
532,0.029604267,0.027409887,-0.018,0.072
533,0.019389667,0.038543053,-0.018,0.06
534,0.01033745,0.052337617,-0.006,0.072
535,0.017611496,0.0405502,0.042,0.06
536,0.008405911,0.06435493,-0.006,0.096
537,0.0033238735,0.05605615,0.012,0.024
538,0.0028334986,0.04297603,0.006,0.048
539,0.10355512,0.016435733,-0.006,0.048
540,0.002913257,0.049848612,0.042,0.048
541,0.020351596,0.041482165,0.036,0.012
542,-0.0068961326,0.023558434,0.006,0.06
543,0.013771294,0.042210538,0.018,0.072
544,0.0064839125,0.05100222,0.006,0.048
545,-0.014863702,0.04769188,0.012,0.012
546,-0.02686786,0.045151357,0.012,0.024
547,0.021457778,0.011940835,0.03,0.048
548,-0.028133737,0.04713925,-0.006,0.096
549,-0.00801757,0.05613602,0.0,0.012
550,0.013891801,0.04131429,0.036,0.024
551,-0.0065697227,0.060217366,0.018,0.036
552,0.030727828,0.07002857,0.006,0.072
553,0.0038994271,0.056059245,-0.024,0.024
554,0.019083193,0.040099688,-0.018,0.09
555,0.01824469,0.044424254,-0.006,0.096
556,-0.005628936,0.03679683,0.036,0.024
557,-0.0049839,0.0618089,0.0,0.024
558,0.017063677,0.04197545,0.006,0.096
559,0.01921396,0.041116375,-0.006,0.036
560,0.0020609852,0.050913755,0.006,0.06
561,-4.4969842e-05,0.082792625,-0.024,0.024
562,-0.00013891421,0.05013624,0.042,0.048
563,-0.011061696,0.058626976,0.012,0.012
564,0.018890426,0.03975256,0.006,0.06
565,0.029621264,0.046013765,0.03,0.048
566,0.008791313,0.056562167,-0.006,0.048
567,-0.008031286,0.065197036,-0.012,0.024
568,0.0112181995,0.045718543,-0.006,0.036
569,0.019245738,0.060434483,0.006,0.084
570,0.013606822,0.046294317,0.0,0.012
571,-0.05289665,0.04370008,0.042,0.06
572,0.0018697698,0.0546147,0.03,0.048
573,0.017836384,0.059385397,-0.03,0.102
574,0.006382929,0.05083575,-0.006,0.048
575,0.016341213,0.044804137,-0.024,0.024
576,-0.004759915,0.06557689,0.006,0.084
577,0.008478977,0.048904497,-0.018,0.102
578,-0.025938563,0.063926585,0.018,0.06
579,-0.007001916,0.04956236,-0.006,0.084
580,-0.033969723,0.0603202,0.024,0.012
581,0.0129392315,0.044347882,0.042,0.048
582,0.019574555,0.041357897,0.03,0.036
583,-0.014646599,0.04966656,0.036,0.024
584,0.018309886,0.023214307,-0.012,0.024
585,0.0050323457,0.049914114,-0.018,0.09
586,0.017741377,0.051885832,0.006,0.048
587,0.022010997,0.039303984,0.006,0.084
588,0.026157254,0.11575079,0.018,0.036
589,0.014005699,0.04511903,0.006,0.084
590,0.03130268,0.03557968,-0.018,0.036
591,-0.0012795832,0.053462517,0.018,0.06
592,0.021102473,0.039448626,0.024,0.024
593,0.027955431,0.07988925,-0.018,0.048
594,0.018366545,0.044658586,-0.006,0.06
595,-0.00242058,0.065312125,-0.018,0.048
596,0.0031328034,0.042832747,-0.006,0.036
597,-0.003985759,0.063717686,0.006,0.096
598,0.007248692,0.072613806,-0.006,0.084
599,0.019143417,0.08913929,-0.006,0.084
600,-0.0093800705,0.06653028,0.024,0.024
601,0.01673998,0.040428974,0.03,0.036
602,0.01579303,0.050063454,-0.018,0.09
603,0.0075588133,0.05127447,-0.006,0.06
604,-0.009916233,0.045693226,-0.018,0.072
605,-1.5746802e-05,0.06153149,0.0,0.024
606,0.025506776,0.035489414,-0.006,0.084
607,0.0066452324,0.050319597,0.018,0.036
608,-0.002716722,0.05800347,-0.024,0.024
609,0.06101699,0.10501671,0.03,0.06
610,0.0046496857,0.04988504,0.018,0.084
611,0.034498036,0.050296377,0.006,0.084
612,0.006402474,0.04551164,0.006,0.036
613,-0.011753807,0.041403256,0.024,0.012
614,0.010040237,0.051536374,-0.006,0.036
615,0.017858258,0.07230677,0.006,0.048
616,0.003621323,0.07540801,0.006,0.036
617,0.007651871,0.049354315,-0.018,0.09
618,0.015564332,0.042873733,0.006,0.096
619,0.0013312139,0.057210602,0.006,0.072
620,0.015270104,0.04562244,0.024,0.024
621,-0.02853977,0.07381945,0.036,0.012
622,-0.016302276,0.05024817,-0.018,0.06
623,0.025339777,0.03558368,-0.024,0.024
624,0.023685232,0.06675004,0.006,0.072
625,0.015223473,0.033430412,0.006,0.096
626,0.008156132,0.05216717,-0.024,0.024
627,-0.031746842,0.07249376,0.03,0.036
628,0.018040486,0.046256073,-0.024,0.024
629,-0.031444944,0.101092786,0.0,0.024
630,0.013294334,0.04344239,-0.018,0.09
631,-0.00092998147,0.051464226,-0.018,0.048
632,0.010177301,0.0507662,0.012,0.024
633,-0.02004305,0.051638044,0.03,0.036
634,0.022737255,0.049518894,-0.03,0.102
635,0.019802794,0.040911876,-0.006,0.096
636,0.019444104,0.039658763,0.006,0.036
637,0.004447384,0.051632438,-0.006,0.036
638,0.016512573,0.03770826,0.018,0.072
639,0.0011374671,0.046780773,0.03,0.048
640,0.010472012,0.048425134,0.03,0.036
641,0.012827055,0.046526838,-0.018,0.048
642,0.040783424,0.045085974,0.006,0.072
643,-0.015816472,0.06883523,0.03,0.048
644,-0.015470758,0.061154857,0.006,0.036
645,0.02994462,0.04179478,-0.006,0.096
646,-0.01234564,0.050742522,0.006,0.084
647,-0.015535336,0.045389175,0.024,0.012
648,-0.0031339694,0.041796707,0.018,0.084
649,0.0060160514,0.042498253,0.024,0.024
650,-0.025210215,0.05747865,-0.024,0.024
651,0.00462256,0.050193455,-0.03,0.102
652,0.01686112,0.044040494,0.042,0.06
653,0.012214759,0.046398617,-0.006,0.072
654,0.010785395,0.056188762,-0.006,0.084
655,-0.0013283566,0.0529242,0.018,0.084
656,0.004786225,0.049412373,0.03,0.048
657,0.010807283,0.048400395,0.018,0.06
658,-0.023755169,0.049278934,0.018,0.036
659,0.025221737,0.035767533,0.006,0.084
660,-0.016515935,0.05048222,0.036,0.024
661,0.019399522,0.043584667,0.006,0.048
662,0.01479212,0.045868717,0.024,0.024
663,0.02356238,0.04408886,-0.03,0.102
664,0.009683584,0.049097978,0.042,0.06
665,0.020048996,0.042145815,-0.024,0.024
666,0.0147659555,0.052824378,-0.006,0.072
667,0.013526829,0.04677637,-0.03,0.102
668,0.022200983,0.087992355,0.024,0.012
669,0.008366264,0.07240619,-0.018,0.06
670,-0.06931917,0.0039303824,0.0,0.024
671,0.009478219,0.051404007,-0.018,0.06
672,-0.00018624961,0.05397585,0.03,0.048
673,0.006442936,0.052842118,0.0,0.024
674,0.020107849,0.03892919,0.036,0.024
675,-0.0014758408,0.023117097,0.006,0.048
676,0.0027959477,0.04322488,0.036,0.012
677,0.010727483,0.055747647,0.006,0.036
678,0.0044818055,0.04306503,0.018,0.072
679,0.030721314,0.06843041,0.024,0.024
680,-0.004127711,0.061516933,-0.018,0.09
681,0.026466744,0.038368877,0.024,0.024
682,0.01700128,0.035815533,-0.006,0.06
683,0.0019285511,0.049252693,-0.006,0.036
684,0.0051755495,0.052395258,-0.018,0.102
685,0.0047574975,0.0442905,-0.012,0.024
686,0.0100358445,0.046153218,0.03,0.036
687,0.012089366,0.04664018,0.03,0.06
688,0.01618544,0.04154531,0.0,0.012
689,0.0063376557,0.05142165,0.03,0.048
690,0.015146025,0.04689055,-0.006,0.048
691,-4.331395e-05,0.058547083,-0.018,0.036
692,0.0040948335,0.049607076,-0.018,0.102
693,0.022176959,0.038036615,-0.018,0.102
694,0.0016514771,0.055755727,-0.006,0.072
695,0.008342655,0.05780261,-0.03,0.102
696,0.024103569,0.046235617,-0.006,0.048
697,-0.043092266,0.052886058,0.018,0.06
698,0.019936983,0.04513271,-0.006,0.048
699,-0.010978499,0.07291535,0.042,0.06
700,0.013889632,0.04573834,0.012,0.012
701,-0.0019484833,0.056310005,0.018,0.084
702,0.024495322,0.032274507,-0.024,0.024
703,0.023801187,0.038322628,-0.03,0.102
704,0.002939485,0.05646644,0.018,0.084
705,0.004563898,0.057846017,0.036,0.012
706,0.015671242,0.041507997,0.006,0.072
707,0.015256762,0.040033285,0.03,0.036
708,0.03280342,0.07830012,-0.024,0.024
709,-0.013377881,0.053005695,0.006,0.048
710,-0.008527074,0.07899143,-0.03,0.102
711,-0.0116683245,0.056504875,0.018,0.036
712,0.0007556714,0.05498619,0.012,0.024
713,0.010392492,0.057389293,0.024,0.012
714,-0.018282756,0.063884415,-0.006,0.072
715,0.015871262,0.04402253,0.018,0.036
716,-0.00032333098,0.05487605,-0.006,0.036
717,0.037200563,0.049217388,-0.006,0.072
718,0.024051787,0.0303605,0.03,0.036
719,0.010682359,0.045950826,0.006,0.048
720,0.026354818,0.052401915,-0.03,0.102
721,0.010629964,0.04416144,-0.006,0.06
722,-0.0073807035,0.046388462,0.006,0.06
723,0.016269617,0.041270476,0.0,0.012
724,0.027830739,0.044652052,-0.006,0.072
725,0.013830609,0.060588356,0.018,0.06
726,-0.009613182,0.059983574,0.012,0.012
727,0.010714116,0.046409097,-0.018,0.048
728,0.011675381,0.04599665,-0.006,0.036
729,-0.04171641,0.05409703,0.018,0.084
730,0.016912442,0.04684811,0.0,0.012
731,0.009990619,0.049975716,0.006,0.084
732,0.0031349752,0.06675665,0.006,0.048
733,0.016684555,0.044618536,0.03,0.036
734,0.0056294,0.05638498,-0.018,0.072
735,0.00971294,0.07852498,0.018,0.036
736,0.012054734,0.03894462,-0.024,0.024
737,0.0051239002,0.05369357,0.042,0.06
738,0.01594356,0.042782605,0.024,0.024
739,0.0093425345,0.049730353,-0.018,0.048
740,0.0036924817,0.05312252,0.024,0.012
741,0.00190356,0.05403234,0.03,0.06
742,8.9686364e-05,0.057030104,0.018,0.072
743,0.013013926,0.06295881,-0.018,0.048
744,0.005290974,0.05188965,0.03,0.036
745,-0.020550746,0.044791393,-0.006,0.06
746,0.016639702,0.045237333,0.018,0.084
747,-0.0071111564,0.059708565,0.018,0.084
748,-0.0039928705,0.06868091,0.018,0.084
749,-0.0017445832,0.040334072,-0.006,0.06
750,0.016010392,0.032447286,-0.018,0.036
751,0.00683723,0.075367466,-0.018,0.102
752,0.011687212,0.044933792,0.042,0.048
753,-0.0052865986,0.058398988,-0.018,0.06
754,0.054352127,0.04235868,0.042,0.048
755,0.010946175,0.04810547,-0.03,0.102
756,0.020191757,0.042251654,0.036,0.024
757,-6.9752336e-05,0.05990421,-0.018,0.048
758,0.018954458,0.044479683,-0.024,0.024
759,0.017179094,0.046726145,0.018,0.072
760,-0.0008513015,0.07611869,0.012,0.012
761,0.014519341,0.04257735,0.012,0.024
762,0.011283309,0.07200909,0.018,0.072
763,0.018614473,0.041955873,0.03,0.048
764,-0.0028888527,0.026851991,-0.012,0.024
765,-0.0008376539,0.056227513,0.03,0.036
766,0.0027054828,0.027030073,0.018,0.072
767,0.012615653,0.052301418,0.012,0.012
768,-0.0014445186,0.024032705,-0.018,0.072
769,0.012736073,0.07422139,-0.024,0.024
770,-0.008738194,0.036067024,0.018,0.072
771,0.008934342,0.05341391,0.006,0.084
772,0.020010369,0.03896968,0.042,0.06
773,0.003697127,0.055551715,0.018,0.036
774,-0.03646771,0.090178706,0.018,0.072
775,-0.04557412,0.051416345,0.036,0.012
776,0.018329684,0.04066113,0.006,0.084
777,0.006738959,0.05360043,-0.006,0.084
778,0.0134947905,0.058103137,0.0,0.012
779,0.016705293,0.051363535,0.006,0.036
780,0.016413085,0.0363954,-0.018,0.036
781,0.021876058,0.041039683,-0.018,0.102
782,0.01662557,0.048804097,-0.018,0.072
783,0.006440833,0.049345836,0.018,0.036
784,0.018888073,0.04322879,0.024,0.012
785,0.02851493,0.04197161,-0.018,0.036
786,0.006609097,0.05344631,0.012,0.024
787,-0.011472831,0.04800989,0.03,0.036
788,0.031147026,0.054658383,0.0,0.012
789,-0.0075487923,0.06648719,-0.018,0.102
790,0.0039201993,0.050585978,-0.006,0.072
791,0.017307796,0.044433545,0.03,0.06
792,-0.12160686,-0.01815613,0.03,0.06
793,0.019647315,0.03932067,-0.012,0.024
794,0.0142164,0.042503987,0.006,0.048
795,0.0136880055,0.056572564,-0.006,0.048
796,0.009157503,0.051235415,0.018,0.036
797,0.034430817,0.04891184,0.012,0.024
798,0.0046603456,0.054475054,-0.006,0.048
799,0.028618917,0.054933947,0.006,0.084
800,0.007527489,0.052032728,0.018,0.072
801,0.0005373005,0.05366406,-0.018,0.072
802,0.03114416,0.015449438,0.036,0.012
803,-0.0024018157,0.059572034,-0.018,0.06
804,-0.01157384,0.077650696,0.006,0.096
805,0.03182276,0.038176436,0.018,0.036
806,0.005945118,0.049007654,0.012,0.024
807,-0.024973812,0.056371573,-0.006,0.072
808,0.015016491,0.042675562,0.018,0.084
809,0.014909831,0.04296107,-0.018,0.09
810,-0.0047655217,0.04141709,0.018,0.036
811,0.0027368907,0.043990944,-0.006,0.036
812,0.016428536,0.046668638,0.006,0.036
813,-0.018142968,0.07858609,0.018,0.036
814,5.812198e-05,0.056682,0.018,0.06
815,0.010631367,0.035503376,-0.03,0.102
816,0.012377134,0.045727856,-0.018,0.072
817,0.0012030378,0.058609124,-0.018,0.072
818,0.010144222,0.048623078,-0.006,0.048
819,0.015144298,0.046632215,0.012,0.012
820,-0.007209018,0.057777535,0.0,0.024
821,0.021836456,0.051825494,0.006,0.084
822,0.0012413431,0.04791126,-0.018,0.048
823,-0.0013924725,0.07046577,-0.018,0.09
824,0.01413643,0.048646357,0.036,0.012
825,0.019820914,0.04155273,0.006,0.096
826,-0.0021267738,0.045634545,0.036,0.024
827,0.005764544,0.051360756,0.03,0.06
828,0.015982598,0.043948967,0.024,0.012
829,-0.06552767,-0.04455901,0.024,0.024
830,0.0126209,0.060706448,-0.018,0.036
831,0.020694822,0.04679725,0.018,0.084
832,-0.032492556,0.04456182,0.006,0.072
833,0.010884785,0.047604892,0.006,0.036
834,0.020784505,0.04081963,0.012,0.012
835,0.0034754705,0.064875886,-0.006,0.096
836,0.011726791,0.0448319,0.036,0.024
837,0.021591216,0.05416955,0.03,0.06
838,0.016564166,0.043388974,-0.012,0.024
839,0.00969785,0.047276232,-0.018,0.072
840,-0.022616368,0.053035207,0.006,0.084
841,0.0102727655,0.048913937,0.0,0.012
842,0.007770287,0.047619022,0.006,0.072
843,0.00044283085,0.05224936,-0.018,0.06
844,0.008552747,0.05174108,-0.018,0.036
845,0.0041268505,0.051717214,0.006,0.048
846,0.0013457835,0.065037854,-0.018,0.09
847,-0.015109276,0.063049376,0.006,0.084
848,0.017657015,0.074102655,0.036,0.024
849,0.016002381,0.04197231,0.036,0.024
850,0.009019311,0.04559674,0.03,0.036
851,0.016331695,0.042095743,-0.03,0.102
852,0.00999899,0.04656131,0.018,0.084
853,0.0022306032,0.06472511,-0.018,0.036
854,-0.0065933224,0.044206943,-0.018,0.048
855,-0.0023787487,0.058959756,0.006,0.096
856,0.017196018,0.041873995,0.018,0.084
857,0.016605405,0.042289376,0.03,0.048
858,0.055092145,0.08327478,0.036,0.024
859,-0.0014833156,0.05200256,-0.006,0.036
860,-0.007522177,0.06341888,0.024,0.024
861,0.0009998027,0.061678313,0.006,0.072
862,-0.011857379,0.05210408,0.036,0.012
863,0.022362694,0.04233021,0.006,0.072
864,0.005841311,0.051820077,-0.006,0.084
865,0.002154138,0.04783671,-0.018,0.072
866,0.0054751094,0.054553837,0.012,0.024
867,0.015599223,0.04576146,0.042,0.06
868,0.0017885491,0.05903033,0.042,0.06
869,0.004300829,0.050017536,0.036,0.024
870,0.016941007,0.040987138,-0.018,0.09
871,0.011783618,0.034898337,0.006,0.06
872,0.029898487,0.047119744,0.042,0.06
873,0.00061153993,0.044252224,-0.006,0.084
874,0.012316216,0.043692507,0.024,0.012
875,0.009494175,0.050201785,-0.018,0.072
876,0.012345493,0.046135336,0.024,0.012
877,0.027869174,0.036671408,0.036,0.012
878,-0.01087046,0.036735263,-0.03,0.102
879,0.01932187,0.040064614,-0.018,0.072
880,0.0057918727,0.05022883,0.024,0.024
881,0.017642591,0.05768338,0.006,0.096
882,0.018777233,0.040539242,-0.03,0.102
883,-0.014785558,0.069368556,0.006,0.048
884,-0.03669328,0.039275907,0.006,0.084
885,0.00853646,0.049358066,-0.006,0.048
886,-0.015751725,0.07954885,-0.006,0.06
887,0.025930593,0.050004296,-0.018,0.048
888,0.0063036736,0.051241588,0.03,0.048
889,-0.007817689,0.05175429,-0.03,0.102
890,0.01329104,0.05229415,-0.012,0.024
891,-0.025111321,0.055888385,0.006,0.084
892,0.0137759,0.045540653,0.006,0.06
893,0.024006562,0.055028256,-0.006,0.084
894,0.009134524,0.04642453,0.0,0.012
895,0.022993406,0.05471427,-0.006,0.084
896,0.00768541,0.047182485,-0.018,0.072
897,0.003774818,0.057474807,0.03,0.036
898,0.0018748473,0.04169307,0.018,0.06
899,0.016043706,0.04374673,-0.006,0.036
900,0.017568905,0.04042291,0.006,0.048
901,-0.023144318,0.07037456,-0.018,0.048
902,0.0041609425,0.049893793,-0.006,0.06
903,0.014258121,0.0436195,-0.018,0.06
904,-0.036915246,0.04491517,0.018,0.036
905,0.003927361,0.04782722,-0.006,0.06
906,0.019873053,0.041042626,-0.018,0.09
907,0.019412724,0.046835493,0.018,0.072
908,0.03017224,0.05086804,-0.012,0.024
909,-0.009215334,0.037815534,-0.03,0.102
910,-0.026800834,0.07046622,0.018,0.084
911,0.0012310762,0.03494878,-0.012,0.024
912,-0.007507216,0.048185892,-0.012,0.024
913,0.018481534,0.062362563,0.006,0.06
914,0.019140258,0.051701013,0.006,0.084
915,0.015128021,0.049960464,0.024,0.024
916,0.024924172,0.039589755,0.012,0.012
917,0.015245186,0.0421272,0.042,0.048
918,0.0207818,0.039144635,0.0,0.024
919,-0.0020323787,0.03182341,0.03,0.06
920,-7.5843185e-05,0.051954847,-0.018,0.102
921,-0.011313444,0.030900706,0.006,0.036
922,0.011631288,0.045350235,0.042,0.06
923,0.008995736,0.047099728,0.036,0.012
924,0.0022689514,0.051180433,0.012,0.024
925,0.0057826415,0.061916374,-0.03,0.102
926,0.007416444,0.05262035,-0.03,0.102
927,-0.006711196,0.05712417,0.018,0.084
928,0.051079188,0.07242602,-0.018,0.036
929,0.040426727,0.06762175,-0.006,0.048
930,0.022722183,0.041780747,-0.018,0.102
931,0.013616302,0.030266128,0.042,0.048
932,-0.008248931,0.088638574,0.03,0.036
933,-0.021021022,0.019908901,0.0,0.012
934,-0.0067839995,0.060842965,-0.018,0.09
935,0.0047201235,0.04709524,0.03,0.048
936,0.01055776,0.039736807,-0.03,0.102
937,0.006294772,0.05952537,-0.024,0.024
938,0.002894178,0.044210356,-0.018,0.06
939,0.014373744,0.042715065,-0.006,0.048
940,0.016432544,0.04066544,0.006,0.048
941,0.02247588,0.037625324,0.024,0.024
942,0.01334564,0.04490358,-0.018,0.09
943,0.022161625,0.049339052,-0.006,0.048
944,0.013126642,0.030645505,0.018,0.084
945,0.015028884,0.055025436,0.0,0.012
946,0.015067368,0.045971796,0.018,0.084
947,0.003911132,0.04982259,0.036,0.024
948,0.022436388,0.049877226,0.03,0.036
949,0.0042791553,0.046011876,0.03,0.06
950,0.022468057,0.064761035,-0.006,0.072
951,0.014833429,0.047598485,0.03,0.036
952,0.011294659,0.055794746,0.024,0.012
953,-0.016805274,0.028390981,0.012,0.012
954,0.019103345,0.045621302,0.036,0.024
955,0.004136378,0.054075748,-0.006,0.096
956,0.009225824,0.046364788,0.006,0.036
957,0.005224526,0.052336358,-0.024,0.024
958,0.011172799,0.04926513,-0.018,0.06
959,-0.035141006,0.030507963,0.036,0.012
960,0.010490598,0.043546263,0.006,0.048
961,0.0103272265,0.05978348,0.0,0.012
962,0.017419241,0.0352952,0.006,0.072
963,-0.032021623,0.049125597,0.006,0.036
964,0.019103901,0.040284578,-0.018,0.09
965,-0.1423712,0.058480635,0.024,0.012
966,-0.013135057,0.04456173,0.012,0.024
967,0.010821024,0.047848158,0.03,0.06
968,0.026834384,0.04133815,-0.012,0.024
969,-0.0033876486,0.046857845,0.036,0.012
970,0.0021552574,0.053964786,-0.018,0.048
971,0.033959307,0.056781106,0.036,0.024
972,0.008251655,0.05266335,-0.024,0.024
973,0.019902658,0.046642445,-0.018,0.072
974,0.013473159,0.043546382,0.036,0.024
975,0.014622751,0.04318246,-0.024,0.024
976,0.006907394,0.04397488,0.006,0.096
977,0.021735776,0.05185222,0.03,0.06
978,0.0044037625,0.060984857,-0.018,0.036
979,0.017618287,0.050481323,-0.018,0.048
980,-0.010855921,0.03915605,0.036,0.024
981,-0.009118484,0.05803304,-0.006,0.072
982,-0.0010268968,0.05342488,0.018,0.084
983,0.006699823,0.049512766,0.024,0.024
984,0.002249049,0.05318009,0.012,0.024
985,-0.010384245,0.06780855,0.006,0.06
986,0.01581879,0.04311362,0.03,0.06
987,0.02630996,0.07626041,0.0,0.012
988,0.019175667,0.08393282,0.0,0.012
989,0.049749047,0.036148425,0.036,0.012
990,0.0046176407,0.049995415,0.03,0.048
991,0.007873435,0.05664052,-0.018,0.102
992,-0.0040795617,0.05890008,0.012,0.012
993,0.010474196,0.063573934,0.036,0.012
994,-0.004455624,0.07760586,-0.006,0.072
995,0.0084870085,0.053039655,0.018,0.084
996,0.019052187,0.039364427,-0.018,0.072
997,0.021510955,0.048207957,0.036,0.012
998,-0.0059449263,0.050687,0.006,0.036
999,0.013181748,0.045721892,-0.006,0.072
1000,0.020617632,0.04354336,0.024,0.012
1001,0.009988402,0.04650435,-0.006,0.036
1002,0.012823471,0.044434484,-0.018,0.102
1003,-0.005955238,0.11062527,0.006,0.072
1004,0.011394086,0.054727904,-0.012,0.024
1005,0.011583838,0.04461703,0.006,0.096
1006,0.010777117,0.05651398,0.012,0.012
1007,0.015813857,0.041552424,-0.018,0.102
1008,-0.0016756579,0.056150235,0.0,0.012
1009,0.011968516,0.04555155,0.018,0.036
1010,0.005634455,0.066147625,-0.006,0.06
1011,0.012992841,0.052954882,0.03,0.06
1012,-0.010952743,0.06325071,0.03,0.06
1013,0.02232859,0.03803249,-0.024,0.024
1014,-0.027680013,0.005063873,-0.006,0.084
1015,-0.0070133302,0.048128005,0.018,0.06
1016,0.0073209256,0.073137574,0.006,0.036
1017,0.009174153,0.047338486,-0.018,0.048
1018,-0.010655459,0.07089336,0.036,0.024
1019,0.011517125,0.049125675,-0.018,0.09
1020,0.013568989,0.043008305,-0.018,0.036
1021,-0.011735354,0.003594648,0.012,0.012
1022,0.039366484,0.061732814,0.018,0.06
1023,-0.041451044,0.10648897,-0.006,0.048
1024,0.0031787492,0.050033882,-0.018,0.06
1025,0.0012790598,0.05937341,-0.006,0.036
1026,0.013200291,0.046473164,-0.006,0.096
1027,0.014305957,0.043626077,-0.024,0.024
1028,0.013979876,0.06815609,0.024,0.012
1029,0.006940375,0.04875121,0.036,0.012
1030,-0.0059944317,0.036677077,0.006,0.048
1031,0.0010119043,0.038037263,0.024,0.024
1032,0.02601179,0.053417016,0.042,0.06
1033,-0.00796861,0.060998797,-0.018,0.072
1034,0.034787823,0.057219654,-0.018,0.048
1035,0.03146372,0.07808611,0.018,0.036
1036,0.009955854,0.05919685,0.018,0.036
1037,0.013743438,0.043129332,0.018,0.06
1038,0.010453687,0.04863269,-0.018,0.048
1039,0.03196658,0.04296394,-0.006,0.036
1040,-0.0017025862,0.05915974,0.012,0.024
1041,0.014558687,0.044998337,0.012,0.024
1042,-0.02761063,0.040013663,0.006,0.036
1043,0.006008379,0.048051544,0.006,0.06
1044,0.00039405562,0.054633126,-0.006,0.072
1045,-0.012990141,0.04680378,0.006,0.096
1046,0.013159028,0.04330064,0.006,0.048
1047,0.025055297,0.046878718,-0.03,0.102
1048,0.030418389,0.06481418,-0.018,0.09
1049,0.0138670225,0.055430904,0.042,0.048
1050,0.020493139,0.05367463,0.03,0.06
1051,0.021946425,0.038437504,-0.018,0.072
1052,0.024201874,0.060097564,0.012,0.012
1053,0.01811055,0.047088984,-0.006,0.096
1054,-0.0045477636,0.050907277,-0.018,0.036
1055,0.009917265,0.046533883,-0.006,0.096
1056,0.020164818,0.039710652,0.024,0.024
1057,0.008654009,0.044568732,0.006,0.084
1058,0.005628977,0.07059832,-0.018,0.09
1059,-0.0042387843,0.036779717,0.024,0.024
1060,0.0151641285,0.048101213,0.036,0.024
1061,0.016895616,0.044995584,-0.024,0.024
1062,0.001798885,0.055685192,-0.018,0.036
1063,0.014720252,0.04275871,0.012,0.012
1064,0.007076828,0.050043024,0.024,0.012
1065,0.013669567,0.047115836,-0.018,0.06
1066,0.011444992,0.045757603,0.012,0.012
1067,0.010982348,0.05605989,-0.018,0.072
1068,-0.012174327,0.059289694,0.006,0.084
1069,-0.013614569,0.07220821,-0.018,0.048
1070,-0.034932904,0.08172195,-0.006,0.036
1071,-0.012842162,0.059162002,-0.018,0.048
1072,0.0014623348,0.05610276,0.024,0.012
1073,0.009104062,0.04891169,0.036,0.024
1074,0.03270837,0.091143675,0.018,0.072
1075,-0.03689769,0.082042746,-0.012,0.024
1076,0.01376392,0.04762412,-0.006,0.048
1077,0.0071764328,0.047018543,-0.006,0.084
1078,0.0109661585,0.047872048,-0.012,0.024
1079,-0.0007981472,0.08155654,-0.012,0.024
1080,0.02403299,0.042272113,0.006,0.06
1081,0.018183984,0.040471267,0.03,0.048
1082,0.01548803,0.04219828,-0.03,0.102
1083,0.010443818,0.04093345,0.0,0.012
1084,0.0141290305,0.04577107,0.03,0.048
1085,0.022608269,0.038470384,-0.018,0.048
1086,0.017388927,0.049016558,-0.006,0.06
1087,0.004297873,0.056613136,0.006,0.072
1088,0.027496222,0.05051345,-0.018,0.09
1089,-0.001966551,0.06367004,0.012,0.024
1090,0.008085028,0.047897838,-0.018,0.09
1091,0.015976353,0.04433475,0.006,0.06
1092,0.048894625,0.07989016,-0.018,0.102
1093,0.008933062,0.04365846,-0.006,0.048
1094,0.021472711,0.038669404,0.018,0.084
1095,0.0145652415,0.048619453,0.042,0.048
1096,0.009310303,0.04621557,0.006,0.096
1097,0.011081512,0.04513783,0.018,0.036
1098,0.012538743,0.044068784,0.018,0.084
1099,0.014710084,0.04286558,-0.018,0.09
1100,0.012782943,0.046383187,0.0,0.024
1101,0.018038087,0.047831964,-0.006,0.036
1102,-0.0109511465,0.04015373,0.03,0.048
1103,0.006166026,0.051070306,0.03,0.036
1104,0.0028687045,0.05415248,-0.006,0.036
1105,0.0076244995,0.046742525,-0.024,0.024
1106,0.0494852,0.08485182,-0.006,0.084
1107,0.013744485,0.0451851,0.042,0.048
1108,4.3751672e-05,0.05634416,-0.018,0.036
1109,0.004923584,0.04453219,-0.018,0.048
1110,0.008640619,0.04549191,-0.018,0.06
1111,0.0024377238,0.05123984,0.03,0.036
1112,0.013839102,0.04418153,-0.018,0.09
1113,-0.00032215938,0.054834574,0.012,0.012
1114,0.01767097,0.04294067,-0.006,0.084
1115,0.0544403,0.03748837,-0.006,0.036
1116,0.00046314113,0.07877903,0.006,0.096
1117,0.012673639,0.05153119,-0.012,0.024
1118,-0.0064169373,0.03616644,0.018,0.06
1119,0.013792125,0.043082334,-0.018,0.036
1120,0.0013365336,0.050572462,-0.03,0.102
1121,0.015639279,0.045402303,-0.006,0.036
1122,0.00018067285,0.05705928,0.042,0.048
1123,0.014883935,0.04914417,0.042,0.06
1124,0.007333901,0.050983835,0.012,0.012
1125,0.011958388,0.045479566,0.006,0.072
1126,0.0047617964,0.049816847,0.006,0.072
1127,0.0044853184,0.04328075,0.024,0.012
1128,-0.011249766,0.05131296,-0.012,0.024
1129,0.011219155,0.046456285,0.036,0.024
1130,-0.0066238437,0.052248873,-0.03,0.102
1131,0.032197185,0.07950181,0.03,0.036
1132,0.0160914,0.04195491,0.012,0.012
1133,0.006473855,0.052186552,-0.018,0.102
1134,0.0051639862,0.05450158,-0.018,0.102
1135,0.018455083,0.042845845,0.0,0.012
1136,0.009584322,0.045753956,-0.006,0.06
1137,0.012339909,0.048988737,0.006,0.06
1138,0.00010674819,0.060421657,-0.018,0.102
1139,0.017341366,0.053015262,-0.006,0.084
1140,-0.0019925125,0.056321785,0.0,0.024
1141,-0.033020794,0.04023186,0.036,0.024
1142,0.008763212,0.046791922,-0.006,0.036
1143,-0.014737198,0.052594658,-0.03,0.102
1144,0.0070524234,0.049931563,0.036,0.024
1145,0.010043864,0.04798063,-0.018,0.102
1146,0.00713945,0.04707852,0.03,0.06
1147,-0.013985094,0.0487751,0.03,0.036
1148,0.011854207,0.045340363,0.042,0.048
1149,0.017684096,0.055296034,0.006,0.06
1150,0.008556234,0.046367347,0.006,0.048
1151,0.0016912054,0.053211313,-0.006,0.036
1152,-0.0042229723,0.061890982,0.006,0.036
1153,0.0149169285,0.04269927,-0.018,0.036
1154,0.0033926014,0.055947863,-0.006,0.048
1155,0.0014221873,0.04340948,-0.006,0.096
1156,0.008220812,0.04785864,0.006,0.096
1157,0.010286497,0.048873365,0.006,0.036
1158,-0.000907667,0.07408118,-0.006,0.036
1159,0.021146586,0.03902068,-0.018,0.072
1160,-0.0012059156,0.060143974,-0.018,0.102
1161,0.014558112,0.047448218,0.018,0.072
1162,0.002385417,0.05212242,0.018,0.06
1163,0.001587579,0.059920218,-0.006,0.072
1164,0.0023362003,0.053792678,0.042,0.048
1165,-0.009686548,0.061770216,-0.018,0.048
1166,-0.0021371525,0.05940046,0.042,0.048
1167,-0.037110627,0.06106242,-0.024,0.024
1168,0.011922157,0.044977143,0.006,0.036
1169,0.012415279,0.050264195,-0.018,0.06
1170,0.012436136,0.04728502,0.018,0.072
1171,0.02797235,0.042054612,0.0,0.012
1172,0.02304224,0.059660092,0.012,0.012
1173,0.014011586,0.047341973,0.006,0.096
1174,0.006132937,0.055185243,0.006,0.072
1175,-0.013947241,0.06839291,0.006,0.084
1176,0.011270008,0.059106193,0.018,0.036
1177,0.01232447,0.044583276,0.0,0.012
1178,-0.020345554,0.08335178,-0.018,0.036
1179,0.0020653587,0.051562093,-0.018,0.06
1180,0.020790532,0.08100395,0.036,0.012
1181,-0.0023540743,0.037626963,-0.006,0.084
1182,0.013184731,0.047027085,-0.018,0.09
1183,-0.002216043,0.08812137,0.024,0.024
1184,-0.0073841233,0.054517694,0.0,0.024
1185,-0.016922828,0.062072314,-0.018,0.06
1186,0.019997083,0.06019374,-0.024,0.024
1187,-0.0021066815,0.0634902,-0.006,0.06
0,-0.005748274,0.05614572,-0.012,0.024
1,0.014239416,0.045217313,0.006,0.084
2,-0.0044715777,0.084627576,0.012,0.024
3,0.012313023,0.044893485,0.024,0.012
4,0.016729336,0.056129843,-0.018,0.06
5,0.018622797,0.022727484,-0.018,0.048
6,-8.554943e-05,0.050108954,-0.03,0.102
7,0.012585164,0.04962644,0.0,0.024
8,0.012356289,0.046174817,0.006,0.072
9,0.0046679806,0.05183066,-0.006,0.06
10,0.009916641,0.04656733,-0.006,0.072
11,0.013508456,0.04757306,0.018,0.036
12,0.008922599,0.049096048,0.024,0.024
13,-0.038829084,0.08991766,-0.018,0.06
14,0.018744202,0.04068415,0.012,0.012
15,0.0019775033,0.051524326,0.018,0.084
16,0.00070869364,0.046901237,-0.03,0.102
17,0.0003486555,0.05166588,0.006,0.036
18,0.038697384,0.0780267,-0.018,0.048
19,0.020242704,0.039017126,0.006,0.06
20,0.007838802,0.050000288,-0.024,0.024
21,-0.00091872737,0.049843825,0.018,0.036
22,0.006712432,0.046106912,0.0,0.024
23,0.04947859,0.05248289,-0.024,0.024
24,0.044866074,0.058382764,0.042,0.048
25,0.021831203,0.05275324,-0.006,0.06
26,-0.0044180155,0.0667506,0.0,0.012
27,0.0029255915,0.05144088,0.006,0.096
28,-0.003356833,0.04150991,0.024,0.012
29,0.023475226,0.04023643,0.024,0.024
30,-0.028243937,0.044317197,0.042,0.06
31,-0.012444755,0.057907015,0.006,0.084
32,0.0068931235,0.105819315,0.006,0.06
33,0.012141985,0.04596878,-0.006,0.084
34,-0.009030234,0.048865017,-0.018,0.06
35,-0.019074518,0.05786133,0.036,0.012
36,-0.0025185905,0.057161823,0.03,0.036
37,0.005690098,0.05417607,0.042,0.048
38,0.015309586,0.042723965,-0.018,0.06
39,0.011315326,0.052501343,0.036,0.024
40,0.014281771,0.04359789,0.0,0.024
41,0.0018881168,0.057040833,0.03,0.048
42,0.0072382726,0.047933824,0.006,0.084
43,0.007272981,0.0491884,-0.018,0.036
44,0.022314351,0.04390705,0.018,0.06
45,0.009319764,0.046264384,-0.018,0.048
46,0.0025571492,0.037611492,-0.018,0.102
47,0.009912246,0.038022794,0.006,0.06
48,0.011661598,0.052119866,0.036,0.012
49,-0.059201397,0.11500187,0.03,0.048
50,-0.009642225,0.049897727,-0.024,0.024
51,0.0088129025,0.054050803,-0.018,0.048
52,-0.023673067,0.06295939,-0.006,0.06
53,0.020608261,0.03958291,0.018,0.072
54,0.0081744185,0.053321097,-0.018,0.09
55,-0.003936954,0.042384062,0.012,0.024
56,0.020091683,0.039410375,0.042,0.06
57,0.013704589,0.043744475,-0.012,0.024
58,0.022246499,0.053871807,-0.012,0.024
59,0.00791961,0.052793577,-0.018,0.048
60,-0.011608394,0.051314328,0.018,0.084
61,0.006789852,0.050597705,0.018,0.036
62,0.02076942,0.039445337,0.024,0.012
63,0.0017996226,0.05076807,0.006,0.096
64,-0.001562288,0.06026161,0.03,0.048
65,0.016001986,0.04599561,0.012,0.024
66,0.0067936704,0.047623493,0.012,0.012
67,0.011634916,0.06395924,0.006,0.096
68,-0.007401595,0.04397311,0.006,0.072
69,0.021424057,0.044884015,0.036,0.012
70,0.017749831,0.04785912,0.018,0.06
71,-0.0064368285,0.059996165,-0.006,0.072
72,-0.06357858,0.098276034,0.006,0.036
73,-0.00081536174,0.053293984,-0.018,0.036
74,0.01756841,0.044188064,-0.018,0.09
75,0.017114703,0.07704506,-0.03,0.102
76,-0.0074835494,0.09695014,-0.006,0.06
77,-0.0024235826,0.053312223,-0.006,0.06
78,0.018654492,0.04827984,0.036,0.012
79,0.006511528,0.048019193,-0.018,0.09
80,0.0031601042,0.03927444,-0.006,0.048
81,0.00842569,0.0529528,-0.018,0.036
82,0.024922542,0.0935469,0.006,0.096
83,0.021284852,0.04784642,0.0,0.012
84,0.025467815,0.047333993,0.012,0.024
85,0.0069013108,0.0514062,-0.018,0.048
86,0.006073009,0.0513673,0.018,0.06
87,0.010676858,0.04778394,-0.018,0.06
88,0.0560347,0.035191555,0.006,0.084
89,-0.005503919,0.06856185,0.036,0.012
90,0.0323626,0.044527903,0.006,0.072
91,0.009848446,0.047228266,-0.006,0.036
92,-0.041855782,-0.01082468,0.006,0.072
93,-0.038712367,0.104437515,-0.018,0.048
94,-0.01175232,0.06368755,-0.024,0.024
95,-0.0013542175,0.05876231,0.042,0.048
96,0.018691275,0.04603239,0.006,0.06
97,0.020554876,0.03957382,-0.03,0.102
98,0.009123847,0.04892715,-0.006,0.096
99,0.012991834,0.048204996,-0.006,0.06
100,0.00797897,0.05213259,0.006,0.084
101,0.012159529,0.04492821,0.006,0.036
102,0.008812724,0.04696527,-0.018,0.102
103,0.011400286,0.046477888,0.042,0.048
104,0.0077738184,0.04951314,0.018,0.06
105,0.014186082,0.043454137,0.03,0.036
106,-0.0036920682,0.05923071,-0.018,0.048
107,0.011012801,0.050089326,-0.006,0.072
108,-0.001115337,0.058654368,-0.006,0.048
109,0.014247822,0.030648198,-0.018,0.036
110,-0.022734493,0.040083535,0.042,0.048
111,0.0077695716,0.056690395,0.018,0.06
112,-0.004476819,0.061628304,0.018,0.084
113,0.0015347861,0.05311136,0.024,0.012
114,-0.033447817,0.07213432,-0.006,0.084
115,0.0076139225,0.04982689,0.024,0.024
116,0.019407209,0.046140708,0.018,0.036
117,0.008861432,0.047009617,-0.018,0.048
118,0.020318795,0.04123534,0.018,0.072
119,0.01683088,0.044198748,-0.018,0.072
120,0.0035569463,0.05353044,0.018,0.06
121,0.008603654,0.041383173,0.03,0.036
122,0.07303781,0.05412938,0.03,0.048
123,0.011466289,0.047907114,-0.024,0.024
124,-0.005418267,0.045908663,0.018,0.06
125,0.022089489,0.041612975,-0.024,0.024
126,0.010216985,0.048753448,-0.006,0.096
127,-0.01735217,0.022668684,0.012,0.012
128,0.009636497,0.047604166,0.03,0.036
129,0.015812093,0.052967217,-0.006,0.072
130,0.014687391,0.04305111,0.006,0.036
131,0.008867236,0.0488773,0.024,0.024
132,0.008592894,0.051026165,0.018,0.072
133,0.005122829,0.054709148,-0.018,0.09
134,-0.005516013,0.049178228,0.006,0.036
135,0.013592008,0.040539633,0.018,0.072
136,0.001939768,0.05497018,0.03,0.06
137,-0.011672154,0.06476666,-0.018,0.102
138,0.016028848,0.041970257,-0.024,0.024
139,0.027888529,0.04616795,-0.018,0.036
140,0.0069571277,0.001298137,-0.006,0.036
141,0.0062568737,0.05281874,0.006,0.036
142,-0.0028766114,0.05497344,0.006,0.048
143,-0.0529091,0.06641433,0.006,0.06
144,0.011855718,0.043033972,0.0,0.024
145,0.013821196,0.044031125,-0.018,0.09
146,-0.0050202385,0.05587829,0.018,0.036
147,-0.035069667,0.06327994,-0.006,0.096
148,0.02812656,0.031031981,0.018,0.036
149,0.020102736,0.03999811,-0.024,0.024
150,0.03138574,0.043107554,0.03,0.036
151,0.012293467,0.044631533,0.018,0.084
152,0.007219718,0.05162938,0.03,0.036
153,0.015000295,0.045175515,0.036,0.012
154,0.0053866245,0.051108405,-0.024,0.024
155,0.01698547,0.041855395,0.018,0.084
156,-0.014867542,0.05341325,0.006,0.096
157,-0.0012159031,0.045510553,0.042,0.06
158,0.035700962,0.057832077,-0.018,0.09
159,0.003959706,0.049735367,0.012,0.024
160,-0.032163136,0.059122235,-0.006,0.06
161,0.010347906,0.060736258,0.024,0.024
162,0.03224776,0.041357074,-0.024,0.024
163,-0.029931087,0.038316958,0.006,0.096
164,0.010124377,0.05368506,0.006,0.036
165,0.013504159,0.040496357,-0.006,0.036
166,0.015415832,0.04414683,0.03,0.048
167,0.0027381051,0.05597341,0.03,0.06
168,0.030956658,0.07853852,0.03,0.036
169,-0.06350642,0.023964707,0.024,0.024
170,0.008238308,0.047824446,0.03,0.048
171,0.0073120017,0.051093534,-0.006,0.096
172,0.0073475614,0.049711224,0.012,0.012
173,0.009446664,0.04743432,0.006,0.06
174,0.024553401,0.045893762,0.006,0.06
175,0.0070622684,0.0498325,-0.018,0.072
176,-0.01009603,0.06553295,0.018,0.06
177,0.0043963753,0.049737908,0.006,0.048
178,-0.00960503,0.068884,-0.018,0.06
179,0.018095616,0.056630276,0.006,0.036
180,-0.020423453,0.040853515,0.012,0.024
181,-0.013774419,0.05650381,0.018,0.036
182,0.011091567,0.05221329,-0.006,0.096
183,0.009912862,0.045850478,-0.018,0.09
184,0.029688546,0.060281187,0.03,0.048
185,0.012720419,0.05815907,0.042,0.06
186,0.01646777,0.04463201,-0.006,0.084
187,0.013516111,0.06434399,-0.006,0.072
188,-0.07725352,0.05420443,0.03,0.036
189,0.0015420355,0.051289745,-0.006,0.036
190,0.009356304,0.043394096,-0.006,0.048
191,0.008367354,0.050878093,0.03,0.048
192,0.025788032,0.04738666,0.0,0.012
193,0.001149945,0.0719445,0.006,0.048
194,-0.011044022,0.064222,-0.018,0.06
195,0.0003683865,0.05386772,0.018,0.036
196,0.01211846,0.047680527,0.006,0.072
197,0.013858311,0.045313053,0.006,0.036
198,-0.036421604,0.07846059,-0.006,0.072
199,-9.9742785e-05,0.052801,0.042,0.06
200,0.0094508175,0.060207747,-0.018,0.06
201,-0.0048432294,0.07271993,0.006,0.084
202,-0.0013076123,0.057699945,0.036,0.012
203,0.02325454,0.07287967,-0.018,0.09
204,-0.011376379,0.05920719,0.036,0.024
205,0.012591112,0.04562991,0.03,0.036
206,0.011521998,0.03683478,0.042,0.048
207,0.009159579,0.049694672,0.012,0.012
208,0.008832411,0.04869685,0.012,0.024
209,0.011536147,0.04528869,-0.006,0.06
210,0.010968171,0.04742121,-0.006,0.084
211,0.007884552,0.05569737,0.006,0.084
212,0.003726909,0.05817182,-0.006,0.048
213,0.01397424,0.047827598,0.042,0.06
214,0.01939842,0.05643943,-0.018,0.036
215,0.007433083,0.052568257,-0.006,0.036
216,0.056406498,0.072432704,0.006,0.072
217,0.01640507,0.045461312,0.0,0.012
218,0.0033012554,0.052689288,0.036,0.024
219,0.0008346513,0.054981805,0.018,0.06
220,0.019658728,0.052005887,0.024,0.012
221,0.012264776,0.04856493,-0.006,0.048
222,-0.020817706,0.04778182,0.024,0.012
223,0.0070777265,0.049201094,0.006,0.036
224,0.0029356983,0.05709035,-0.018,0.036
225,0.01114851,0.045357935,0.042,0.06
226,0.009585885,0.054098804,0.042,0.06
227,0.006810991,0.0486743,-0.03,0.102
228,0.0111572575,0.048658665,-0.018,0.09
229,0.0056962157,0.051839262,-0.024,0.024
230,0.011301065,0.047813725,0.006,0.048
231,0.014204904,0.04447748,-0.006,0.072
232,0.009771912,0.03190828,0.03,0.036
233,0.005847292,0.04716453,0.0,0.024
234,0.012621975,0.044304166,0.006,0.084
235,0.00092635304,0.046376817,0.0,0.024
236,0.0063429605,0.052347124,0.024,0.024
237,-0.0023887549,0.04762177,0.006,0.096
238,0.01163073,0.049363278,-0.006,0.036
239,0.011555646,0.04118117,0.006,0.048
240,0.01974532,0.07117058,0.012,0.024
241,-0.002973156,0.08847989,-0.006,0.096
242,0.006297089,0.050557747,0.0,0.024
243,0.016879754,0.042026743,0.03,0.036
244,0.019436084,0.0408881,0.018,0.072
245,0.022322822,0.044103473,0.036,0.012
246,0.014315322,0.044962965,0.006,0.036
247,0.011194191,0.047413316,0.018,0.06
248,-0.022780392,0.041170724,-0.018,0.102
249,0.0054703318,0.084128655,-0.018,0.102
250,0.002804542,0.050701626,0.036,0.024
251,0.031962313,0.029805996,0.0,0.024
252,0.009889078,0.047541656,-0.006,0.06
253,0.016611163,0.042223107,0.006,0.048
254,0.021304611,0.04298163,-0.018,0.048
255,-0.03220904,0.063380584,-0.012,0.024
256,0.0040402524,0.05381109,0.006,0.06
257,0.0046025477,0.047576033,-0.018,0.036
258,-0.00047099404,0.054793067,0.006,0.096
259,-0.0044085737,0.058189504,-0.024,0.024
260,0.029548079,0.054689642,0.03,0.036
261,-0.011705108,0.046301913,0.036,0.024
262,0.00885137,0.083276,0.018,0.072
263,0.0031954125,0.053402066,-0.018,0.072
264,0.0061241575,0.040597104,0.006,0.096
265,0.010200383,0.049236067,-0.018,0.06
266,0.018083889,0.041342113,-0.018,0.036
267,-0.02732894,0.03674663,-0.03,0.102
268,-0.016181266,0.08518588,0.042,0.06
269,0.008090233,0.047180735,0.042,0.06
270,0.010387413,0.046253283,-0.006,0.048
271,0.02649043,0.05462116,0.036,0.012
272,0.014483708,0.04243562,0.024,0.012
273,-0.017008461,0.0725849,0.018,0.072
274,0.017077023,0.04337982,0.042,0.06
275,0.027825456,0.065637015,0.018,0.072
276,-0.0031741187,0.048360012,0.018,0.084
277,0.007243991,0.050194994,0.042,0.048
278,0.0071881562,0.049836174,0.006,0.048
279,0.010932354,0.04499217,-0.018,0.09
280,0.021081472,0.05529166,0.012,0.024
281,0.019158257,0.061716124,-0.018,0.09
282,0.013141528,0.052142728,0.018,0.06
283,0.013920801,0.048152283,-0.018,0.09
284,0.022282911,0.044084363,0.042,0.06
285,0.0014618747,0.051138267,-0.012,0.024
286,0.011995819,0.05172527,0.024,0.024
287,0.015259669,0.0436183,0.006,0.072
288,0.008856997,0.047330003,0.036,0.024
289,-0.0038958061,0.058638826,0.006,0.048
290,-0.0021950137,0.048949312,0.0,0.012
291,-0.006475849,0.043688107,0.006,0.048
292,0.0066422233,0.049881548,0.006,0.048
293,0.020923352,0.01628734,0.036,0.024
294,0.014579326,0.043419164,-0.018,0.06
295,0.017277017,0.07858805,-0.006,0.048
296,0.014097545,0.048266415,-0.018,0.048
297,0.0076611433,0.044399448,-0.024,0.024
298,0.015238123,0.043466195,-0.03,0.102
299,0.014186243,0.056676194,-0.006,0.048
300,0.019210394,0.040871616,0.018,0.084
301,0.0019329172,0.05704412,0.03,0.048
302,0.016541634,0.040432364,0.006,0.096
303,-0.0108856615,0.06506809,0.03,0.048
304,0.008733367,0.04886591,-0.006,0.084
305,-0.00011635758,0.05411707,0.006,0.084
306,0.009848876,0.04753827,-0.006,0.096
307,-0.00010846369,0.051961046,-0.018,0.09
308,0.006739038,0.047400177,0.036,0.012
309,0.016236857,0.042614948,-0.006,0.036
310,-0.018801784,0.045957178,0.024,0.012
311,0.010465042,0.047845535,0.006,0.06
312,0.010229837,0.050133124,0.0,0.024
313,0.013973029,0.04386041,0.036,0.024
314,-0.011991581,0.045682985,-0.012,0.024
315,0.021036485,0.050008632,0.012,0.024
316,0.0054553,0.055277206,0.0,0.012
317,0.056590635,0.052899983,0.006,0.072
318,0.017642524,0.04217474,-0.006,0.096
319,0.0047163945,0.054169625,0.018,0.072
320,0.0015886053,0.052811563,0.042,0.06
321,0.023039695,0.031744294,-0.018,0.06
322,0.011392271,0.048919704,-0.006,0.036
323,0.007230671,0.050783876,0.024,0.024
324,0.0038649878,0.05445487,0.042,0.048
325,-0.053705823,0.1034407,0.042,0.06
326,0.02478526,0.07069263,0.024,0.024
327,0.011373075,0.042178728,0.006,0.072
328,0.0019669458,0.058958292,0.024,0.024
329,0.026882622,0.04905151,-0.006,0.036
330,0.0029031914,0.057835713,0.0,0.024
331,0.0016773529,0.05197887,-0.018,0.036
332,0.015279669,0.04885333,0.018,0.072
333,0.022544596,0.04460184,0.012,0.012
334,0.01558638,0.046904903,0.006,0.072
335,-0.0034986343,0.055235274,0.018,0.084
336,0.01319395,0.04691719,-0.018,0.072
337,0.026428616,0.04552055,0.012,0.024
338,0.012955778,0.045054518,0.006,0.048
339,0.0073861536,0.05113315,0.006,0.084
340,0.018171532,0.050500482,0.018,0.084
341,0.0058977082,0.049461283,-0.018,0.06
342,0.012148725,0.045543723,0.006,0.072
343,-0.0008822363,0.07486339,-0.018,0.036
344,0.015623182,0.052748907,0.006,0.048
345,0.014256571,0.044246685,0.018,0.084
346,0.01686782,0.04762855,0.042,0.06
347,0.007218076,0.05231255,0.006,0.036
348,-0.011727061,0.0545192,0.006,0.048
349,0.010189158,0.04248688,-0.018,0.102
350,0.017024718,0.06351453,-0.012,0.024
351,0.037480086,0.05975444,-0.006,0.072
352,0.010445257,0.04987223,0.03,0.06
353,0.0039106794,0.056777813,0.006,0.096
354,0.005443856,0.053286467,-0.018,0.048
355,0.021330684,0.05118453,0.006,0.048
356,0.024084924,0.09368017,0.036,0.012
357,-0.010437539,0.048476014,0.018,0.036
358,0.016783208,0.042285893,0.018,0.06
359,0.0057073925,0.0490053,0.036,0.012
360,-0.020439249,0.03248337,0.006,0.048
361,0.006955838,0.08017224,-0.018,0.09
362,0.0012779739,0.09440355,-0.012,0.024
363,0.00446151,0.05003017,0.006,0.072
364,0.017283607,0.043132007,0.042,0.06
365,0.019274402,0.04798057,0.006,0.036
366,-0.012404159,0.06951536,-0.018,0.06
367,0.019309424,0.04953569,0.0,0.012
368,0.02170235,0.04974845,0.006,0.06
369,-0.00029383413,0.05725003,-0.006,0.048
370,0.0016389191,0.057345714,0.006,0.048
371,0.008884408,0.04735278,0.036,0.024
372,0.014903409,0.05312384,0.036,0.012
373,0.012246943,0.052229803,0.012,0.024
374,0.014143711,0.07185383,0.006,0.072
375,0.020625273,0.04788803,0.042,0.048
376,0.012612136,0.044726163,0.012,0.024
377,0.01375895,0.044858452,0.018,0.084
378,0.013511067,0.0510926,0.024,0.012
379,-0.004623821,0.06814572,-0.024,0.024
380,0.029259525,0.080045946,-0.018,0.06
381,0.011574748,0.04698902,-0.018,0.048
382,0.00022297725,0.0562252,0.03,0.048
383,0.013436425,0.04546716,0.006,0.06
384,0.007760077,0.04860696,0.036,0.024
385,-0.014325567,0.04036614,0.006,0.036
386,-0.023129737,0.07191345,0.0,0.012
387,0.017068684,0.04759963,0.006,0.036
388,0.009767641,0.04818566,0.006,0.084
389,-0.014066936,0.05046212,0.018,0.036
390,-0.030345477,0.05109663,0.018,0.036
391,0.005966778,0.06712107,0.036,0.024
392,0.011814253,0.047771547,-0.006,0.072
393,0.015965827,0.046111733,-0.018,0.06
394,0.027132187,0.082471505,-0.006,0.072
395,0.008820217,0.046912823,0.03,0.036
396,0.0041292245,0.05320435,-0.006,0.072
397,0.011819426,0.05045958,-0.006,0.084
398,0.011019994,0.0460796,0.006,0.06
399,0.014306235,0.04375206,0.006,0.06
400,-0.035372533,0.079968736,-0.018,0.06
401,0.013377916,0.04244989,0.03,0.06
402,0.010493058,0.046032097,-0.006,0.084
403,0.00046741962,0.054957487,-0.006,0.048
404,-0.0063282214,0.042833168,-0.006,0.096
405,-0.0089859925,0.07826874,-0.012,0.024
406,0.0057194587,0.053396523,-0.018,0.072
407,0.011875699,0.04552752,-0.03,0.102
408,0.011214139,0.04594069,-0.006,0.096
409,0.0431804,0.052216746,0.018,0.084
410,0.007985219,0.05120039,-0.018,0.036
411,0.0070076436,0.04629773,-0.018,0.09
412,0.0063646426,0.055332262,-0.018,0.048
413,0.014022917,0.05354371,0.018,0.072
414,0.017715216,0.04358871,-0.012,0.024
415,0.05154983,0.047987446,0.018,0.06
416,0.017621549,0.06324736,0.018,0.084
417,-0.0017729495,0.057784535,-0.018,0.06
418,-0.009274116,0.03745934,0.006,0.072
419,0.0011855289,0.06355747,0.006,0.048
420,0.014580049,0.024238009,-0.006,0.096
421,-0.013109334,0.06347716,0.012,0.012
422,0.0043957997,0.042579338,-0.018,0.06
423,0.003470771,0.050448414,0.018,0.06
424,0.048966456,0.044793487,0.03,0.048
425,0.0014613606,0.044569183,0.03,0.048
426,-0.01009208,0.037948795,0.018,0.072
427,0.0049535837,0.05440783,0.018,0.06
428,0.012154673,0.04909788,-0.018,0.036
429,0.0048333686,0.05162272,0.0,0.024
430,-0.01477769,0.059728898,-0.006,0.06
431,0.01576079,0.043631185,0.036,0.024
432,-0.00086242706,0.055284034,0.018,0.036
433,0.018077955,0.011474904,-0.018,0.06
434,-0.011193933,0.04612537,-0.018,0.06
435,-0.007015178,0.056869123,0.024,0.012
436,0.0002577044,0.06462047,0.018,0.036
437,0.020569362,0.05759749,-0.006,0.072
438,0.009568032,0.04669487,0.018,0.06
439,0.008212935,0.040871445,0.018,0.072
440,0.010183115,0.047029227,0.03,0.048
441,0.013981348,0.07731571,0.03,0.048
442,0.025310807,0.042988706,-0.006,0.072
443,0.011369586,0.046534166,0.018,0.06
444,0.005437672,0.05269527,0.018,0.084
445,0.008450557,0.05025044,-0.018,0.072
446,0.0023922082,0.044643298,-0.006,0.048
447,0.004900966,0.053329,0.0,0.012
448,0.014247173,0.05032044,0.03,0.048
449,-0.0033117272,0.061285757,0.018,0.072
450,0.0019254945,0.052131664,0.006,0.096
451,-0.009059472,0.050858986,0.018,0.084
452,0.0031224806,0.05581896,-0.018,0.09
453,-0.013661295,0.047244143,0.018,0.036
454,0.005476689,0.05282195,0.042,0.06
455,-0.013727378,0.02050358,0.042,0.06
456,-0.0039422885,0.05535113,-0.018,0.09
457,-0.041478395,0.014517881,0.0,0.012
458,0.0056339893,0.050845783,0.006,0.06
459,0.0030135717,0.05330324,0.036,0.012
460,0.008254824,0.048570454,0.03,0.048
461,0.011171886,0.04652328,0.006,0.06
462,0.0065538855,0.061116338,0.006,0.036
463,0.00967132,0.048125975,0.024,0.024
464,0.0075429864,0.08490016,0.024,0.024
465,0.0021777228,0.05177655,0.0,0.012
466,0.0071854293,0.04694352,-0.018,0.048
467,-0.0020646006,0.05625908,-0.018,0.072
468,0.014065352,0.04707693,0.012,0.012
469,0.015551766,0.04481922,0.042,0.048
470,0.0040158564,0.053752128,0.018,0.06
471,-0.01309357,0.0462989,0.0,0.024
472,0.009447081,0.049403537,0.042,0.06
473,0.013039032,0.045767408,0.012,0.012
474,0.041142374,0.055408772,0.042,0.06
475,0.00688792,0.05675879,-0.018,0.102
476,0.029445037,0.058615986,0.0,0.024
477,-0.017821286,0.044152312,0.012,0.024
478,-0.013903981,0.058839433,0.012,0.024
479,0.015942853,0.049779803,-0.006,0.048
480,0.005111466,0.06155322,0.006,0.048
481,0.00884909,0.049248666,0.018,0.084
482,0.013277445,0.043560084,0.0,0.024
483,0.0082141105,0.048204675,-0.018,0.102
484,0.010773357,0.057517976,0.006,0.096
485,0.011674715,0.046168886,-0.03,0.102
486,0.025977,0.041374944,0.018,0.072
487,0.029585619,0.050022986,0.03,0.036
488,0.012873094,0.04758831,0.006,0.06
489,-0.0015212521,0.054797232,0.018,0.084
490,0.050148226,0.04235988,0.006,0.072
491,0.020106861,0.04631531,0.036,0.024
492,0.0032530874,0.051314123,0.024,0.024
493,0.010754078,0.054498356,0.018,0.084
494,0.013396068,0.05807277,0.012,0.012
495,0.013902597,0.05173785,0.006,0.06
496,0.007976138,0.051390827,-0.006,0.06
497,0.0037198272,0.04678468,0.024,0.024
498,0.0050853956,0.05079216,-0.018,0.036
499,0.0019568112,0.054020554,-0.006,0.036
500,0.0019744318,0.05249685,-0.018,0.048
501,0.01680043,0.047895126,0.018,0.072
502,0.008543624,0.051314242,0.012,0.024
503,0.0009852815,0.051898625,0.006,0.072
504,0.024375785,0.06130124,-0.006,0.096
505,0.007121574,0.05227635,-0.006,0.084
506,0.006656383,0.0503138,-0.024,0.024
507,0.017798344,0.042202625,0.03,0.036
508,0.0008220952,0.07386327,-0.006,0.048
509,0.0037120208,0.052193873,0.036,0.024
510,0.003844482,0.05786483,0.006,0.084
511,0.0075327223,0.061100505,-0.006,0.048
512,0.013373671,0.045743622,-0.006,0.084
513,0.018728917,0.07568001,0.03,0.036
514,0.0030716462,0.04412964,0.036,0.024
515,0.013218523,0.053096913,0.03,0.06
516,0.011361423,0.046191555,0.006,0.084
517,-0.0046594087,0.05889823,-0.024,0.024
518,-0.0111972075,0.06283885,0.042,0.06
519,0.020147301,0.062335663,0.042,0.048
520,-0.008703601,0.05188581,-0.03,0.102
521,0.0010495149,0.056364395,-0.018,0.102
522,0.007863745,0.048512183,-0.018,0.036
523,0.018086527,0.04195882,-0.006,0.084
524,0.013211718,0.04490318,0.03,0.048
525,0.01249006,0.04343336,-0.018,0.072
526,-0.0019194912,0.055044718,0.036,0.024
527,0.0122850835,0.04133102,0.03,0.06
528,0.0006283298,0.05702507,0.036,0.012
529,0.0036372133,0.052820258,0.024,0.012
530,0.017793441,0.03732497,0.006,0.036
531,0.0075845253,0.04861986,0.006,0.06
532,0.011501856,0.063772745,-0.018,0.072
533,0.008320073,0.052867446,-0.018,0.072
534,-0.014055893,0.06581899,0.03,0.036
535,0.0023413505,0.058719464,0.036,0.024
536,0.009757753,0.046960797,-0.006,0.048
537,0.0009681769,0.05689127,-0.006,0.048
538,0.038583703,0.055993833,0.006,0.096
539,-0.015628066,0.048820905,-0.012,0.024
540,0.008180448,0.047651812,-0.006,0.06
541,-0.0039836876,0.059321873,0.018,0.072
542,0.012807076,0.055311248,-0.018,0.06
543,0.011513976,0.04603492,-0.018,0.09
544,-0.0068761203,0.06585555,-0.006,0.06
545,0.0037124846,0.05193503,0.024,0.024
546,0.013650175,0.049674306,0.03,0.036
547,0.0055395495,0.050193254,0.036,0.012
548,0.008653127,0.047281448,0.03,0.036
549,0.0066413255,0.049461946,0.03,0.036
550,0.0066644447,0.0531116,-0.018,0.036
551,8.1265345e-05,0.058610458,0.006,0.084
552,-0.009716686,0.061924905,0.018,0.06
553,0.021591663,0.054211404,0.012,0.024
554,-0.009456025,0.029807959,0.006,0.072
555,0.035954963,0.04283284,-0.006,0.036
556,0.018587649,0.057595365,-0.03,0.102
557,0.011296597,0.04622925,-0.018,0.102
558,0.021656724,0.046347365,0.006,0.096
559,-0.0039582457,0.04231096,0.024,0.012
560,0.0001920145,0.05992488,-0.018,0.09
561,0.041100487,0.045660697,0.006,0.06
562,0.010618228,0.0462562,0.006,0.072
563,0.0033101449,0.055086367,0.006,0.048
564,-0.00013892911,0.04521375,-0.006,0.072
565,0.019496711,0.05447048,0.012,0.024
566,0.005723865,0.049033888,-0.018,0.072
567,0.0025794525,0.052735414,0.018,0.06
568,-0.027729463,0.05373951,0.042,0.048
569,0.0042554326,0.053602077,-0.006,0.096
570,-0.019568408,0.050048675,0.03,0.06
571,-0.03442804,0.0461349,0.03,0.036
572,-0.009182705,0.07488984,-0.006,0.072
573,0.005682133,0.05364882,0.036,0.012
574,0.012400351,0.04859288,0.042,0.06
575,0.010666425,0.045263987,0.018,0.072
576,0.034740586,0.067683935,0.018,0.06
577,0.0075156717,0.047863424,-0.006,0.096
578,0.013327979,0.042058546,-0.006,0.048
579,0.012172779,0.045845363,0.018,0.06
580,0.0056791455,0.048504017,0.042,0.06
581,-0.0052167047,0.04865379,0.006,0.06
582,-0.01047533,0.049563047,-0.018,0.09
583,-0.0005974639,0.052856375,-0.018,0.048
584,0.013239092,0.04478473,0.036,0.012
585,-0.0007442441,0.037723925,0.006,0.06
586,0.010934067,0.04205254,0.006,0.084
587,-0.0008331984,0.057210762,0.03,0.036
588,0.0018053316,0.057947382,0.036,0.012
589,0.00047963858,0.05609897,0.018,0.072
590,0.00864187,0.051071294,0.024,0.024
591,0.022490283,0.04284879,0.018,0.06
592,0.023316149,0.04543303,0.006,0.072
593,0.013942415,0.04948035,0.03,0.048
594,0.018985806,0.05743967,0.0,0.012
595,0.00014338084,0.052497014,0.018,0.06
596,0.017173685,0.049316257,0.03,0.06
597,0.01321617,0.046959516,0.006,0.06
598,0.002538588,0.05214688,0.03,0.06
599,0.012222636,0.04540619,0.03,0.048
600,-0.0007891562,0.04551042,0.03,0.048
601,-0.005015852,0.04976567,0.012,0.012
602,0.010101289,0.046771925,-0.03,0.102
603,0.007164507,0.029433109,0.03,0.06
604,0.007861888,0.05807215,-0.012,0.024
605,0.013732091,0.056237422,0.018,0.036
606,0.009373496,0.04715083,-0.024,0.024
607,0.009472244,0.047084656,-0.018,0.09
608,-0.0016491525,0.056728512,0.006,0.048
609,0.00381675,0.05431834,0.0,0.012
610,0.0070114266,0.049082313,0.024,0.024
611,0.0049800025,0.061157323,0.006,0.072
612,-0.0010042246,0.09942751,0.006,0.036
613,0.0012060311,0.06025857,-0.018,0.048
614,0.0032367073,0.055732414,0.006,0.072
615,0.01647247,0.068836376,0.042,0.06
616,0.016436912,0.043117665,0.006,0.036
617,0.0095210485,0.048541643,0.0,0.012
618,0.029265955,0.04782383,0.012,0.012
619,0.0075447094,0.049847245,-0.006,0.06
620,0.01411387,0.044633478,0.012,0.024
621,0.009419788,0.04780676,0.012,0.012
622,-0.021364056,0.10300027,-0.006,0.096
623,0.011505578,0.050550833,0.042,0.06
624,0.017806774,0.070281215,0.012,0.012
625,0.031804048,0.07187985,-0.018,0.09
626,0.008570783,0.049372815,0.006,0.048
627,0.012824852,0.045615405,-0.006,0.072
628,-0.035195105,0.010537948,-0.006,0.096
629,0.00049409457,0.05308603,0.006,0.06
630,-0.0024656598,0.038062517,-0.012,0.024
631,-0.022356577,0.048873544,0.006,0.048
632,0.0028589638,0.0587523,-0.006,0.06
633,0.00731308,0.048771072,-0.018,0.048
634,-0.01899934,0.04398481,0.0,0.012
635,0.019517852,0.026562892,0.012,0.012
636,0.017066188,0.051861912,-0.012,0.024
637,0.0073918533,0.051013917,-0.018,0.06
638,0.004741595,0.08500172,0.012,0.024
639,0.007528981,0.058309477,0.042,0.06
640,0.011574153,0.047102403,0.006,0.036
641,0.0122141335,0.057017427,0.018,0.072
642,0.010925061,0.05145643,-0.006,0.072
643,0.020408854,0.068801776,0.006,0.048
644,0.009098884,0.047516037,-0.018,0.102
645,3.2486394e-05,0.05006008,0.018,0.072
646,-0.020312514,0.07381877,-0.006,0.096
647,-0.00030560046,0.023424763,-0.018,0.048
648,0.017230837,0.042602614,-0.024,0.024
649,0.009119814,0.049385253,0.0,0.012
650,0.0029740827,0.05173806,-0.018,0.09
651,0.0054496164,0.04952692,-0.024,0.024
652,0.006090911,0.04896283,-0.006,0.036
653,0.0320493,0.04235209,0.018,0.036
654,0.016853292,0.046897426,-0.018,0.036
655,-0.0020232946,0.055305026,0.03,0.048
656,0.008239629,0.04871454,-0.006,0.06
657,0.015402434,0.05005917,-0.006,0.096
658,0.014528887,0.05086463,0.018,0.084
659,0.010207605,0.04862497,0.042,0.048
660,0.006568432,0.050017457,0.036,0.024
661,0.02494298,0.044797573,0.03,0.036
662,0.014971727,0.049897034,0.018,0.072
663,0.0038870368,0.05701498,0.0,0.012
664,0.0045579374,0.050786305,0.018,0.084
665,0.0057020225,0.02663361,-0.006,0.096
666,0.025021696,0.06572509,0.006,0.06
667,-0.02215404,0.03886255,0.036,0.012
668,0.0049899947,0.04998025,0.018,0.06
669,0.01301882,0.046067134,0.006,0.084
670,0.0038931267,0.05317463,0.036,0.024
671,-0.0021181013,0.05594178,0.03,0.06
672,0.021264654,0.060587045,0.006,0.072
673,0.039248712,0.051245157,-0.006,0.06
674,0.007167015,0.052156474,0.012,0.024
675,0.008875281,0.04900788,0.006,0.084
676,0.015815983,0.05119927,-0.006,0.072
677,0.008558916,0.046387278,-0.006,0.096
678,0.009294909,0.04707549,0.03,0.048
679,0.0043449886,0.051218368,-0.018,0.048
680,0.0068210308,0.037767716,0.03,0.06
681,0.005736759,0.056730382,-0.006,0.06
682,0.0032101767,0.049846865,-0.03,0.102
683,0.010094918,0.05093272,0.036,0.012
684,0.0071859322,0.04977483,0.018,0.072
685,-0.0014817156,0.057624146,0.006,0.096
686,0.0035445876,0.053039867,0.024,0.024
687,-0.0051380917,0.06815271,-0.024,0.024
688,-0.012047384,0.055240855,0.042,0.048
689,0.01972277,0.04975442,0.006,0.072
690,0.0021113064,0.048087634,-0.03,0.102
691,0.0016496908,0.05298923,0.006,0.096
692,-0.0061282665,0.059566543,0.006,0.084
693,0.016087666,0.050642475,0.0,0.024
694,0.025066609,0.078106955,0.036,0.024
695,0.007067277,0.05114395,0.03,0.06
696,0.0029203529,0.04165276,-0.006,0.072
697,0.007166297,0.050001863,0.006,0.096
698,0.0063189287,0.04494032,0.006,0.084
699,0.012421185,0.04722135,0.018,0.036
700,-0.00075834244,0.043413285,0.006,0.06
701,-0.008061025,0.05796771,0.042,0.048
702,0.012821497,0.06863466,0.006,0.048
703,-0.00781128,0.08108028,0.036,0.012
704,0.009444258,0.046398565,0.03,0.06
705,0.0067639723,0.043030288,-0.018,0.036
706,0.005319858,0.049589887,0.018,0.036
707,-0.0024343636,0.047054715,0.012,0.024
708,0.018124005,0.031496786,-0.006,0.06
709,0.0002709087,0.05844926,0.006,0.072
710,0.007897187,0.047834277,0.006,0.072
711,0.0017550979,0.051448546,-0.018,0.06
712,-0.054435305,-0.051954895,-0.018,0.09
713,0.00062702224,0.056064546,0.0,0.024
714,-0.020258889,0.07086402,0.0,0.012
715,0.0009891856,0.048083674,0.03,0.06
716,0.020835195,0.059786715,-0.018,0.102
717,0.007040769,0.043613937,0.006,0.072
718,0.009934684,0.04926946,0.006,0.072
719,0.013265535,0.050481137,0.036,0.024
720,0.010468031,0.04871926,0.006,0.06
721,0.02731881,0.051708817,-0.012,0.024
722,0.015925774,0.057266146,-0.024,0.024
723,-0.008686146,0.04744068,-0.006,0.084
724,0.0041534547,0.047308408,-0.006,0.048
725,0.013115028,0.043420516,-0.018,0.09
726,-0.008405119,0.06604156,0.024,0.012
727,0.0021795668,0.052604374,0.03,0.048
728,-0.0032293294,0.051857725,0.018,0.036
729,0.011879519,0.048411146,-0.012,0.024
730,-0.0023790095,0.056904424,0.03,0.036
731,0.0033830479,0.051702417,0.018,0.036
732,0.013451513,0.046579532,-0.018,0.048
733,0.0055388957,0.05218774,0.012,0.012
734,0.0067772847,0.04898732,0.024,0.012
735,0.010387271,0.046245415,0.006,0.06
736,0.0047723725,0.051362496,0.006,0.084
737,-0.0015773848,0.04749684,0.03,0.048
738,0.023045633,0.081621796,0.036,0.012
739,0.0070432443,0.048074175,-0.018,0.09
740,-0.0010404419,0.04428532,-0.012,0.024
741,0.00091063604,0.04831358,-0.03,0.102
742,0.006801648,0.048073366,0.018,0.06
743,-0.0024035946,0.053487223,0.012,0.012
744,0.02182153,0.04957008,-0.006,0.048
745,0.013665806,0.05844029,0.036,0.012
746,0.0032989355,0.051006354,-0.006,0.084
747,0.01682096,0.042660594,-0.018,0.06
748,0.0054081604,0.043301065,-0.012,0.024
749,0.0010365658,0.047036618,0.036,0.024
750,0.016799098,0.042715665,0.036,0.012
751,0.014434576,0.043990668,-0.006,0.072
752,0.014869506,0.048839282,0.006,0.06
753,-0.03515254,0.0880692,0.024,0.024
754,-0.0031651184,0.08346903,0.036,0.012
755,-0.0056417976,0.043243296,-0.018,0.06
756,0.012478509,0.049797516,0.006,0.06
757,0.01367473,0.044822242,0.024,0.024
758,-0.016782152,0.06703316,0.042,0.048
759,-0.0024083108,0.058286615,0.006,0.096
760,0.011517818,0.04823059,-0.018,0.036
761,0.0068669235,0.06782289,0.042,0.048
762,0.011033919,0.050103758,-0.03,0.102
763,0.009870237,0.046244632,0.03,0.036
764,0.010734391,0.04697468,0.03,0.036
765,0.008460696,0.05172307,0.036,0.012
766,-0.0016286448,0.057557553,0.018,0.036
767,0.0073934626,0.044553928,0.012,0.024
768,0.009306929,0.045162246,-0.006,0.048
769,0.0057591386,0.05099417,0.024,0.024
770,0.015277932,0.043713473,-0.006,0.096
771,0.0075322716,0.05515313,-0.006,0.084
772,0.071474515,0.07624774,0.042,0.06
773,-0.008794114,0.02058895,-0.006,0.072
774,0.018442925,0.0453524,0.012,0.012
775,-0.020730808,0.087926276,-0.018,0.036
776,0.01695789,0.04256435,0.024,0.012
777,0.0026418837,0.07972483,0.036,0.012
778,0.006458547,0.062776506,-0.018,0.072
779,0.00713965,0.049862925,-0.006,0.084
780,-0.011799615,0.07881294,0.0,0.024
781,-0.013903933,0.068738244,0.0,0.012
782,0.011673639,0.04884984,0.018,0.072
783,0.0061505698,0.049057778,-0.018,0.102
784,-0.006440185,0.05839388,0.018,0.06
785,0.0019205557,0.052930836,0.0,0.012
786,0.017067213,0.04607009,-0.006,0.096
787,0.006770406,0.0513106,0.042,0.06
788,-0.012428453,0.0744222,-0.018,0.102
789,-0.016890695,0.07571939,-0.006,0.084
790,0.0060547423,0.050199077,-0.018,0.102
791,0.0048830174,0.049811404,-0.006,0.084
792,-0.032804467,0.041213643,-0.006,0.06
793,0.0038385354,0.061798617,-0.006,0.06
794,0.0041515157,0.052953944,0.006,0.036
795,0.01137555,0.046559438,-0.018,0.036
796,-0.011033438,0.041428663,-0.03,0.102
797,0.0112692,0.04610457,-0.006,0.072
798,0.011667089,0.04567165,-0.018,0.06
799,-0.036563918,0.047319103,-0.006,0.06
800,0.0059486423,0.05611644,0.018,0.036
801,0.011008161,0.05624167,0.018,0.084
802,-0.028766163,0.03647015,0.0,0.024
803,0.008199645,0.0491751,-0.006,0.036
804,0.007726619,0.04987205,0.018,0.036
805,0.007478296,0.051572546,0.006,0.036
806,0.010243205,0.048864804,0.024,0.012
807,0.002047941,0.06473647,0.012,0.012
808,0.09744405,0.05720429,0.024,0.024
809,0.009486346,0.048174284,0.0,0.012
810,-0.005211208,0.07354,0.018,0.084
811,0.008391196,0.024235634,-0.018,0.048
812,0.007128411,0.050724626,-0.018,0.036
813,0.03741344,0.053957004,0.03,0.036
814,0.002476884,0.05161643,-0.018,0.036
815,0.018335063,0.04522666,0.024,0.012
816,0.0027909903,0.05465757,0.024,0.012
817,0.008429406,0.04853879,-0.006,0.048
818,0.019433653,0.044708744,0.018,0.06
819,-0.0025829636,0.041520007,-0.018,0.06
820,0.010662614,0.06125649,-0.006,0.06
821,0.010382101,0.039742243,0.042,0.048
822,0.02903951,0.056927975,0.036,0.012
823,0.012026332,0.04637679,-0.03,0.102
824,0.0035589552,0.04029423,-0.006,0.084
825,0.011370555,0.051231943,0.006,0.072
826,0.015324333,0.061310813,0.006,0.06
827,0.037130997,0.081252605,-0.012,0.024
828,0.016203165,0.04644677,0.006,0.096
829,-0.009498762,0.046462215,-0.018,0.09
830,-5.7026744e-05,0.05854958,0.012,0.024
831,0.0062457873,0.059612647,0.03,0.048
832,-0.006315293,0.09004435,-0.018,0.09
833,0.02460133,0.053971075,0.024,0.012
834,0.015944399,0.049097046,-0.006,0.096
835,0.012603929,0.05188276,-0.018,0.102
836,0.05055207,0.034165118,0.03,0.036
837,0.0032496117,0.051677737,-0.018,0.06
838,0.018611185,0.044597752,0.012,0.024
839,0.021235203,0.045453876,0.0,0.012
840,0.0054605547,0.049778953,0.006,0.036
841,0.006712769,0.05784721,0.018,0.084
842,0.009296341,0.05068549,-0.024,0.024
843,0.0014238618,0.03613471,0.03,0.036
844,-0.030824848,0.07553199,-0.006,0.072
845,0.013386808,0.04593633,0.006,0.084
846,-0.006188689,0.058575157,0.036,0.012
847,0.014860838,0.040184356,0.006,0.048
848,0.016231142,0.04662763,-0.012,0.024
849,-0.013815632,0.06625445,-0.018,0.06
850,0.0059413025,0.049925905,0.018,0.036
851,0.010585202,0.04672622,0.03,0.048
852,-0.004067287,0.048016902,-0.03,0.102
853,0.00033633225,0.05571653,-0.024,0.024
854,0.021895293,0.07612425,0.036,0.024
855,0.0008746125,0.05200158,0.03,0.036
856,-0.012817921,0.066405706,0.006,0.084
857,-0.005957732,0.059490807,-0.018,0.036
858,0.0031220196,0.046200484,0.006,0.06
859,0.009123777,0.04757636,-0.006,0.072
860,0.007661408,0.04796073,-0.006,0.096
861,0.00864252,0.05237869,-0.006,0.048
862,-0.0039783064,0.044295702,-0.018,0.036
863,0.0129179815,0.04593218,0.006,0.096
864,0.005517205,0.05355844,-0.006,0.048
865,0.011299482,0.050579008,0.0,0.012
866,0.0046621226,0.033839144,0.006,0.036
867,0.008759934,0.046751086,0.03,0.036
868,0.009616624,0.0470505,0.018,0.06
869,0.018150061,0.0638241,0.012,0.024
870,0.0016724505,0.046882182,0.03,0.06
871,-0.007065544,0.05468588,0.03,0.06
872,0.020771148,0.05072848,0.0,0.012
873,0.011945643,0.04711673,-0.018,0.048
874,-0.016721223,0.046921607,-0.018,0.06
875,0.019833209,0.06949365,-0.018,0.09
876,0.013932185,0.04477425,0.006,0.06
877,0.012102353,0.046110395,0.03,0.048
878,0.0073565375,0.09072268,-0.03,0.102
879,-0.0013568811,0.05165243,0.006,0.084
880,0.008795888,0.051264122,0.018,0.036
881,0.0035124533,0.040664952,0.042,0.048
882,-0.009936385,0.04093691,0.042,0.06
883,-0.0222697,0.06906715,0.018,0.084
884,0.010419825,0.047597785,0.012,0.024
885,0.025963007,0.044531357,-0.018,0.102
886,0.013903484,0.04433538,-0.006,0.036
887,0.008386372,0.052259866,0.024,0.024
888,0.032090314,0.073356554,0.006,0.084
889,0.011659782,0.046431907,-0.018,0.102
890,0.003697563,0.048025332,-0.006,0.084
891,0.008718861,0.05202703,0.018,0.036
892,0.013554838,0.05687323,0.018,0.084
893,0.0079183495,0.041501887,0.018,0.072
894,0.009853169,0.047440074,0.012,0.024
895,0.003860929,0.052455604,0.006,0.096
896,0.007489089,0.051488016,-0.006,0.036
897,0.016222358,0.05402459,0.042,0.048
898,0.01702866,0.07522276,-0.012,0.024
899,-0.0007612221,0.042301524,0.006,0.06
900,0.014663903,0.044964217,-0.018,0.036
901,0.026928043,0.0857584,0.006,0.084
902,0.043599393,0.041487407,0.012,0.012
903,0.00454014,0.029678546,0.006,0.084
904,-0.0029947106,0.058564946,-0.006,0.096
905,0.01742452,0.050394416,0.006,0.072
906,0.012463992,0.04750518,-0.018,0.048
907,0.014657706,0.046939526,0.012,0.012
908,0.0129534,0.04713716,0.012,0.012
909,0.029666236,0.0652894,0.018,0.06
910,0.02008159,0.046365365,-0.018,0.048
911,0.014701548,0.050978232,0.024,0.024
912,0.013470778,0.053598616,-0.006,0.096
913,-0.02019295,0.049275123,0.036,0.024
914,0.011167916,0.053415075,-0.006,0.096
915,0.0013721716,0.05294708,0.024,0.024
916,0.04171347,0.05410418,-0.006,0.036
917,0.011760774,0.048066646,-0.018,0.102
918,-0.040847372,-0.0033772923,0.03,0.048
919,0.0025882516,0.05082501,0.012,0.012
920,0.013778277,0.08728862,0.03,0.06
921,0.023087088,0.009795196,0.03,0.048
922,0.016767392,0.047079608,0.006,0.06
923,0.012521551,0.0740024,0.03,0.036
924,0.012031307,0.047649443,0.018,0.06
925,0.0034160959,0.044201046,-0.012,0.024
926,-0.0011496004,0.06413521,-0.006,0.084
927,0.0020213956,0.053646542,0.018,0.036
928,0.012131981,0.049068447,0.018,0.036
929,-0.0010801386,0.07226918,0.0,0.024
930,0.004900625,0.052093077,0.006,0.06
931,0.0029353425,0.052241467,0.006,0.084
932,0.007972038,0.049180653,0.042,0.048
933,0.029235851,0.03387911,-0.018,0.072
934,0.010850685,0.043492142,-0.024,0.024
935,-0.0050186943,0.055752017,0.006,0.096
936,0.008687987,0.05592726,-0.018,0.048
937,0.0059458744,0.050288163,0.018,0.06
938,0.008611403,0.04080543,0.018,0.072
939,0.0129719125,0.049836263,-0.006,0.036
940,0.00012665987,0.05644402,-0.018,0.06
941,0.0066199107,0.050834928,-0.006,0.072
942,-0.054903366,-0.010208543,-0.006,0.084
943,0.011961546,0.052182056,-0.006,0.084
944,-0.048197255,0.03755555,0.042,0.06
945,0.0029470604,0.055451363,-0.006,0.084
946,0.014197728,0.0449476,0.0,0.012
947,0.03715525,0.09728488,0.006,0.072
948,0.0055587497,0.050654534,0.03,0.06
949,-0.005476881,0.039738096,0.024,0.012
950,-0.021206869,0.03997525,0.006,0.036
951,0.014296027,0.04541709,0.018,0.084
952,-0.018152708,0.060163993,0.03,0.06
953,-0.01983895,0.048812333,0.012,0.012
954,0.007615553,0.048852544,0.018,0.072
955,0.029326662,0.09172997,0.018,0.072
956,0.0076563247,0.04982844,0.006,0.06
957,0.0014855918,0.056671094,0.006,0.096
958,0.017397419,0.055128373,0.03,0.06
959,0.033717223,0.054560654,0.012,0.024
960,0.003257189,0.050832547,0.006,0.048
961,0.008962471,0.050921842,-0.018,0.06
962,0.014435648,0.046374768,0.018,0.036
963,0.0019586813,0.053737685,-0.018,0.036
964,0.016122028,0.043435797,0.042,0.06
965,-0.005122224,0.0521359,-0.018,0.102
966,0.010415674,0.04899294,-0.018,0.036
967,0.012080072,0.045975965,-0.018,0.09
968,0.0047275405,0.05076535,0.03,0.036
969,0.033164196,0.039425053,-0.018,0.06
970,0.014332417,0.045443293,0.018,0.06
971,0.00093642715,0.05802069,0.024,0.012
972,-0.008321837,0.04324825,-0.018,0.048
973,0.015077088,0.07382019,0.006,0.084
974,0.02730988,0.060822956,-0.024,0.024
975,0.008989269,0.0474002,0.03,0.06
976,0.00790408,0.05052373,0.03,0.06
977,0.0069111874,0.044593032,0.012,0.024
978,-0.01793884,0.06939653,0.012,0.012
979,0.010914497,0.046327103,0.018,0.072
980,0.0040415935,0.045156695,0.024,0.012
981,0.03130314,0.07285894,0.036,0.024
982,0.007113943,0.05078944,0.018,0.072
983,-0.01761259,0.051511593,-0.012,0.024
984,0.00839489,0.0601958,0.006,0.096
985,0.013102986,0.05805434,0.018,0.036
986,0.013215477,0.04856843,0.036,0.012
987,0.006729373,0.049200065,0.018,0.06
988,0.004029302,0.053250216,0.012,0.024
989,-0.0009681154,0.04345499,-0.006,0.036
990,0.02281094,0.05233286,0.036,0.024
991,0.008224152,0.047935564,-0.012,0.024
992,0.0033908933,0.052314844,0.006,0.096
993,0.012286289,0.04682748,0.012,0.012
994,0.0006789835,0.04593929,-0.006,0.048
995,0.027369002,0.04648629,0.018,0.06
996,0.010410462,0.045171153,0.006,0.036
997,0.0093258545,0.04906923,0.024,0.012
998,0.0076120477,0.053889,0.042,0.048
999,-0.0039651394,0.059744462,0.024,0.024
1000,-0.013178576,0.042927355,0.018,0.072
1001,0.003948736,0.06592031,0.006,0.036
1002,0.011115006,0.047622997,0.006,0.072
1003,0.009069063,0.047543682,0.012,0.024
1004,0.006372072,0.046060126,0.024,0.024
1005,0.0002501849,0.03743119,0.018,0.084
1006,0.0116830785,0.047029935,0.006,0.06
1007,0.024728015,0.05175597,0.0,0.024
1008,-0.0076537244,0.056737732,0.036,0.024
1009,0.013648687,0.044627495,-0.03,0.102
1010,0.009392364,0.046642635,0.018,0.072
1011,0.012929801,0.045562316,-0.006,0.096
1012,0.015541591,0.055625454,0.03,0.048
1013,0.010557327,0.045653477,0.012,0.012
1014,-0.0042116996,0.05830006,-0.018,0.048
1015,-0.02737992,0.036132313,-0.006,0.06
1016,0.014990417,0.05213132,0.006,0.036
1017,-0.0016789343,0.05631823,-0.012,0.024
1018,0.0045455415,0.055834454,0.012,0.024
1019,-0.016122453,-0.0022948124,-0.006,0.06
1020,0.010086684,0.05616133,0.042,0.06
1021,-0.0051379874,0.04527711,-0.018,0.048
1022,0.007290721,0.046476394,0.036,0.024
1023,0.0026959963,0.051742844,-0.018,0.036
1024,0.003596492,0.047087066,-0.018,0.048
1025,-0.019723939,0.07196634,0.012,0.024
1026,0.01194669,0.04565935,0.036,0.024
1027,0.009187924,0.047601506,0.042,0.048
1028,0.0007650051,0.042928703,-0.006,0.096
1029,0.004326416,0.066825226,-0.024,0.024
1030,0.006416628,0.052095547,-0.018,0.072
1031,-0.010812864,0.044402864,0.042,0.048
1032,-0.0029111262,0.058921337,0.006,0.048
1033,0.013616384,0.045195255,-0.018,0.102
1034,0.011925585,0.045670122,-0.018,0.048
1035,-0.0012406297,0.045301788,-0.018,0.102
1036,-0.0153989885,0.06483505,0.0,0.024
1037,0.008675978,0.08401604,-0.006,0.096
1038,0.011902742,0.045740765,-0.024,0.024
1039,-0.000731105,0.078260094,-0.018,0.09
1040,0.0016284995,0.055485614,0.006,0.072
1041,-0.024311181,0.091104314,0.024,0.012
1042,0.01113272,0.048305042,0.024,0.024
1043,0.015601871,0.04422304,-0.03,0.102
1044,0.00838815,0.05648372,-0.006,0.06
1045,0.018860836,0.045777176,0.018,0.084
1046,0.0547933,0.05248193,-0.018,0.06
1047,0.011768281,0.045695536,0.018,0.084
1048,0.016074914,0.043532975,0.006,0.048
1049,0.01252005,0.04565269,-0.018,0.036
1050,0.014894881,0.04489268,-0.03,0.102
1051,-0.016814584,0.044975124,-0.03,0.102
1052,-0.0057961605,0.04929755,0.012,0.012
1053,-0.020130606,0.03693763,0.006,0.084
1054,0.011910916,0.04927229,0.0,0.012
1055,-0.019383753,0.08187486,0.012,0.024
1056,0.01725153,0.04442569,0.006,0.096
1057,-0.0069435798,0.020255277,0.006,0.048
1058,0.0048680194,0.047507536,0.006,0.096
1059,0.014784513,0.048658337,0.018,0.036
1060,0.005213201,0.048413474,-0.018,0.102
1061,0.013156415,0.049679663,-0.018,0.06
1062,-0.0059606545,0.06080708,-0.024,0.024
1063,0.0003759293,0.050286964,-0.006,0.072
1064,0.0032043308,0.05112177,0.0,0.024
1065,0.012413137,0.047660243,-0.018,0.048
1066,0.010027537,0.04916122,0.018,0.036
1067,0.0017391322,0.058053073,-0.006,0.06
1068,0.015783168,0.043713875,0.018,0.06
1069,-0.009645922,0.046397716,0.018,0.072
1070,0.004937725,0.051243577,0.018,0.06
1071,0.006069904,0.05053962,-0.018,0.072
1072,0.01919517,0.048525646,0.018,0.084
1073,0.007927949,0.04950462,0.03,0.06
1074,0.019219074,0.04905959,0.03,0.06
1075,0.015021501,0.045174304,-0.024,0.024
1076,0.010569237,0.054848745,0.036,0.012
1077,0.0227612,0.047717962,-0.018,0.072
1078,0.0073926942,0.048700076,0.006,0.072
1079,0.012961427,0.05049483,-0.006,0.096
1080,-0.005861327,0.064550504,0.036,0.012
1081,0.019332886,0.05765942,-0.006,0.084
1082,0.010721382,0.049598046,0.018,0.072
1083,0.014687428,0.04444245,-0.03,0.102
1084,0.0054394947,0.05140008,0.03,0.036
1085,0.012124384,0.058858454,0.018,0.084
1086,0.0010139253,0.055212095,-0.018,0.072
1087,0.010165973,0.05043128,-0.006,0.096
1088,-0.0063715708,0.049898278,-0.018,0.102
1089,0.015073089,0.045645006,-0.006,0.084
1090,0.0074778367,0.056328982,-0.006,0.096
1091,0.0028658304,0.050239142,-0.018,0.036
1092,0.013988244,0.060492415,-0.018,0.048
1093,0.011617276,0.047325253,0.0,0.024
1094,0.010418472,0.053274125,0.018,0.084
1095,0.0065131197,0.049904782,0.006,0.036
1096,0.0053532086,0.053463753,-0.018,0.072
1097,-0.0019458402,0.053238448,-0.006,0.048
1098,0.00583145,0.050462026,-0.018,0.102
1099,0.0028982451,0.052311156,-0.018,0.09
1100,-0.008443517,0.043736193,0.024,0.012
1101,0.014970484,0.047404572,0.03,0.06
1102,0.017257115,0.03665224,-0.006,0.06
1103,0.010886909,0.057145108,0.006,0.072
1104,0.0124438,0.045986358,0.012,0.012
1105,0.011951141,0.047825906,-0.006,0.036
1106,0.025773656,0.06813994,0.006,0.096
1107,0.018705744,0.04698794,0.03,0.06
1108,-0.001181459,0.053094063,0.006,0.072
1109,0.006880099,0.050151464,0.006,0.096
1110,-0.000712906,0.0552693,-0.018,0.048
1111,0.000921133,0.055462178,-0.024,0.024
1112,0.0137428995,0.05182662,0.006,0.048
1113,0.020093812,0.045008276,0.036,0.012
1114,0.0069625564,0.048637763,-0.006,0.084
1115,0.0064053973,0.050500724,0.03,0.048
1116,0.0011049369,0.04968206,0.042,0.06
1117,0.0053411443,0.051307734,-0.018,0.09
1118,0.0019389587,0.054260205,0.0,0.024
1119,0.009886061,0.04863555,0.018,0.06
1120,0.010175144,0.048333596,-0.018,0.06
1121,0.0091472315,0.049467865,0.018,0.06
1122,0.020341631,0.048836052,-0.018,0.072
1123,0.013606166,0.043807052,-0.018,0.102
1124,0.032384332,0.06464461,0.018,0.06
1125,0.02957834,0.0493778,0.0,0.012
1126,0.013451581,0.046240725,0.012,0.024
1127,0.053335555,0.038318623,-0.006,0.048
1128,0.0062940307,0.049346566,-0.006,0.048
1129,0.009463964,0.04777385,0.042,0.06
1130,-8.849427e-05,0.03925283,0.006,0.048
1131,0.010469617,0.04639715,0.03,0.06
1132,0.013258897,0.046364654,-0.03,0.102
1133,-0.015814599,0.057504468,0.018,0.084
1134,-0.004289965,0.05394466,-0.012,0.024
1135,0.014598486,0.052830253,0.006,0.084
1136,0.001115052,0.055747293,0.006,0.06
1137,0.0076713283,0.0482732,-0.018,0.102
1138,-0.0031622136,0.08003336,-0.018,0.048
1139,0.0033671688,0.041438144,0.042,0.06
1140,-0.01408251,0.04445751,0.018,0.06
1141,-0.0011480143,0.055857234,-0.018,0.09
1142,0.019216131,0.058784958,0.024,0.012
1143,0.008562625,0.04840175,-0.006,0.096
1144,0.001387571,0.034175016,0.006,0.084
1145,0.0044126026,0.05986464,-0.018,0.06
1146,0.005987023,0.049967077,0.0,0.024
1147,0.019095322,0.08204757,-0.018,0.102
1148,0.019932628,0.044659004,-0.006,0.036
1149,0.0067048706,0.05141551,-0.018,0.09
1150,0.011185661,0.05214971,0.018,0.072
1151,0.03056939,0.050526965,0.024,0.024
1152,0.0046282057,0.05254785,0.018,0.084
1153,0.007558534,0.04864376,-0.018,0.06
1154,-0.021695193,0.07123668,-0.024,0.024
1155,0.0046749264,0.05574947,0.018,0.072
1156,0.003081875,0.04894503,0.006,0.06
1157,0.009596067,0.045659997,-0.018,0.048
1158,0.004880908,0.050769173,0.018,0.084
1159,0.008870053,0.048166007,0.018,0.072
1160,0.012104627,0.048505515,0.006,0.096
1161,0.008722354,0.04813837,0.006,0.096
1162,0.0068711247,0.040591113,0.0,0.012
1163,0.009372694,0.047983684,-0.012,0.024
1164,0.01778719,0.06520787,-0.006,0.036
1165,0.0029440233,0.05337386,0.042,0.06
1166,-0.0074084345,0.052133948,0.006,0.06
1167,0.004088396,0.052285645,0.018,0.072
1168,0.009108473,0.04964856,-0.03,0.102
1169,0.01304425,0.04559451,0.042,0.048
1170,0.0005871663,0.046133175,0.012,0.012
1171,0.0005029617,0.053186074,0.03,0.036
1172,0.009882539,0.05248838,-0.006,0.036
1173,-0.019713003,0.06529097,0.018,0.036
1174,0.013438598,0.035061166,0.0,0.024
1175,0.015413413,0.061366953,0.006,0.036
1176,0.00929525,0.048829746,-0.03,0.102
1177,0.009470988,0.047954053,0.024,0.024
1178,0.014188079,0.045453638,0.0,0.024
1179,-0.0024996195,0.057166282,0.012,0.012
1180,0.027766472,0.06515638,0.018,0.036
1181,0.015296637,0.044198196,-0.006,0.084
1182,0.024209112,0.05856161,0.0,0.012
1183,-0.027258508,0.0522856,0.0,0.024
1184,0.013649765,0.04073939,0.042,0.06
1185,0.009453767,0.0478818,-0.024,0.024
1186,0.017322736,0.04772649,0.03,0.06
1187,0.0129150115,0.052544106,-0.012,0.024
0,0.003991911,0.050412357,-0.018,0.048
1,0.013684394,0.04730983,-0.006,0.048
2,0.013042731,0.04516676,0.03,0.036
3,0.040338494,0.05265034,0.018,0.06
4,0.009564481,0.047529414,-0.012,0.024
5,0.0073066093,0.050913945,-0.03,0.102
6,0.01301978,0.045271873,0.006,0.036
7,0.011859604,0.046319384,-0.03,0.102
8,0.012821274,0.052274395,-0.018,0.09
9,0.0066163605,0.049279127,-0.018,0.09
10,0.009598816,0.04744771,-0.03,0.102
11,0.004312856,0.059441835,0.0,0.024
12,0.010905797,0.05055564,0.024,0.024
13,0.0055583986,0.052646004,-0.018,0.072
14,0.012178834,0.053295214,-0.006,0.084
15,-0.022217829,0.044675954,-0.024,0.024
16,-0.001889837,0.05912174,-0.018,0.036
17,-0.0035457192,0.05686066,0.03,0.036
18,0.013290221,0.03221365,0.036,0.024
19,0.007435848,0.048855513,0.036,0.012
20,-0.010355987,0.044109892,0.018,0.084
21,0.003756783,0.051421497,0.018,0.036
22,0.0010096105,0.054248832,0.006,0.06
23,0.009055066,0.047916178,0.006,0.084
24,0.005510142,0.049761757,0.042,0.048
25,0.020337243,0.0504732,-0.006,0.048
26,0.0011017704,0.050061956,0.03,0.06
27,0.011279646,0.05643648,0.006,0.048
28,0.001987652,0.048429362,-0.018,0.06
29,0.008357405,0.049664397,0.006,0.048
30,0.004323988,0.051619224,0.042,0.06
31,0.015815604,0.05206152,-0.006,0.06
32,-0.00053377077,0.049225938,0.012,0.012
33,0.008436777,0.050084893,0.006,0.048
34,0.015354263,0.050344028,0.03,0.036
35,0.038344435,0.03152827,0.018,0.084
36,0.010147929,0.047989786,-0.006,0.084
37,0.010758333,0.051174454,0.042,0.06
38,0.009861803,0.05333115,0.03,0.036
39,0.0053425366,0.046672743,0.03,0.06
40,0.00583555,0.052690644,0.036,0.012
41,-0.004288245,0.05655839,0.036,0.024
42,0.0077640824,0.048595224,-0.024,0.024
43,0.003333252,0.05370064,-0.024,0.024
44,0.004414294,0.052434213,-0.006,0.036
45,-5.617924e-05,0.055328373,0.018,0.036
46,0.0014013108,0.051204134,0.03,0.06
47,0.034298107,0.03200297,0.006,0.096
48,0.0051285513,0.05909854,0.0,0.024
49,0.007181992,0.054503124,-0.006,0.084
50,0.023440603,0.06756836,0.024,0.012
51,0.01292081,0.04646807,0.006,0.084
52,0.005076155,0.052117147,0.0,0.024
53,0.012166572,0.07815795,0.012,0.012
54,-0.0006000586,0.05428049,-0.012,0.024
55,0.006034053,0.051373933,-0.018,0.048
56,0.0029313872,0.04725682,0.006,0.096
57,0.029918704,0.04517858,-0.018,0.036
58,0.0046542706,0.037919708,0.006,0.048
59,0.010427263,0.056570016,-0.006,0.084
60,-0.001120151,0.099720046,0.006,0.06
61,-0.003630709,0.08067402,-0.006,0.036
62,0.005746565,0.056684516,-0.006,0.048
63,-0.011520244,0.052755684,0.024,0.012
64,-0.0015756395,0.05637224,-0.006,0.072
65,0.00587207,0.050583307,0.042,0.06
66,-0.0028335322,0.05550606,-0.018,0.072
67,0.032932494,0.072413184,0.03,0.048
68,0.017057134,0.05193083,0.018,0.084
69,0.013627216,0.04554531,-0.018,0.102
70,-0.0076199416,0.050373916,-0.006,0.096
71,0.008842971,0.047813892,0.018,0.072
72,0.0060677705,0.05070993,0.042,0.06
73,-0.005871214,0.04834316,0.006,0.036
74,0.008130402,0.04895527,-0.006,0.036
75,0.0125774555,0.0563685,0.042,0.06
76,0.008559591,0.048633877,0.03,0.048
77,0.00885518,0.04066043,-0.012,0.024
78,0.013484446,0.05028393,0.018,0.084
79,-0.014523164,0.055641584,0.006,0.096
80,0.00329067,0.045096945,0.0,0.012
81,-0.005545537,0.0498675,-0.012,0.024
82,0.009833412,0.04745089,-0.012,0.024
83,-0.0038243085,0.058914166,0.006,0.06
84,-0.004679432,0.06213355,0.006,0.048
85,-0.0011158446,0.057691846,-0.006,0.072
86,0.0012548985,0.053484686,0.006,0.072
87,0.020754885,0.04363049,-0.012,0.024
88,0.008374063,0.05162277,0.0,0.012
89,-0.006300889,0.044395413,0.03,0.048
90,-0.042274516,0.07085836,-0.018,0.06
91,-0.022106525,0.04435608,-0.018,0.06
92,0.0069814026,0.04642362,0.006,0.048
93,0.0061721597,0.05166034,0.006,0.072
94,-0.0038333666,0.048618063,0.03,0.036
95,0.017140832,0.049838517,-0.03,0.102
96,0.008831092,0.04953057,-0.03,0.102
97,0.022039121,0.030403908,-0.018,0.102
98,0.012730352,0.046100736,0.012,0.024
99,0.009759147,0.049357027,0.042,0.06
100,0.010873077,0.047974203,-0.024,0.024
101,4.363153e-05,0.056842405,0.03,0.036
102,0.0050157644,0.051430076,0.036,0.012
103,-0.034895286,0.07861781,-0.006,0.084
104,0.0018945169,0.048520103,0.006,0.096
105,0.0033288244,0.053228125,0.006,0.084
106,0.008282415,0.05363777,0.03,0.048
107,0.0055062035,0.0514083,-0.03,0.102
108,-0.020419762,0.06851855,0.03,0.06
109,0.011646584,0.046738215,0.018,0.06
110,0.006910147,0.052403804,0.03,0.048
111,0.011985283,0.046143245,-0.018,0.06
112,0.018806282,0.05288282,0.024,0.012
113,0.00892972,0.04867464,-0.018,0.036
114,-0.015825707,0.04252917,0.018,0.06
115,-0.02801934,0.045966692,-0.006,0.048
116,0.010088472,0.04784292,0.03,0.036
117,0.004709702,0.042432144,0.03,0.06
118,0.007000246,0.051806685,0.006,0.048
119,0.005693132,0.05030997,0.03,0.036
120,0.008019839,0.0548065,-0.018,0.06
121,0.0136092035,0.058933124,-0.018,0.102
122,-0.03621576,0.0905855,0.042,0.06
123,0.0117347855,0.046200566,0.006,0.06
124,0.012392118,0.045947146,-0.024,0.024
125,0.00013210531,0.04671306,0.006,0.084
126,0.012829993,0.047347955,-0.006,0.096
127,0.004714513,0.046500064,-0.018,0.048
128,0.011880711,0.047875572,0.006,0.036
129,0.008104859,0.06072585,-0.006,0.06
130,0.0037948042,0.05150211,-0.006,0.06
131,-0.004592185,0.045965884,0.03,0.06
132,-0.004937349,0.06600012,-0.012,0.024
133,0.008322493,0.04878374,0.006,0.06
134,0.018825494,0.07373436,0.03,0.06
135,0.011570563,0.04919943,-0.006,0.084
136,0.013075171,0.045842413,0.036,0.024
137,0.017329153,0.054350726,0.03,0.048
138,0.0047872188,0.052777212,-0.006,0.048
139,0.0019836538,0.052835044,-0.006,0.096
140,0.012142814,0.047068648,0.006,0.072
141,0.006420577,0.049640574,0.018,0.036
142,0.0128447395,0.046035577,-0.006,0.036
143,-0.0082754465,0.06629027,0.03,0.06
144,0.01179958,0.050987218,0.024,0.012
145,0.024303481,0.049033344,-0.018,0.048
146,0.009544774,0.048243426,-0.03,0.102
147,0.001706033,0.052917928,-0.018,0.072
148,0.020794487,0.054614358,0.024,0.024
149,0.0029138327,0.05260498,0.018,0.036
150,-0.0006096866,0.049901217,-0.018,0.09
151,0.017855369,0.05483226,0.006,0.084
152,0.013711398,0.045812387,0.0,0.024
153,0.006667047,0.05715062,0.0,0.024
154,0.006935276,0.049230747,-0.018,0.048
155,0.011267195,0.049715064,0.006,0.072
156,-0.02082285,0.04666768,-0.018,0.036
157,0.0057521733,0.050478607,-0.006,0.096
158,-0.025852334,0.049946286,-0.018,0.06
159,0.004067558,0.054481,0.024,0.024
160,-0.016457848,0.0021132305,0.024,0.024
161,-0.004218217,0.022154754,-0.018,0.048
162,0.01053714,0.04945836,-0.018,0.06
163,0.0049144104,0.048791457,-0.018,0.06
164,0.009846324,0.041767124,0.006,0.036
165,0.009143604,0.048195217,-0.018,0.09
166,0.030355997,0.06669008,0.006,0.096
167,-0.0020450288,0.057089914,0.006,0.096
168,0.019899745,0.05071481,-0.018,0.072
169,0.0023755608,0.052252248,-0.018,0.048
170,-0.025759414,0.081605375,-0.006,0.06
171,0.010177979,0.04769999,-0.018,0.072
172,-0.009313133,0.037964113,-0.006,0.084
173,0.006942123,0.050859634,0.018,0.084
174,0.0049168784,0.05256712,-0.018,0.06
175,0.024139453,0.07629449,-0.006,0.036
176,0.014422701,0.044950977,-0.012,0.024
177,0.008929776,0.048004203,0.03,0.036
178,-0.028858565,0.07162711,-0.006,0.084
179,0.009001202,0.04837465,-0.006,0.072
180,0.0070239105,0.050887834,0.006,0.084
181,0.0063396646,0.05244136,0.024,0.012
182,0.0066126846,0.05238263,0.006,0.06
183,0.015449779,0.055898067,0.024,0.012
184,0.01455223,0.045461565,0.018,0.084
185,0.008612242,0.07202142,-0.006,0.072
186,0.012086485,0.048617724,-0.006,0.06
187,0.027359724,0.045553356,-0.006,0.048
188,0.00023113377,0.057154827,0.006,0.084
189,0.011610597,0.04141404,-0.006,0.036
190,0.0071251523,0.051547572,0.03,0.06
191,0.01732475,0.06994277,0.006,0.06
192,0.006825937,0.057823382,-0.018,0.048
193,0.006649581,0.051982153,-0.018,0.036
194,0.0076621203,0.051563065,0.018,0.036
195,-0.022507768,0.05462046,-0.018,0.048
196,-0.00022294652,0.08553347,0.012,0.024
197,0.011224888,0.04727718,0.03,0.048
198,0.0053607738,0.051081195,0.006,0.06
199,0.012674144,0.048105318,-0.012,0.024
200,0.008697725,0.05088256,0.03,0.06
201,0.003917696,0.054331426,-0.006,0.06
202,0.0077111176,0.05250828,0.036,0.012
203,-0.004665983,0.047067266,0.036,0.024
204,0.008359696,0.045591347,0.03,0.048
205,0.009439812,0.048198666,0.006,0.06
206,0.0026891949,0.046729114,0.018,0.084
207,0.007560741,0.04487848,-0.018,0.072
208,0.0073020384,0.06410744,-0.006,0.048
209,0.00923489,0.04981359,-0.006,0.06
210,0.0040473575,0.05100934,0.042,0.048
211,-0.018414792,0.04436626,-0.018,0.09
212,-0.015094938,0.040170457,0.018,0.084
213,-0.0020093648,0.047001217,-0.018,0.072
214,0.017441284,0.060533933,0.006,0.036
215,0.008620672,0.0477234,0.006,0.06
216,0.00995674,0.047766436,-0.006,0.036
217,0.0067569334,0.06333558,-0.018,0.036
218,-0.030725367,0.03926663,0.006,0.096
219,0.010707241,0.048363283,-0.006,0.036
220,0.0009879228,0.08279975,0.006,0.06
221,0.018925205,0.052537568,-0.006,0.096
222,0.0128979655,0.04761106,-0.018,0.072
223,0.014631917,0.070429265,-0.006,0.06
224,0.02027665,0.05035671,0.042,0.048
225,0.0060528936,0.05219332,0.006,0.036
226,0.027791992,0.07179578,-0.018,0.072
227,0.008599811,0.04870058,0.018,0.036
228,-0.011604847,0.047609895,0.018,0.036
229,0.010942256,0.051755324,0.018,0.036
230,0.05826442,0.08270989,0.018,0.06
231,0.003800734,0.05211132,-0.018,0.048
232,-0.0013294667,0.054524586,-0.018,0.102
233,0.009444153,0.053031366,0.036,0.012
234,0.0075856615,0.045520518,0.042,0.048
235,0.0074560437,0.050034184,0.036,0.024
236,0.047626548,0.06473026,0.03,0.06
237,0.008200105,0.047632825,-0.018,0.102
238,0.0104084425,0.056188192,0.018,0.06
239,0.0071882815,0.048202716,0.018,0.06
240,0.009069085,0.04865206,-0.018,0.09
241,-0.0022439286,0.058089994,0.036,0.024
242,0.009325402,0.050350167,0.018,0.036
243,0.0067393146,0.049338717,0.03,0.06
244,0.0065069925,0.049091842,-0.006,0.084
245,0.0105253365,0.04625945,-0.018,0.09
246,0.006168833,0.051946353,-0.006,0.072
247,0.015384108,0.05118098,-0.024,0.024
248,0.010653404,0.046139747,0.006,0.048
249,-0.0056534857,0.042282168,0.006,0.06
250,0.003395022,0.04863885,-0.006,0.096
251,-0.0030183801,0.051212955,0.006,0.084
252,0.014942481,0.04883638,-0.006,0.072
253,0.0027694218,0.043618064,0.042,0.048
254,0.006898634,0.048153788,0.03,0.048
255,-0.007133468,0.04918142,0.0,0.012
256,-0.0031856336,0.058985777,0.042,0.048
257,0.010702985,0.048595447,-0.018,0.102
258,0.009766411,0.047720328,0.006,0.036
259,0.0026955726,0.050148387,0.018,0.036
260,0.009674937,0.046191193,0.0,0.012
261,-0.003905016,0.05166277,0.03,0.036
262,0.0075961044,0.05227237,0.018,0.036
263,-0.0021549482,0.056976452,0.006,0.084
264,0.004101605,0.05224884,0.018,0.036
265,0.011901891,0.04289012,-0.018,0.072
266,0.016199566,0.046484396,-0.018,0.09
267,0.014852492,0.057584967,-0.018,0.048
268,-0.01848048,0.046266604,-0.018,0.036
269,0.015397171,0.04754579,0.042,0.048
270,0.011182193,0.05377474,0.018,0.06
271,-0.0014304761,0.04566158,0.018,0.06
272,0.0101052895,0.04824082,0.018,0.06
273,-0.024816811,0.07257512,0.03,0.036
274,-0.012668188,0.0523133,-0.006,0.036
275,0.010849316,0.05029829,0.0,0.024
276,-0.0015140409,0.057678405,0.006,0.06
277,0.0039083622,0.06531743,0.0,0.012
278,0.0057317363,0.058312602,-0.006,0.036
279,0.0045459736,0.04691556,-0.006,0.048
280,0.008336786,0.04840755,0.018,0.06
281,0.009562854,0.049589332,0.006,0.084
282,0.0064359577,0.050710667,-0.018,0.036
283,0.0074829017,0.046608992,-0.006,0.048
284,0.011316575,0.048766814,0.03,0.048
285,0.018066658,0.0735567,0.036,0.012
286,0.004923946,0.055213973,0.024,0.024
287,0.010160569,0.047915787,-0.018,0.048
288,0.039401636,0.06505938,0.03,0.036
289,-0.0061580883,0.07799233,-0.006,0.084
290,0.015610636,0.055154145,0.024,0.024
291,0.0022136047,0.0548065,-0.018,0.09
292,0.011555439,0.046990193,0.0,0.012
293,0.0063091395,0.050868172,-0.018,0.048
294,0.010292446,0.04691726,-0.006,0.06
295,0.009924014,0.036677673,-0.018,0.09
296,0.010105242,0.04907179,-0.03,0.102
297,0.0122614615,0.05177646,-0.018,0.06
298,0.003569074,0.05526743,0.042,0.06
299,0.0088024475,0.047613017,-0.006,0.06
300,0.01593656,0.04845877,0.03,0.06
301,0.008915779,0.05798751,-0.006,0.06
302,0.009339004,0.049081396,0.03,0.06
303,-0.0027449373,0.061113693,0.018,0.06
304,0.0017430773,0.052253373,0.018,0.036
305,0.004284491,0.051964156,0.042,0.06
306,-0.005599983,0.043455902,0.042,0.06
307,0.008845187,0.049168915,-0.006,0.072
308,0.01320558,0.054157447,-0.006,0.096
309,0.0018415861,0.053669855,0.042,0.048
310,-0.0055138534,0.04548649,0.036,0.012
311,0.05940412,0.04538214,0.018,0.036
312,0.0075454237,0.050690457,0.03,0.048
313,0.0052617174,0.05086351,0.018,0.084
314,0.011137466,0.052870553,0.018,0.06
315,0.016954338,0.056100495,0.03,0.036
316,-0.0006091241,0.04993489,0.0,0.024
317,0.0019132756,0.04484575,-0.006,0.048
318,0.0035504997,0.05261433,0.03,0.06
319,0.009318563,0.03887534,0.018,0.084
320,0.016699621,0.050228752,0.018,0.084
321,0.0050069923,0.053434398,-0.03,0.102
322,0.009949952,0.04881854,-0.006,0.06
323,0.064452596,0.09084456,-0.006,0.072
324,0.014195246,0.050386593,0.036,0.024
325,0.0067983875,0.0518484,0.006,0.048
326,-0.014420268,0.03246049,0.036,0.024
327,-0.009055139,0.046137005,0.006,0.036
328,0.001556796,0.057856955,0.036,0.024
329,0.0006609252,0.07831755,0.03,0.06
330,0.018406652,0.027936518,-0.012,0.024
331,0.013637101,0.05895476,0.024,0.012
332,0.0075966343,0.051381927,0.03,0.036
333,-0.0066519715,0.009752847,-0.018,0.036
334,-0.01817036,0.034882225,0.006,0.06
335,0.017723335,0.048067454,-0.024,0.024
336,0.010190243,0.047660097,0.03,0.06
337,0.0008291919,0.05347141,0.0,0.024
338,0.010091899,0.048154507,0.006,0.096
339,0.0021951944,0.06054434,0.012,0.012
340,-0.028127339,0.04906662,-0.012,0.024
341,0.0154613685,0.065203086,0.018,0.084
342,0.0034305854,0.05464482,-0.018,0.072
343,0.012487847,0.046525665,0.03,0.06
344,-0.00030732527,0.050501738,0.012,0.012
345,0.009424523,0.049864456,-0.024,0.024
346,0.011254618,0.05234833,0.006,0.084
347,0.012392047,0.046183657,-0.018,0.102
348,0.0072116815,0.05315153,0.0,0.012
349,0.007765644,0.05148607,-0.018,0.09
350,0.011328674,0.04789481,-0.018,0.09
351,0.0191681,0.06076589,-0.006,0.084
352,0.0036995802,0.052523725,0.006,0.084
353,0.007125807,0.049577385,0.0,0.024
354,0.011209825,0.04784224,0.0,0.012
355,0.003082228,0.069296904,-0.018,0.06
356,0.010798933,0.048104245,0.03,0.06
357,0.010719467,0.047469217,0.006,0.048
358,-0.00018282887,0.0569441,0.006,0.084
359,0.008311547,0.051062733,0.024,0.024
360,0.010396238,0.04181769,-0.018,0.036
361,0.009207112,0.050230123,0.03,0.06
362,0.0068518156,0.05836254,0.024,0.024
363,0.0072751706,0.04778552,-0.018,0.072
364,0.006091484,0.04799428,-0.03,0.102
365,0.011027379,0.057346698,0.018,0.072
366,0.009476174,0.0490778,-0.018,0.072
367,0.009534569,0.04916925,-0.018,0.048
368,0.005578827,0.051648483,0.036,0.024
369,0.05596646,0.05729366,0.006,0.072
370,0.006666491,0.05095267,0.03,0.06
371,0.008375274,0.050014954,-0.018,0.102
372,0.008885897,0.05296856,-0.03,0.102
373,0.015168616,0.03212162,-0.006,0.06
374,0.015560948,0.049050897,-0.018,0.048
375,0.00685527,0.053840373,0.018,0.084
376,0.0028431332,0.04925291,0.006,0.084
377,0.014679162,0.060065653,0.036,0.024
378,0.008995615,0.053207487,-0.006,0.096
379,0.01045683,0.04880105,-0.018,0.072
380,0.0077262255,0.0485799,-0.006,0.084
381,0.006386265,0.050911516,-0.018,0.072
382,-0.008177997,0.047558762,0.03,0.048
383,0.003781586,0.04674342,0.012,0.024
384,-0.00013133325,0.055929475,0.006,0.084
385,0.009346196,0.033662017,0.0,0.012
386,0.0016425,0.055164482,0.012,0.012
387,0.009972342,0.048001327,0.042,0.048
388,0.0016270932,0.043335255,-0.006,0.048
389,0.010916203,0.06162651,0.018,0.06
390,-0.00087684207,0.048190273,-0.012,0.024
391,-0.018304413,0.050879233,0.036,0.012
392,0.016230391,0.039665323,0.0,0.012
393,0.010293895,0.053830583,0.006,0.036
394,0.012716508,0.04843399,0.006,0.072
395,0.006524452,0.05242695,-0.018,0.06
396,0.014409561,0.022879694,0.018,0.036
397,0.0029323334,0.0514627,-0.018,0.09
398,0.0048633274,0.06539356,0.042,0.06
399,0.03644536,0.051884204,-0.006,0.084
400,0.014271012,0.048706844,-0.006,0.084
401,0.007364385,0.03464859,0.03,0.036
402,0.0063744327,0.050615422,-0.006,0.048
403,-0.0016291179,0.055804778,-0.006,0.096
404,0.0040819077,0.054131135,0.018,0.084
405,0.003502367,0.05300365,0.0,0.012
406,0.00999888,0.04879271,0.006,0.06
407,0.0064795297,0.04726915,0.024,0.012
408,0.002928054,0.047308885,0.006,0.084
409,0.01148548,0.054272242,0.018,0.072
410,0.010338151,0.04750072,-0.03,0.102
411,-0.0023589265,0.058340944,0.0,0.012
412,0.0020537889,0.051754214,0.03,0.06
413,0.003437466,0.054295123,0.006,0.06
414,0.0048629064,0.052291237,-0.018,0.036
415,-0.019282069,0.05489976,-0.03,0.102
416,0.0016249828,0.061260357,0.006,0.096
417,0.010922562,0.057008,0.006,0.036
418,0.0069788075,0.04993944,-0.03,0.102
419,0.011806749,0.047707304,-0.018,0.09
420,0.00625161,0.05159761,0.018,0.084
421,0.027039139,0.047913995,0.0,0.012
422,0.017372407,0.04780462,0.036,0.024
423,0.0065737218,0.0517638,0.018,0.06
424,0.00808948,0.049015887,0.006,0.06
425,0.0086674765,0.042226333,0.006,0.072
426,-0.03432736,0.041507985,-0.024,0.024
427,0.0036343094,0.053204335,0.03,0.06
428,-0.00047172606,0.047738194,-0.018,0.036
429,0.013479358,0.042982884,0.018,0.06
430,-0.0007162113,0.061736878,0.0,0.024
431,0.0056342753,0.05017468,0.006,0.048
432,0.009164492,0.04799702,0.012,0.012
433,-0.0013498068,0.06405491,0.018,0.06
434,0.007440584,0.04665984,0.03,0.048
435,0.0059963726,0.04915631,0.042,0.06
436,0.025666613,0.08240463,0.0,0.012
437,0.0068387836,0.049290035,-0.018,0.072
438,-0.00581785,0.04863746,0.042,0.048
439,0.006422171,0.049501438,0.0,0.012
440,0.005240537,0.051094092,-0.018,0.048
441,0.009380168,0.046620596,-0.018,0.102
442,0.012956092,0.06947923,0.018,0.072
443,0.0063875285,0.05132141,-0.006,0.072
444,0.0042250324,0.052351575,0.03,0.048
445,0.014551287,0.04877171,0.0,0.024
446,0.0043367473,0.06020654,-0.006,0.096
447,-0.0057537816,0.047372814,-0.018,0.102
448,0.0092553,0.04787919,-0.006,0.072
449,0.00548561,0.05142687,0.042,0.06
450,-0.023593638,0.053440183,0.03,0.036
451,0.0122062145,0.046424266,0.006,0.036
452,0.007350411,0.0492428,0.006,0.036
453,0.005491458,0.049414538,-0.006,0.072
454,-0.0026440108,0.035797514,-0.018,0.09
455,0.0059615728,0.0510022,0.03,0.036
456,0.007953266,0.04959129,0.012,0.012
457,0.0102035515,0.04817077,-0.006,0.048
458,0.0003513405,0.056063373,-0.018,0.09
459,0.007586154,0.049741745,0.0,0.012
460,0.025996145,0.04057391,0.03,0.06
461,0.011114351,0.047854926,0.012,0.012
462,0.0067470684,0.048547216,0.006,0.096
463,-0.026408674,0.06303409,0.006,0.048
464,0.011457328,0.04714055,-0.006,0.096
465,0.007355678,0.050559327,0.012,0.012
466,0.0056100003,0.05232202,0.018,0.036
467,-0.03930628,0.0143788215,-0.018,0.072
468,0.0047865845,0.066607565,0.024,0.024
469,0.017059395,0.06145969,-0.024,0.024
470,0.00090778247,0.053967204,-0.012,0.024
471,0.0015935069,0.054983206,-0.018,0.06
472,-0.008737044,0.048438728,0.006,0.096
473,-0.00064448453,0.047582902,0.006,0.072
474,0.0066689085,0.050345246,-0.006,0.096
475,0.0143769905,0.055707533,-0.006,0.048
476,0.007491188,0.04578905,0.006,0.036
477,0.028271213,0.045722235,0.024,0.012
478,0.014388234,0.04686817,-0.006,0.096
479,0.008115053,0.04923396,-0.006,0.096
480,0.0031939251,0.054218873,-0.018,0.09
481,0.0004029628,0.055352967,-0.024,0.024
482,0.0008523483,0.053928617,-0.006,0.096
483,-0.0098718675,0.05818053,-0.018,0.048
484,0.028299566,0.048912812,0.024,0.012
485,0.011658653,0.0472452,-0.024,0.024
486,0.011196893,0.0467622,0.024,0.012
487,0.00828787,0.049107637,-0.018,0.102
488,-0.005527216,0.047613747,-0.024,0.024
489,-0.0077396203,0.059781704,0.0,0.012
490,0.011602933,0.047786057,-0.006,0.036
491,0.005168277,0.051962845,-0.006,0.072
492,0.007789214,0.04947962,-0.012,0.024
493,0.00066551566,0.054263443,0.024,0.024
494,-0.0060600396,0.05251569,0.024,0.024
495,0.012634827,0.04549452,-0.006,0.048
496,0.019363813,0.06546129,-0.024,0.024
497,0.017950015,0.051807895,0.042,0.06
498,0.0068639643,0.049814604,-0.018,0.048
499,0.008495938,0.04800501,-0.024,0.024
500,0.0046617147,0.050447937,0.012,0.024
501,0.00616109,0.050452203,0.024,0.024
502,0.009625161,0.053511877,0.042,0.048
503,0.012064074,0.03595933,-0.03,0.102
504,0.012130973,0.053378314,0.018,0.06
505,0.0040617725,0.054865062,-0.018,0.09
506,0.0066884835,0.04911361,0.006,0.084
507,0.010846853,0.04748529,0.0,0.012
508,-0.008162329,0.057126828,-0.018,0.102
509,0.0019976432,0.054814517,-0.03,0.102
510,-0.0071922457,0.05121453,-0.018,0.072
511,0.01296974,0.046125595,0.012,0.012
512,0.006143461,0.05131527,-0.024,0.024
513,0.014935703,0.08347957,0.018,0.06
514,0.007827691,0.049295127,0.0,0.024
515,0.01636915,0.052157663,0.03,0.048
516,0.0068939095,0.049842324,0.042,0.06
517,0.0042023445,0.052639514,0.006,0.048
518,0.017639907,0.048967637,-0.024,0.024
519,0.008893063,0.04807438,0.024,0.012
520,0.0014436245,0.060424984,-0.018,0.06
521,0.013576678,0.05670775,0.018,0.072
522,0.013571477,0.04541247,0.042,0.06
523,0.0038085757,0.05434896,0.042,0.048
524,0.0063690674,0.050281964,0.0,0.024
525,0.03398767,0.08353001,0.006,0.036
526,0.0026875958,0.058145527,-0.018,0.09
527,0.0053703114,0.05022199,-0.018,0.048
528,-0.00015119277,0.055223715,0.018,0.06
529,0.004347305,0.054268245,0.036,0.012
530,0.002090414,0.05060613,0.024,0.024
531,0.004800245,0.05252959,0.036,0.024
532,0.009113133,0.047195468,-0.018,0.09
533,0.0023079067,0.06687287,0.006,0.072
534,0.010904351,0.04673364,0.006,0.06
535,0.0019304045,0.047722626,0.006,0.06
536,0.01642647,0.0539079,0.0,0.012
537,0.030024383,0.07024038,-0.018,0.06
538,0.014262373,0.05105289,0.042,0.048
539,0.017282063,0.049294308,-0.006,0.036
540,0.00089973025,0.05407309,-0.006,0.06
541,0.012988501,0.05157733,-0.006,0.072
542,0.009718871,0.046979155,0.024,0.012
543,0.013272483,0.04571468,0.006,0.096
544,-0.012782655,0.05690299,-0.012,0.024
545,0.005240416,0.05083943,0.018,0.072
546,0.009638342,0.047542073,-0.006,0.084
547,-0.00313529,0.067804165,0.042,0.048
548,-0.0021014055,0.052969802,-0.006,0.036
549,0.0045194393,0.05135233,-0.018,0.072
550,0.013496488,0.04542782,0.0,0.024
551,0.009323077,0.046266712,-0.018,0.09
552,-0.08114492,0.04993368,0.03,0.06
553,-0.006282014,0.050492033,-0.006,0.084
554,0.022301208,0.05262739,0.006,0.048
555,0.007106619,0.056061555,0.036,0.024
556,0.007850865,0.048896797,0.012,0.024
557,0.0069903126,0.050058987,-0.012,0.024
558,0.014503224,0.05137312,-0.012,0.024
559,0.00016975682,0.05401417,0.018,0.072
560,0.011197204,0.046212304,0.006,0.096
561,-0.035326935,0.04028692,-0.006,0.06
562,0.00024437066,0.073787436,-0.018,0.036
563,0.00988489,0.048470955,0.024,0.024
564,-0.0015058229,0.05771847,0.03,0.036
565,0.0038634567,0.051953815,0.018,0.072
566,0.007955802,0.04885768,0.042,0.06
567,0.0067232093,0.049635604,0.036,0.024
568,0.012479414,0.046220943,0.024,0.024
569,0.0001342902,0.04179799,0.024,0.024
570,0.013753202,0.051660676,0.024,0.024
571,0.012978252,0.048596524,-0.024,0.024
572,0.0064388183,0.04824081,-0.018,0.048
573,0.012587414,0.04604539,0.042,0.06
574,0.013412049,0.050993703,0.03,0.06
575,0.0073981574,0.050061304,0.0,0.024
576,-0.0038988888,0.048581265,0.03,0.048
577,0.00635548,0.052768324,0.006,0.036
578,0.019527929,0.04873231,0.012,0.012
579,-0.0076977685,0.058599636,0.042,0.06
580,0.004140813,0.05124612,0.042,0.06
581,0.0045005586,0.053700544,0.018,0.072
582,0.00888714,0.04704964,0.036,0.012
583,0.0016010711,0.05332657,-0.018,0.06
584,0.008397948,0.05287027,-0.006,0.06
585,0.005113069,0.053168908,0.024,0.024
586,0.015210159,0.0691217,-0.006,0.084
587,0.0048797457,0.05104664,-0.018,0.102
588,0.011361513,0.052600674,0.006,0.084
589,0.008643195,0.048916157,0.036,0.012
590,0.0078123626,0.05020747,-0.018,0.072
591,-0.017963698,0.054304644,0.018,0.036
592,0.007554295,0.05236607,0.0,0.024
593,0.0057358043,0.054566268,0.0,0.024
594,0.012554397,0.05238825,0.0,0.024
595,-0.0063180914,0.049790435,0.018,0.036
596,-0.0023080949,0.050750576,0.006,0.084
597,0.0069568194,0.051461946,-0.006,0.06
598,0.014982747,0.049903013,-0.018,0.06
599,0.011690094,0.039858278,-0.012,0.024
600,-0.009317121,0.041238286,-0.024,0.024
601,0.008132663,0.048287347,0.012,0.012
602,0.0007617846,0.054322574,-0.018,0.06
603,0.015554949,0.04885857,0.012,0.012
604,-0.0026335176,0.057502657,-0.018,0.102
605,-0.005240486,0.047604717,0.012,0.012
606,0.023273453,0.045218673,-0.006,0.096
607,0.008531273,0.04911884,-0.018,0.036
608,0.010897385,0.052630432,0.018,0.06
609,0.025212506,0.05274446,-0.018,0.102
610,0.028507898,0.051033378,0.006,0.036
611,0.0026713684,0.061504602,0.018,0.06
612,0.009230013,0.049117938,0.006,0.096
613,0.0071356124,0.04920657,0.012,0.012
614,0.00186997,0.05423853,0.018,0.084
615,0.011016592,0.050186988,0.018,0.06
616,0.0050965305,0.051242985,0.018,0.06
617,0.017150344,0.049258072,-0.012,0.024
618,0.0037054904,0.054487664,-0.012,0.024
619,0.014546433,0.0323206,0.03,0.036
620,0.0037048776,0.044512045,0.018,0.084
621,0.008177614,0.0487395,0.036,0.024
622,0.012541467,0.046082504,-0.012,0.024
623,0.004040894,0.059280757,-0.018,0.072
624,0.0052160406,0.051318277,-0.006,0.048
625,0.013856117,0.05477122,0.006,0.06
626,-0.01035718,0.052071907,-0.018,0.036
627,0.004852196,0.05375618,-0.006,0.072
628,0.0043472946,0.05174981,-0.018,0.06
629,0.011167552,0.04532395,0.042,0.06
630,0.0009345887,0.060351238,0.006,0.048
631,0.010944126,0.049916893,-0.024,0.024
632,0.0060274005,0.051612522,0.006,0.072
633,-0.005577094,0.049781937,0.012,0.024
634,0.0044334577,0.049788494,0.036,0.012
635,0.009876226,0.047294807,0.03,0.06
636,-0.00785517,0.06458905,0.006,0.084
637,0.010850441,0.048161145,0.006,0.048
638,-0.012011681,0.044080812,0.036,0.024
639,0.008761307,0.05005773,0.018,0.06
640,0.011291601,0.050653666,-0.006,0.06
641,0.012082055,0.055774894,0.024,0.012
642,0.006749137,0.05256518,0.006,0.036
643,0.006494023,0.051119924,-0.018,0.06
644,0.014116424,0.044339083,0.03,0.048
645,0.00015753042,0.05164369,0.03,0.048
646,0.011879355,0.047401324,0.024,0.012
647,0.010687768,0.047743253,-0.018,0.09
648,-0.0051397607,0.056006335,-0.006,0.084
649,0.005437508,0.054064445,-0.012,0.024
650,0.0027036779,0.052692574,0.03,0.036
651,0.01325047,0.04576192,0.03,0.06
652,0.0047353273,0.05197189,0.042,0.06
653,0.019204529,0.047135092,-0.006,0.048
654,-0.0021742564,0.047550797,0.006,0.06
655,0.00863786,0.046607118,-0.006,0.072
656,0.0085527245,0.048499394,0.006,0.06
657,0.011382627,0.047211282,0.006,0.084
658,0.015790595,0.050765537,-0.012,0.024
659,0.0015989738,0.048544656,0.018,0.036
660,-0.020722574,0.038057785,-0.006,0.06
661,0.0047549736,0.052830566,0.042,0.048
662,0.005124838,0.057973944,0.03,0.06
663,0.004530126,0.05198318,-0.012,0.024
664,0.0096562505,0.04972228,0.006,0.06
665,-0.0011828663,0.046410326,0.03,0.048
666,0.013255911,0.04571235,0.006,0.06
667,0.014477368,0.047878362,-0.018,0.036
668,0.0078387875,0.05043622,-0.006,0.084
669,0.009565543,0.05420924,0.024,0.024
670,0.011389371,0.046462778,0.018,0.072
671,0.0070226127,0.050575882,-0.018,0.09
672,0.011649834,0.05543214,0.006,0.06
673,0.0019354625,0.06327762,-0.006,0.084
674,0.00090119895,0.07558248,-0.03,0.102
675,0.013164313,0.0514449,-0.006,0.084
676,0.010110829,0.046796955,0.042,0.06
677,-0.0019639712,0.05176493,-0.006,0.048
678,0.018199092,0.07567008,0.024,0.012
679,-0.002827472,0.036273044,-0.024,0.024
680,0.009858962,0.047010425,0.03,0.048
681,0.010546661,0.04700644,0.036,0.024
682,0.005739769,0.064427435,0.006,0.072
683,0.0124028865,0.04918007,0.012,0.012
684,-0.016962703,0.047497887,0.024,0.012
685,-0.015830562,0.04807208,0.006,0.072
686,0.0060949167,0.050456107,0.012,0.012
687,0.0058541247,0.050599664,-0.006,0.036
688,0.004299094,0.053681754,0.018,0.06
689,0.017984571,0.0509688,0.042,0.06
690,0.0075992323,0.050150033,-0.006,0.06
691,-0.0050530173,0.04170889,0.018,0.084
692,0.023040012,0.044553835,0.006,0.06
693,0.021261618,0.049244694,0.03,0.036
694,0.014361856,0.049539253,-0.018,0.036
695,0.009135596,0.05041829,0.0,0.012
696,0.035669778,0.04483567,0.0,0.012
697,0.008157443,0.05882067,-0.006,0.084
698,0.012811124,0.05021015,0.036,0.012
699,0.010817115,0.047520943,-0.006,0.084
700,0.0032266518,0.060871985,0.006,0.072
701,0.025310926,0.04927709,-0.006,0.06
702,0.008508809,0.04484304,-0.006,0.096
703,0.0081318095,0.051019326,0.006,0.072
704,-0.01796078,0.08232562,0.036,0.024
705,0.006281345,0.052694418,-0.018,0.072
706,0.0062310975,0.050557103,-0.018,0.072
707,0.012387887,0.037909932,0.006,0.036
708,0.00964685,0.0498816,0.036,0.024
709,0.006202454,0.07993382,0.0,0.024
710,0.018350225,0.047561906,0.024,0.012
711,0.008046604,0.056256946,0.018,0.084
712,0.0075878324,0.05033236,0.0,0.012
713,-0.0029063001,0.050442185,0.036,0.012
714,0.011996708,0.034901284,0.006,0.084
715,0.0029216642,0.05340351,0.018,0.084
716,0.009947676,0.04949674,-0.018,0.102
717,0.0025655758,0.04675058,-0.018,0.102
718,-0.008224673,0.0594979,0.03,0.036
719,-0.0007248698,0.05549608,0.042,0.06
720,0.0012357906,0.045594577,-0.024,0.024
721,0.010491354,0.048601598,0.036,0.012
722,0.0064228326,0.050803788,-0.018,0.048
723,0.009043492,0.049614508,-0.006,0.048
724,0.007863468,0.052120697,-0.018,0.072
725,0.0108735645,0.047491085,0.006,0.084
726,-0.0050929626,0.05181349,0.006,0.048
727,0.009325007,0.050564263,0.006,0.084
728,0.0031775953,0.053415343,0.006,0.06
729,0.009767894,0.04708807,-0.018,0.072
730,0.012653576,0.06408949,-0.03,0.102
731,0.002386597,0.054498974,0.006,0.072
732,-0.025209341,0.07681891,0.006,0.096
733,0.021186601,0.055392727,-0.018,0.09
734,0.007135116,0.049483277,-0.006,0.072
735,-0.000905009,0.047441207,0.018,0.084
736,-0.004436886,0.04968971,0.03,0.06
737,0.012075995,0.043303203,0.024,0.024
738,0.03941231,0.07085908,0.03,0.036
739,-0.009440398,0.05563605,-0.018,0.048
740,0.03249556,0.049330764,0.036,0.024
741,0.0034127478,0.052699056,0.006,0.084
742,0.009654792,0.05589468,0.018,0.06
743,0.014403332,0.04839751,0.006,0.072
744,0.010833304,0.047007825,0.012,0.024
745,0.007864773,0.054957975,0.006,0.048
746,0.0052943085,0.05028169,-0.018,0.102
747,0.016787127,0.04757401,0.042,0.048
748,-0.012222788,0.017774692,0.024,0.024
749,0.010567965,0.05047878,-0.018,0.072
750,-0.03948835,0.06507397,0.03,0.036
751,0.0038920594,0.051652793,0.0,0.012
752,0.0065482836,0.05188763,-0.018,0.036
753,0.0047524283,0.05202438,0.03,0.06
754,0.0097185485,0.049041167,0.036,0.012
755,0.003937898,0.053216815,-0.012,0.024
756,0.013704283,0.046771124,0.0,0.024
757,0.009600239,0.05162232,-0.006,0.096
758,0.010338796,0.04690303,-0.006,0.048
759,0.0077699563,0.057042897,0.024,0.024
760,0.01187275,0.049633883,-0.006,0.036
761,-0.005587005,0.043366462,0.0,0.012
762,0.016806666,0.05616775,-0.012,0.024
763,0.0065287747,0.053329766,-0.018,0.102
764,0.00026268512,0.055082675,-0.018,0.06
765,0.0020450708,0.05424357,-0.006,0.084
766,0.013609514,0.0543809,-0.006,0.06
767,0.005446665,0.05482152,0.0,0.024
768,0.0036664493,0.051253814,0.006,0.048
769,0.0048841033,0.04769868,-0.006,0.096
770,0.008009898,0.049719892,-0.018,0.036
771,-0.030981798,0.058032826,0.024,0.024
772,0.014750168,0.046533152,0.0,0.012
773,0.011669902,0.054129306,0.0,0.012
774,0.010410242,0.056425106,0.03,0.048
775,0.011429572,0.055060253,-0.006,0.048
776,0.0046951687,0.051219035,0.006,0.084
777,0.0027775187,0.053455964,-0.006,0.06
778,0.022041135,0.059066337,0.018,0.072
779,0.008837961,0.049092446,0.0,0.024
780,0.0040508145,0.052418966,0.036,0.024
781,0.005111512,0.05256302,0.042,0.048
782,0.0044876905,0.05298897,0.03,0.06
783,0.004701443,0.05092561,0.024,0.024
784,0.011831431,0.050295483,-0.024,0.024
785,0.009833319,0.053386237,-0.024,0.024
786,0.007632682,0.04819954,0.018,0.084
787,-0.028526414,0.082874045,0.024,0.024
788,0.032688987,0.045357086,0.0,0.012
789,0.0073709814,0.049432267,0.012,0.012
790,0.0023284135,0.053306863,0.036,0.024
791,0.008743992,0.04868788,-0.03,0.102
792,0.009091876,0.0502976,0.006,0.06
793,0.0044018524,0.043533478,0.006,0.036
794,0.010864304,0.04808228,-0.018,0.036
795,0.0135567635,0.051053323,-0.006,0.072
796,0.0051178355,0.05135376,0.018,0.06
797,-0.009256414,0.06510603,-0.018,0.048
798,-0.0042047333,0.045977272,0.006,0.096
799,0.004310021,0.05265189,0.018,0.036
800,0.008505858,0.05209427,0.03,0.036
801,-0.024969881,0.066181034,0.024,0.024
802,0.009869989,0.039645623,0.006,0.06
803,0.005907974,0.050501645,-0.018,0.09
804,0.0029173829,0.057069685,-0.018,0.102
805,0.009770637,0.050920825,0.012,0.024
806,0.014266038,0.048103232,0.018,0.06
807,-0.011150935,0.04382646,0.042,0.06
808,0.0028988654,0.05272691,0.006,0.084
809,0.015023525,0.06605916,-0.006,0.06
810,-0.006702589,0.051135205,0.024,0.012
811,0.001444405,0.053939536,-0.018,0.036
812,0.008396296,0.058257766,-0.018,0.036
813,0.006283495,0.06037848,0.024,0.024
814,0.011300218,0.056896836,-0.018,0.09
815,-0.0036321264,0.052683786,0.036,0.012
816,0.0034087505,0.051883385,-0.012,0.024
817,0.008564163,0.048908044,-0.012,0.024
818,0.017153986,0.062815085,0.006,0.084
819,-0.0073464923,0.04923559,-0.018,0.06
820,0.0046246722,0.051896952,0.0,0.024
821,0.009143494,0.048341233,0.012,0.024
822,-0.0010322882,0.049857058,0.018,0.06
823,0.009353084,0.0489055,0.018,0.084
824,0.0071673095,0.050376404,0.006,0.072
825,0.008572219,0.04475198,0.006,0.036
826,0.0071602343,0.050712187,0.006,0.048
827,-0.010007885,0.03667932,-0.018,0.09
828,0.004717106,0.0452285,0.018,0.036
829,0.007395454,0.050688874,0.012,0.012
830,0.0026003877,0.054101728,0.006,0.036
831,0.018116802,0.056370623,0.006,0.072
832,0.0062781116,0.049677595,-0.006,0.084
833,0.0073225186,0.049724054,-0.018,0.102
834,0.009814582,0.050386466,-0.006,0.036
835,0.010186408,0.047523923,-0.018,0.09
836,0.0077127945,0.05034355,-0.018,0.048
837,0.008299878,0.05639515,-0.012,0.024
838,0.004025099,0.057358716,0.0,0.012
839,0.0060265814,0.050359853,0.036,0.024
840,0.010694221,0.047300324,0.03,0.06
841,0.0066968137,0.050503723,-0.018,0.102
842,-0.0026740748,0.05063615,0.042,0.06
843,-0.0024388703,0.049472757,-0.006,0.096
844,0.0018248381,0.055305026,0.03,0.06
845,-0.017223898,0.07565867,-0.006,0.048
846,0.013187446,0.052329704,0.006,0.096
847,0.009122595,0.05819869,0.018,0.06
848,0.017486122,0.044111833,-0.012,0.024
849,0.0077438904,0.04946229,0.006,0.036
850,-0.020412132,0.037910495,0.012,0.024
851,0.017289639,0.052314326,-0.006,0.048
852,0.008883415,0.0484308,-0.018,0.036
853,0.010362883,0.04838195,-0.024,0.024
854,-0.014917877,0.058267888,0.042,0.048
855,0.01068647,0.048716724,0.006,0.096
856,-0.026256528,0.06342076,0.024,0.012
857,-0.023450075,0.066133514,0.042,0.06
858,0.0044820067,0.053671107,-0.018,0.036
859,0.009181153,0.049988057,0.006,0.036
860,0.0084270965,0.049216293,0.018,0.084
861,0.0041695116,0.051355664,0.0,0.024
862,0.008886233,0.048503753,0.006,0.048
863,0.00047964882,0.05444375,0.042,0.06
864,0.006254375,0.052566446,0.0,0.024
865,0.013212124,0.055656374,0.018,0.084
866,0.029416643,0.021172464,0.012,0.012
867,0.0065035736,0.051166598,-0.006,0.096
868,-0.013008297,0.03985158,0.006,0.06
869,0.012575991,0.052659526,-0.018,0.036
870,0.015295849,0.04875163,0.012,0.012
871,0.022828914,0.0657389,0.03,0.06
872,0.012305511,0.050801665,0.012,0.024
873,0.0071706707,0.050372545,0.012,0.024
874,0.0075260242,0.050100897,-0.006,0.048
875,-0.008017619,0.049836107,-0.006,0.072
876,0.0059452895,0.05297264,-0.012,0.024
877,0.008309218,0.053183086,-0.006,0.084
878,0.02311056,0.05195294,0.03,0.036
879,-0.044071957,0.08337462,0.042,0.048
880,0.0140171535,0.056593597,0.03,0.036
881,0.0013044327,0.05506129,0.006,0.072
882,0.008442957,0.049644336,-0.006,0.048
883,0.0015135957,0.07210533,0.036,0.024
884,-0.0010290574,0.09847061,0.018,0.036
885,0.00905547,0.050011143,0.0,0.012
886,0.0026773345,0.053478077,0.024,0.012
887,0.010288243,0.048649162,0.024,0.012
888,0.009314263,0.047824834,-0.018,0.09
889,0.006766727,0.050017104,0.018,0.036
890,0.0038283756,0.05362728,-0.006,0.072
891,-0.042095996,0.08381078,0.0,0.012
892,0.0057101306,0.04607846,-0.006,0.048
893,-0.0075346595,0.09097439,-0.006,0.048
894,0.006859887,0.049704347,0.018,0.06
895,0.011266874,0.04757332,-0.024,0.024
896,0.005810991,0.050091498,-0.006,0.048
897,0.0070485994,0.05010033,0.036,0.024
898,0.002984603,0.056025036,0.018,0.084
899,0.014125876,0.054707754,0.018,0.06
900,0.008610421,0.048748795,0.006,0.048
901,0.0054224697,0.0681127,0.042,0.048
902,0.010462832,0.04757559,-0.03,0.102
903,0.010192537,0.047196757,0.006,0.072
904,0.0024462957,0.053352628,0.024,0.024
905,-0.0065451954,0.049829036,0.042,0.048
906,0.003940074,0.052606817,0.036,0.012
907,0.010218414,0.04799044,0.018,0.036
908,0.0063167172,0.055828832,-0.03,0.102
909,0.023480471,0.044200744,-0.024,0.024
910,0.004563071,0.05748687,0.018,0.06
911,-0.018281754,0.04216399,0.0,0.012
912,0.03134968,0.04482209,-0.018,0.036
913,0.0126791075,0.046375167,-0.006,0.072
914,0.007403665,0.049546838,0.03,0.036
915,0.0024453392,0.04835208,-0.012,0.024
916,0.0071161473,0.051103104,-0.006,0.084
917,0.015853394,0.049820524,0.042,0.06
918,0.0075633624,0.051655553,0.0,0.024
919,0.010280707,0.051537737,-0.018,0.06
920,0.0050784,0.05331552,0.036,0.012
921,0.008573781,0.050465718,0.0,0.012
922,0.010110828,0.0412916,0.03,0.048
923,0.0077494346,0.049263082,-0.018,0.072
924,0.019370804,0.048057377,0.018,0.036
925,0.015751308,0.04888356,0.0,0.012
926,0.010465827,0.048450932,-0.006,0.036
927,0.008000555,0.048673283,0.03,0.048
928,0.015370445,0.05230027,-0.006,0.084
929,-0.010256223,0.04625118,0.0,0.024
930,0.0063139554,0.051663823,0.018,0.084
931,0.009297861,0.05114636,0.024,0.024
932,0.007950609,0.05007269,0.024,0.012
933,0.0103581855,0.04831915,0.0,0.012
934,0.0070389276,0.053172357,0.006,0.096
935,0.0034011602,0.05203329,-0.006,0.096
936,0.013173056,0.047220983,-0.024,0.024
937,0.015539071,0.05051445,0.006,0.036
938,0.008373457,0.050551616,0.018,0.084
939,0.005448495,0.05175747,0.006,0.096
940,0.029537605,0.06970112,0.006,0.048
941,0.0029442366,0.050858103,0.006,0.036
942,0.009279284,0.050160684,0.012,0.024
943,0.0051503316,0.05396955,0.012,0.024
944,0.018510804,0.046852436,0.036,0.012
945,0.00930874,0.049181018,0.03,0.048
946,0.008120343,0.04882554,0.03,0.036
947,0.009861635,0.047976978,-0.018,0.09
948,0.016071606,0.061330818,0.0,0.024
949,0.025514716,0.048215687,0.006,0.048
950,0.010498868,0.048182856,0.006,0.084
951,0.004916155,0.051810473,-0.018,0.102
952,0.0051946067,0.052418694,-0.018,0.06
953,0.0045987433,0.05304126,0.006,0.048
954,0.03643972,0.084553644,0.042,0.048
955,0.004553615,0.05168207,-0.018,0.048
956,0.007935548,0.049716346,0.024,0.012
957,0.009685518,0.049614016,-0.012,0.024
958,0.007355958,0.05097002,-0.03,0.102
959,0.0043945573,0.048553795,-0.03,0.102
960,0.011930147,0.057277117,-0.018,0.036
961,0.04061638,0.046884645,0.012,0.024
962,0.012658121,0.047244646,-0.018,0.09
963,0.002363734,0.069318496,0.036,0.012
964,0.008927288,0.046428595,0.0,0.012
965,0.0068945074,0.050224017,0.036,0.024
966,0.0064962287,0.04946871,0.018,0.06
967,0.00080361124,0.053780165,0.006,0.084
968,0.00747599,0.06334685,-0.006,0.06
969,0.017139077,0.04945365,0.006,0.072
970,-0.010458201,0.085337624,0.03,0.06
971,0.01208649,0.049507424,-0.018,0.102
972,0.026498757,0.05370837,0.018,0.036
973,0.0073452108,0.050772674,0.018,0.072
974,-0.00059123896,0.067201585,0.036,0.024
975,-0.027236674,0.04563845,-0.006,0.072
976,0.0038430868,0.05316125,0.012,0.012
977,0.048340436,0.06495568,-0.018,0.048
978,0.0027145455,0.049077146,0.024,0.012
979,0.0041220356,0.052725807,0.006,0.096
980,0.0070981276,0.051749595,0.018,0.084
981,-0.0034006499,0.0661274,0.03,0.048
982,0.012075826,0.06544543,0.006,0.096
983,0.0014968086,0.055183068,0.012,0.012
984,0.0014568428,0.04925668,0.012,0.012
985,0.013669231,0.05671578,0.042,0.06
986,0.009545933,0.047293022,-0.006,0.048
987,0.010504197,0.048411448,0.042,0.048
988,0.0073853023,0.05014583,-0.018,0.036
989,0.0058675385,0.051481362,0.018,0.036
990,0.005980815,0.051809322,-0.006,0.096
991,0.0021040747,0.05408354,0.036,0.012
992,0.018649355,0.05984217,-0.024,0.024
993,0.002907903,0.053267304,0.036,0.012
994,-0.011239665,0.06618561,0.042,0.048
995,0.004299973,0.051251456,0.006,0.048
996,0.0076958872,0.05628911,-0.018,0.102
997,0.004173517,0.05005043,0.024,0.024
998,0.011125896,0.053734504,0.018,0.072
999,0.007678872,0.04860986,0.012,0.012
1000,0.007788429,0.049525153,-0.006,0.036
1001,0.0022296011,0.046323173,0.018,0.06
1002,0.008893528,0.04891641,-0.03,0.102
1003,0.008674812,0.048273712,0.006,0.036
1004,0.0071434667,0.05047223,0.006,0.06
1005,-0.003823393,0.05613146,0.042,0.048
1006,0.00939694,0.047939863,0.0,0.024
1007,0.009023044,0.058681615,0.024,0.012
1008,0.0063699717,0.046495523,0.018,0.036
1009,0.00811304,0.050006777,-0.018,0.06
1010,0.006185084,0.054974828,0.042,0.048
1011,0.008324508,0.045848176,-0.006,0.072
1012,0.028714731,0.046506517,-0.03,0.102
1013,-0.045593057,0.049916513,0.018,0.06
1014,0.0082554715,0.049788203,0.006,0.084
1015,0.009282624,0.048532266,-0.03,0.102
1016,0.013316009,0.059790067,-0.006,0.06
1017,0.014475195,0.04522296,0.018,0.036
1018,-0.020665959,0.03652571,-0.018,0.102
1019,0.0150352735,0.04874178,0.012,0.024
1020,0.0056348294,0.052194744,-0.03,0.102
1021,0.021970054,0.052633468,-0.018,0.072
1022,0.004728101,0.05202553,0.036,0.012
1023,0.013103597,0.051676854,-0.018,0.102
1024,0.0074684154,0.05205253,-0.006,0.084
1025,-0.0077561047,0.05414239,0.006,0.048
1026,0.01872027,0.055228814,0.03,0.036
1027,0.010492783,0.046263214,-0.018,0.09
1028,0.008234495,0.049719017,-0.018,0.09
1029,0.0005226601,0.043326873,-0.018,0.06
1030,0.00259767,0.052518547,-0.006,0.072
1031,-0.030086864,0.04363372,-0.03,0.102
1032,-0.005377924,0.05904034,0.024,0.012
1033,-0.009790108,0.07343978,0.042,0.06
1034,0.011474793,0.037421264,0.036,0.024
1035,0.0076186038,0.049908876,0.012,0.012
1036,0.0029982748,0.054403447,-0.024,0.024
1037,0.007980178,0.0501659,0.018,0.084
1038,0.0048643267,0.051874667,0.006,0.072
1039,0.015315083,0.0695979,0.012,0.024
1040,0.006966793,0.047530025,-0.018,0.09
1041,-0.00291384,0.051354345,-0.024,0.024
1042,0.02048647,0.053786524,0.018,0.084
1043,0.0035114493,0.043089855,0.0,0.024
1044,0.0012189085,0.05641096,0.0,0.024
1045,-0.029622974,0.03809684,0.006,0.036
1046,0.016401364,0.051948726,-0.024,0.024
1047,0.006019947,0.05230677,-0.012,0.024
1048,0.008056669,0.05380328,0.024,0.024
1049,0.018244885,0.05698253,-0.018,0.036
1050,0.0019544624,0.04825105,0.042,0.06
1051,0.017910065,0.072403476,0.036,0.012
1052,-0.013027055,0.045926996,0.0,0.012
1053,0.0027162395,0.048988804,-0.006,0.06
1054,-0.011110672,0.047974017,0.0,0.012
1055,0.009472206,0.047904693,0.018,0.072
1056,0.0028991383,0.053381786,0.042,0.06
1057,0.0050988984,0.05234384,-0.018,0.102
1058,0.0072288234,0.04961727,0.024,0.012
1059,0.03719228,0.07283734,0.03,0.06
1060,0.0073899063,0.051134083,-0.012,0.024
1061,0.0055247177,0.05119489,-0.006,0.084
1062,0.01216661,0.046723098,0.024,0.012
1063,0.00236128,0.04704388,-0.018,0.06
1064,0.01217113,0.046726912,0.03,0.048
1065,0.0073276167,0.045556918,0.006,0.06
1066,0.0034678737,0.0708254,-0.006,0.048
1067,0.019772913,0.048375748,-0.018,0.06
1068,-0.0055708243,0.060930967,-0.018,0.102
1069,-0.011338751,0.051027965,-0.018,0.09
1070,0.014753457,0.035518736,0.036,0.012
1071,0.008176345,0.05003378,-0.006,0.036
1072,0.010307076,0.047859445,0.006,0.096
1073,0.00470969,0.052070312,0.006,0.072
1074,0.011482889,0.050064232,0.012,0.012
1075,0.009743856,0.047978852,0.012,0.012
1076,0.0083417855,0.04983168,-0.018,0.036
1077,0.055252664,0.06128725,-0.006,0.084
1078,-0.00451093,0.049000487,0.006,0.096
1079,-0.0013645412,0.013232086,0.018,0.06
1080,0.0064902105,0.05881665,-0.006,0.096
1081,0.00957496,0.044381928,0.006,0.084
1082,0.005803357,0.052014433,0.03,0.06
1083,0.0137937255,0.050008357,0.018,0.036
1084,0.014964685,0.05875235,0.036,0.012
1085,0.0032517035,0.053856008,-0.012,0.024
1086,0.009742448,0.04933262,-0.018,0.048
1087,0.014007659,0.07121358,-0.018,0.09
1088,0.0054126135,0.0519823,-0.018,0.072
1089,0.015784997,0.07077235,0.012,0.024
1090,0.0058273384,0.048291605,-0.024,0.024
1091,0.008001037,0.048582483,0.006,0.048
1092,-0.0038525015,0.05298861,0.024,0.012
1093,0.011440835,0.04737505,-0.012,0.024
1094,0.009871386,0.04780745,0.0,0.024
1095,0.0013334639,0.05521087,0.006,0.096
1096,-0.016420137,0.039974917,0.042,0.048
1097,0.0031239018,0.06172506,0.018,0.036
1098,0.01187551,0.046812966,0.006,0.096
1099,0.010874165,0.047792926,-0.006,0.084
1100,0.0065632444,0.050296355,-0.006,0.084
1101,0.01084789,0.051172562,0.036,0.024
1102,0.0061681736,0.052028414,0.006,0.072
1103,0.00964493,0.048098993,-0.018,0.072
1104,0.0032826401,0.04737494,0.006,0.048
1105,0.013202319,0.047696795,0.0,0.024
1106,0.00782245,0.048883893,-0.024,0.024
1107,-0.0028041396,0.05367767,0.006,0.06
1108,-0.0010964954,0.046160612,0.018,0.036
1109,0.006847766,0.049056508,0.012,0.012
1110,-0.036761258,0.08006207,0.018,0.072
1111,0.014555352,0.06401817,0.018,0.072
1112,0.008846743,0.05046364,0.018,0.06
1113,0.003129527,0.0522003,-0.03,0.102
1114,0.013582968,0.059951212,-0.018,0.036
1115,0.0050182347,0.051332176,0.024,0.012
1116,-0.0071866736,0.05016829,0.006,0.072
1117,0.007370108,0.048630275,0.0,0.012
1118,0.003882775,0.052114956,-0.006,0.048
1119,0.0045840256,0.0506626,0.0,0.012
1120,-0.00697235,0.04235592,0.024,0.012
1121,0.010951219,0.05506907,0.036,0.024
1122,-0.014953302,0.048892923,-0.006,0.06
1123,0.006044285,0.049854632,-0.018,0.036
1124,0.012598762,0.048568685,0.03,0.06
1125,-0.008392922,0.04759593,-0.006,0.096
1126,0.019523175,0.05129225,0.042,0.048
1127,0.0074846763,0.049838003,0.03,0.048
1128,0.0025924398,0.052697044,0.0,0.012
1129,0.00053270254,0.055940136,0.03,0.048
1130,0.008127898,0.04643677,0.006,0.06
1131,0.00033209007,0.053743273,0.012,0.012
1132,0.009412888,0.048561446,0.024,0.024
1133,-0.0064596804,0.036961798,-0.03,0.102
1134,0.011758518,0.046695214,-0.018,0.102
1135,0.010176568,0.052144337,0.018,0.072
1136,-0.0018640319,0.05235112,0.006,0.06
1137,0.0029226048,0.053993702,0.036,0.024
1138,0.004841362,0.051069252,-0.006,0.072
1139,-0.0017492147,0.048098207,0.012,0.012
1140,0.004131628,0.053954512,0.03,0.06
1141,0.027917437,0.04857807,0.042,0.048
1142,0.016242553,0.05020826,0.006,0.096
1143,0.0046009263,0.05140943,0.036,0.024
1144,0.0068665827,0.05059507,0.024,0.024
1145,0.005496802,0.061797097,0.006,0.06
1146,0.010627106,0.042823296,-0.018,0.09
1147,-0.0010018861,0.04637367,-0.018,0.09
1148,0.012137766,0.034224305,0.0,0.012
1149,0.00689939,0.052836522,-0.018,0.036
1150,0.006371944,0.055816196,0.024,0.024
1151,-0.016394055,0.047487743,0.036,0.024
1152,0.006231141,0.052466784,-0.018,0.048
1153,0.0023651961,0.04681763,-0.006,0.06
1154,0.0095208995,0.044036012,0.006,0.084
1155,0.0024578888,0.05387439,0.036,0.024
1156,0.01915691,0.05064993,-0.018,0.072
1157,0.0095351795,0.050537545,0.018,0.036
1158,0.0058092684,0.050013438,0.018,0.06
1159,-0.0030723838,0.051134393,-0.006,0.084
1160,0.007978601,0.04886458,0.024,0.024
1161,-0.014216094,0.04422969,0.03,0.06
1162,0.006382922,0.043358326,0.042,0.048
1163,0.009240655,0.04805904,0.006,0.096
1164,0.009957571,0.048894234,-0.018,0.072
1165,-0.0048774155,0.04273359,-0.018,0.036
1166,0.0020234948,0.05438022,0.03,0.048
1167,0.010285767,0.04810534,-0.018,0.102
1168,0.0076537197,0.05089176,-0.006,0.036
1169,-0.00890265,0.058585126,-0.006,0.096
1170,0.00656558,0.050979752,0.042,0.048
1171,0.017003,0.057494104,-0.018,0.072
1172,0.007928532,0.049954288,0.024,0.024
1173,-0.0016954504,0.03727018,0.024,0.024
1174,0.0070278477,0.051796522,-0.006,0.048
1175,0.010173384,0.056746945,-0.012,0.024
1176,0.0063744,0.049476374,-0.006,0.06
1177,0.0075894585,0.050503545,0.042,0.06
1178,0.011418573,0.047033306,0.042,0.06
1179,0.0048905686,0.081240594,0.036,0.024
1180,0.006550261,0.052689068,0.018,0.06
1181,0.054550394,0.054715477,-0.024,0.024
1182,0.006474134,0.050650258,0.006,0.06
1183,0.0008993577,0.06361812,0.018,0.072
1184,0.004660384,0.05184987,-0.006,0.048
1185,0.0013007447,0.04984107,-0.018,0.09
1186,0.010743091,0.040153377,0.012,0.024
1187,0.007899537,0.04878383,-0.006,0.048
0,0.005326582,0.051119167,0.024,0.012
1,0.011786069,0.046857648,-0.006,0.048
2,0.008319152,0.048527267,-0.03,0.102
3,0.004434615,0.048604216,0.018,0.06
4,0.00806871,0.050110027,-0.006,0.036
5,0.024874669,0.063779026,-0.006,0.084
6,0.07263636,0.053773336,0.024,0.024
7,0.0018096138,0.048003756,0.036,0.024
8,0.00804354,0.050019052,-0.024,0.024
9,0.008581404,0.06387095,0.006,0.048
10,0.0064682784,0.05065898,-0.024,0.024
11,0.009078534,0.049069367,0.018,0.06
12,0.025329258,0.06859974,0.03,0.048
13,0.014664859,0.048086807,-0.006,0.036
14,0.0040372824,0.052261952,0.0,0.012
15,0.0075373882,0.05155355,-0.024,0.024
16,0.008463049,0.04872919,-0.018,0.072
17,0.0014876556,0.05401649,0.03,0.036
18,0.006261235,0.050478637,-0.018,0.09
19,-0.0067694383,0.06556064,-0.012,0.024
20,0.016052917,0.04783631,-0.018,0.072
21,0.00892332,0.0495325,0.0,0.024
22,0.0024689334,0.065958306,0.036,0.024
23,0.0008352399,0.07902764,0.018,0.036
24,0.011839243,0.062099002,-0.018,0.09
25,0.002028698,0.054365367,0.03,0.06
26,0.0062410617,0.04985585,-0.024,0.024
27,0.012954944,0.06379157,0.006,0.096
28,0.0030528335,0.051622793,-0.006,0.06
29,0.017482003,0.04800961,-0.006,0.072
30,0.0065825367,0.050136212,0.036,0.012
31,-0.00035643484,0.043037668,-0.006,0.036
32,0.019215647,0.052448105,0.018,0.072
33,0.006386812,0.051804136,0.006,0.048
34,0.010657095,0.05247484,0.012,0.024
35,0.012537706,0.053672537,-0.018,0.06
36,0.016466789,0.055454366,0.006,0.036
37,0.0053421864,0.05234501,-0.018,0.102
38,0.005422784,0.050961867,-0.018,0.09
39,0.006178429,0.0406087,-0.03,0.102
40,0.00508316,0.054438367,0.036,0.012
41,0.012002609,0.054589808,0.012,0.024
42,0.0062158117,0.051722854,0.012,0.012
43,0.02603773,0.04845548,0.006,0.072
44,0.01378996,0.051114596,-0.006,0.084
45,0.0020900043,0.05363104,0.03,0.06
46,0.0074010743,0.049605813,-0.018,0.102
47,0.007566725,0.04948264,-0.006,0.072
48,-0.0012878329,0.05568384,-0.006,0.06
49,0.0021129157,0.053395238,0.036,0.012
50,0.004868661,0.051880453,0.03,0.048
51,0.018096935,0.056589134,0.0,0.024
52,0.012123584,0.047442455,0.024,0.012
53,0.009500608,0.048225235,-0.018,0.06
54,0.0040428173,0.05260241,0.03,0.036
55,0.0047341944,0.08106403,0.03,0.036
56,0.007979423,0.048841175,0.018,0.06
57,0.007051533,0.049756248,0.036,0.024
58,0.004280746,0.05067899,-0.018,0.036
59,0.0064280066,0.049967267,0.024,0.012
60,0.0075553637,0.050504267,-0.03,0.102
61,0.012392461,0.06279449,0.006,0.096
62,0.014898768,0.051648937,0.0,0.024
63,0.030960802,0.08492471,-0.018,0.048
64,0.0012733322,0.05459464,-0.006,0.036
65,0.006910483,0.048633616,0.024,0.012
66,0.0117496755,0.0470268,0.03,0.048
67,0.020928571,0.049557235,0.006,0.06
68,0.0062352433,0.052171256,-0.018,0.036
69,0.0038268669,0.05446218,0.006,0.096
70,0.0031089485,0.052463833,0.042,0.048
71,0.009115713,0.050125077,-0.012,0.024
72,0.0092100445,0.049512822,0.03,0.06
73,0.011867646,0.04702792,0.036,0.024
74,0.030318547,0.043715905,0.012,0.024
75,0.014029137,0.05200714,-0.006,0.096
76,-0.0049366113,0.05877962,0.0,0.024
77,-0.043995507,0.09898864,0.03,0.036
78,0.008920535,0.05057991,0.024,0.012
79,-0.006632936,0.044141203,-0.018,0.048
80,0.0049341144,0.05082811,0.018,0.072
81,0.012148866,0.050773244,0.006,0.048
82,0.0070721083,0.050621036,0.006,0.048
83,0.016795304,0.07270344,0.03,0.06
84,0.020573005,0.050809562,-0.024,0.024
85,0.0110009285,0.047747992,-0.006,0.048
86,-0.019789409,0.08225542,0.0,0.012
87,0.0056498144,0.05215987,0.036,0.012
88,0.0140351085,0.049212128,-0.006,0.096
89,0.010827364,0.048129328,-0.018,0.06
90,0.0013777642,0.06464778,0.012,0.024
91,0.010862496,0.06831991,-0.006,0.072
92,0.008130254,0.050608728,0.036,0.012
93,0.0039888583,0.054610483,0.018,0.036
94,0.0011664387,0.045670055,0.012,0.012
95,0.0062108315,0.050529104,0.006,0.084
96,0.0016280683,0.058171153,-0.018,0.06
97,0.007678963,0.049415395,0.006,0.06
98,0.06127583,0.072781734,0.024,0.024
99,0.0075934343,0.049563866,-0.018,0.036
100,0.004395145,0.05385037,0.036,0.012
101,-0.0008082958,0.04905482,0.018,0.06
102,0.0046649375,0.05192832,0.012,0.024
103,0.00783958,0.049330316,-0.018,0.072
104,0.0030412376,0.053168703,-0.006,0.048
105,0.020579115,0.04640401,-0.006,0.036
106,-0.021093749,0.11347936,-0.006,0.096
107,0.0071757897,0.050918285,0.036,0.024
108,0.018038277,0.062808834,0.036,0.024
109,0.0066637294,0.059390053,0.042,0.06
110,0.009560539,0.04866553,-0.012,0.024
111,-0.0084513035,0.039877817,0.018,0.084
112,0.0047004465,0.053433076,0.006,0.072
113,0.017753463,0.049682718,0.03,0.036
114,0.04028946,0.052079443,0.006,0.072
115,0.006556309,0.051227942,0.006,0.096
116,0.008884022,0.050979376,0.0,0.024
117,0.004963484,0.051724147,0.018,0.036
118,0.02512044,0.049859263,-0.018,0.048
119,0.03259917,0.056930616,0.012,0.024
120,0.00021699443,0.0703644,0.012,0.024
121,-0.009664495,0.056004815,0.042,0.048
122,-0.01174579,0.052170854,0.018,0.084
123,-0.024495207,0.049950436,-0.018,0.09
124,-0.0012880871,0.050912898,0.018,0.084
125,0.0066507575,0.049796954,0.006,0.072
126,0.0060140127,0.048886806,0.006,0.06
127,0.004594444,0.051388323,0.036,0.012
128,0.00934933,0.048344247,-0.006,0.036
129,0.0093835145,0.048299048,0.006,0.06
130,0.00727064,0.050223544,-0.006,0.096
131,0.007775716,0.049859468,-0.018,0.072
132,0.012124112,0.04407046,-0.006,0.072
133,0.0047184383,0.041867997,-0.018,0.036
134,0.013336817,0.05057208,0.012,0.024
135,0.015510711,0.051304396,-0.018,0.036
136,0.018785562,0.04993492,0.0,0.024
137,-0.0102556115,0.082769595,0.018,0.036
138,0.0060636923,0.051473454,0.0,0.012
139,0.006800963,0.050754346,0.012,0.012
140,0.0032999646,0.052339863,-0.006,0.048
141,0.008881552,0.048579074,0.03,0.036
142,0.0062055653,0.050429896,0.018,0.084
143,0.0074507734,0.049317118,0.0,0.024
144,0.004529326,0.044825424,0.0,0.024
145,0.0075598937,0.05033668,0.006,0.06
146,0.017416738,0.06823013,-0.018,0.048
147,0.0061839195,0.04639631,0.006,0.06
148,0.0030153766,0.059413373,0.006,0.06
149,0.016788822,0.058422916,-0.03,0.102
150,0.007692264,0.052590102,0.024,0.024
151,0.0071595977,0.050269864,-0.018,0.06
152,0.02414125,0.067901194,0.018,0.084
153,0.018339355,0.054401837,-0.006,0.072
154,0.005484795,0.053522896,0.012,0.024
155,0.011864148,0.049962416,0.018,0.036
156,0.009226771,0.048342545,-0.018,0.048
157,0.005550782,0.052770473,-0.012,0.024
158,0.009603583,0.048438538,0.006,0.072
159,0.023535075,0.048931856,0.018,0.072
160,0.013177704,0.05431948,0.03,0.06
161,0.006752519,0.051974207,0.006,0.072
162,0.011433119,0.052980054,-0.03,0.102
163,0.013369525,0.051006507,0.006,0.096
164,-0.0078101866,0.0569512,0.018,0.036
165,0.006779945,0.04993443,0.018,0.084
166,-0.0061745364,0.053947475,0.018,0.084
167,0.008263925,0.049344018,-0.006,0.06
168,0.013639156,0.048825447,0.018,0.084
169,0.002305055,0.05215255,-0.018,0.048
170,0.0074236933,0.05095716,0.018,0.036
171,0.0030739307,0.053819254,0.018,0.072
172,0.0030130167,0.04675676,0.006,0.06
173,0.0076445993,0.050830122,-0.012,0.024
174,0.0046374076,0.054717354,0.042,0.048
175,0.004996765,0.052889068,-0.006,0.096
176,0.022455407,0.047844075,-0.03,0.102
177,0.0052139005,0.05701273,-0.006,0.084
178,0.006906907,0.050709423,0.018,0.036
179,0.0046564825,0.05119977,0.018,0.036
180,-0.0014623618,0.05888311,-0.018,0.048
181,0.012295961,0.047654174,-0.006,0.084
182,0.0150104305,0.047514938,0.03,0.06
183,0.003984896,0.055096768,0.03,0.048
184,0.011901617,0.030914046,0.018,0.06
185,0.0033544553,0.048867926,-0.006,0.036
186,0.012774524,0.06633888,-0.018,0.102
187,0.01852856,0.04877325,0.012,0.012
188,0.008283359,0.04871884,0.036,0.012
189,-0.000851769,0.050023958,-0.006,0.048
190,0.009589593,0.054797847,-0.006,0.084
191,0.0046009626,0.051758397,0.018,0.036
192,0.0101383915,0.042449545,0.018,0.072
193,0.0033373768,0.060380034,0.018,0.036
194,0.007018093,0.05092565,-0.006,0.036
195,0.006211799,0.025381315,-0.006,0.06
196,-0.008760276,0.06631291,-0.018,0.072
197,0.0060358797,0.052132167,0.006,0.06
198,0.0053553553,0.0543472,0.042,0.06
199,-0.001400209,0.04568972,0.03,0.036
200,0.0042576166,0.052725837,-0.006,0.072
201,0.057680096,0.081151046,0.0,0.024
202,0.00784651,0.05016286,0.006,0.036
203,-0.02482855,0.082309894,0.036,0.024
204,0.0056002135,0.051645912,0.012,0.024
205,0.00049153995,0.059029095,0.006,0.06
206,0.011728177,0.044103943,-0.006,0.084
207,0.030264344,0.04725921,0.006,0.096
208,0.011496953,0.047296666,0.03,0.048
209,0.017225701,0.07013615,-0.006,0.072
210,0.004443524,0.05347381,0.018,0.06
211,0.008862626,0.04979919,-0.006,0.06
212,-0.04248953,0.032819554,0.006,0.072
213,0.0071810363,0.048390552,0.006,0.06
214,-0.0010356996,0.053425245,-0.006,0.084
215,0.008398712,0.051895197,-0.006,0.072
216,0.0023545716,0.053683322,0.042,0.06
217,0.0054034246,0.052207313,0.0,0.012
218,0.01028862,0.0488494,-0.018,0.036
219,0.024807874,0.05636359,-0.006,0.048
220,0.0060527367,0.051676467,-0.006,0.072
221,0.024885025,0.04568386,-0.006,0.048
222,0.0048701772,0.052783575,-0.018,0.06
223,0.006927859,0.0531491,-0.006,0.036
224,0.017403997,0.05313208,0.006,0.048
225,0.0062300554,0.053423274,0.024,0.024
226,0.0017909827,0.06820458,0.03,0.06
227,0.0056441,0.051280327,-0.006,0.06
228,0.009881583,0.050942063,0.006,0.072
229,0.0015596831,0.04332793,0.042,0.048
230,0.0006022053,0.058654927,-0.006,0.084
231,-0.010457697,0.050745524,-0.018,0.102
232,0.01975827,0.050891764,0.006,0.084
233,0.008964592,0.04970777,-0.006,0.048
234,0.0050346144,0.05235459,0.036,0.024
235,0.0072739176,0.051909987,0.006,0.096
236,0.0069007305,0.050828405,0.03,0.048
237,0.010137041,0.051779002,0.018,0.06
238,0.006893572,0.05185255,0.024,0.012
239,0.0069516525,0.051920716,0.03,0.06
240,0.010777838,0.04807344,0.006,0.084
241,0.0012536086,0.054225963,-0.018,0.102
242,0.0074326163,0.05087719,-0.018,0.09
243,0.008780615,0.0405992,-0.006,0.06
244,0.009111773,0.04989431,0.0,0.024
245,0.012118269,0.04083057,0.03,0.036
246,0.00455363,0.051521406,0.03,0.048
247,0.009302361,0.04354644,-0.03,0.102
248,0.0007705325,0.049404625,-0.012,0.024
249,-0.013312394,0.045346517,0.03,0.036
250,0.0076513644,0.050434176,0.036,0.024
251,0.022884026,0.05645106,-0.006,0.06
252,0.0032637706,0.05530802,-0.012,0.024
253,0.001733195,0.054526955,-0.006,0.072
254,0.0045295907,0.053808853,-0.012,0.024
255,0.0029920684,0.053430732,0.006,0.072
256,0.0075954953,0.0484483,0.03,0.06
257,0.007425745,0.05070052,-0.006,0.072
258,0.008566404,0.049047258,-0.006,0.084
259,0.012237458,0.065178715,-0.024,0.024
260,0.010396535,0.058243982,0.03,0.036
261,0.0055646678,0.05247764,0.036,0.012
262,0.0005752845,0.055605635,-0.03,0.102
263,0.026020635,0.062232647,0.006,0.096
264,0.0071759187,0.055603772,0.006,0.072
265,0.004020357,0.053010035,-0.018,0.06
266,0.0029667737,0.0491585,0.006,0.036
267,0.015232109,0.052481685,0.006,0.036
268,0.007669791,0.050601743,0.018,0.084
269,0.016375257,0.052111372,-0.006,0.048
270,0.0059967176,0.051174883,-0.006,0.048
271,0.004809609,0.053328875,0.0,0.024
272,-0.0032675974,0.043245595,-0.018,0.036
273,0.007874122,0.049652215,-0.018,0.06
274,0.005461043,0.051984545,0.024,0.024
275,0.0063886456,0.064184934,0.042,0.048
276,0.010262865,0.048180845,-0.012,0.024
277,0.006857857,0.050809734,-0.018,0.06
278,0.0076995357,0.050325844,0.0,0.024
279,0.01485984,0.051889088,-0.03,0.102
280,-0.028290562,0.046099566,0.024,0.024
281,0.009662214,0.048885703,0.018,0.084
282,0.0064497776,0.050825857,0.03,0.048
283,-0.0015451787,0.07218616,-0.006,0.096
284,-0.00052427035,0.074614346,-0.018,0.036
285,0.004069723,0.04603769,-0.006,0.036
286,-0.016083183,0.048101015,-0.018,0.06
287,0.007658576,0.049544096,0.006,0.096
288,0.008625927,0.049028423,0.042,0.06
289,0.004004243,0.052638344,-0.006,0.036
290,0.032311067,0.034271277,0.036,0.024
291,0.0026111854,0.052882634,-0.006,0.084
292,0.008672535,0.048959617,-0.006,0.084
293,0.007898265,0.049804892,0.018,0.06
294,0.0039533577,0.051930778,0.036,0.012
295,0.017892396,0.041214738,-0.018,0.036
296,0.00830498,0.049359947,0.03,0.036
297,0.006027621,0.06146462,-0.018,0.072
298,0.0021342821,0.042879485,0.006,0.036
299,0.0054146405,0.05145455,-0.018,0.06
300,-0.00021544006,0.056580607,0.018,0.036
301,0.006154705,0.050351664,0.042,0.06
302,0.003827563,0.05271402,-0.018,0.036
303,-0.0012721634,0.06775679,-0.018,0.09
304,0.0065877987,0.055865727,-0.006,0.084
305,0.006220325,0.052086294,0.006,0.096
306,0.007848391,0.05031168,0.024,0.024
307,0.0062015383,0.053026736,-0.018,0.06
308,0.0072673876,0.05063842,0.03,0.048
309,0.009384556,0.05085487,-0.018,0.09
310,0.00389627,0.05224945,0.042,0.048
311,-0.020578882,0.04958584,-0.018,0.102
312,0.0054769535,0.051438306,-0.012,0.024
313,0.005919261,0.051439475,-0.006,0.096
314,0.005756375,0.051327996,0.006,0.072
315,-0.027017426,0.042707082,-0.006,0.084
316,0.011987851,0.06060902,0.006,0.084
317,0.0073417267,0.05077415,0.03,0.06
318,0.004596089,0.05324976,0.03,0.06
319,0.008236215,0.0510391,0.042,0.048
320,0.009054905,0.04429542,0.036,0.012
321,0.010331022,0.059409536,0.036,0.012
322,0.0070159007,0.056471176,0.03,0.06
323,0.007032237,0.050945822,-0.018,0.036
324,0.008972393,0.029512078,0.006,0.072
325,0.007273907,0.05039128,0.024,0.024
326,0.00267227,0.05455944,0.036,0.024
327,0.022649832,0.07499417,0.024,0.024
328,-0.033229236,0.08671123,-0.006,0.036
329,0.003030968,0.05210394,0.018,0.036
330,0.005372743,0.051182084,-0.03,0.102
331,0.013251312,0.06605891,0.03,0.06
332,0.011312375,0.054358296,0.042,0.048
333,0.010919249,0.050504547,0.03,0.06
334,-0.0021142159,0.048534714,-0.006,0.096
335,-0.00089658983,0.044505693,-0.018,0.06
336,0.0010521263,0.056261323,0.0,0.024
337,-0.0075036613,0.06290814,-0.018,0.09
338,0.0072208312,0.0495949,0.012,0.012
339,0.008670498,0.049152583,0.006,0.048
340,0.008666514,0.050321553,0.006,0.048
341,0.009672311,0.048011918,0.03,0.048
342,0.016892534,0.06760243,-0.018,0.048
343,-0.006079782,0.05015169,-0.018,0.102
344,0.008152185,0.05097723,0.012,0.012
345,0.017847758,0.06470488,-0.018,0.072
346,0.0032108556,0.06251146,0.006,0.048
347,0.006494392,0.051836222,-0.018,0.036
348,-0.011367737,0.08124004,-0.03,0.102
349,0.0047785747,0.05290693,0.006,0.096
350,0.008869296,0.049642652,-0.006,0.072
351,0.0013799239,0.048239432,-0.018,0.036
352,0.008159075,0.048115812,0.03,0.06
353,0.006730218,0.051232316,-0.006,0.06
354,0.010487716,0.047771003,0.036,0.024
355,-0.013209795,0.056424618,0.036,0.024
356,0.0053365715,0.05333279,0.006,0.084
357,0.0040067844,0.05321046,0.006,0.072
358,-0.0418202,0.079958275,0.006,0.084
359,0.010803961,0.04772277,-0.012,0.024
360,0.012818066,0.06798743,-0.03,0.102
361,0.01968288,0.053319402,0.042,0.048
362,0.008731151,0.052482132,0.042,0.048
363,0.010530426,0.04800583,0.006,0.096
364,0.007043167,0.052111495,0.018,0.036
365,0.009976354,0.048698653,0.012,0.024
366,0.009154478,0.053234927,0.024,0.012
367,0.006242253,0.06269529,0.0,0.024
368,0.0047434317,0.052598804,-0.006,0.036
369,0.014269017,0.047481265,0.018,0.072
370,0.004803902,0.048149712,0.012,0.024
371,0.0071437154,0.050988436,0.018,0.072
372,0.006035509,0.049314175,0.0,0.012
373,0.006555693,0.052430905,-0.006,0.048
374,0.006184269,0.056404114,0.006,0.048
375,0.009467246,0.049429066,0.006,0.06
376,-0.003967601,0.04972461,0.006,0.084
377,0.003047442,0.051862326,0.006,0.048
378,0.010733978,0.04769353,-0.006,0.06
379,0.008291103,0.050330054,0.042,0.06
380,0.004300234,0.055634115,0.0,0.024
381,0.003594311,0.051110197,0.006,0.072
382,0.0055771074,0.052313168,-0.006,0.072
383,-0.034368675,0.02413046,0.018,0.036
384,-0.004130409,0.0461224,-0.006,0.096
385,0.008929954,0.049081303,0.012,0.012
386,0.0061966754,0.050666764,0.024,0.012
387,0.0046269344,0.05239095,0.036,0.024
388,0.0062985094,0.050081052,-0.018,0.09
389,0.0057340646,0.04805632,-0.018,0.036
390,0.009028572,0.0492461,0.0,0.024
391,0.073954836,0.06323829,-0.012,0.024
392,0.0068594683,0.0497438,0.042,0.06
393,0.018040705,0.053719677,-0.012,0.024
394,0.006002481,0.04630539,-0.018,0.072
395,0.007888123,0.050732646,0.018,0.072
396,-0.017427236,0.048329037,-0.012,0.024
397,0.0063489648,0.0516065,-0.006,0.036
398,0.0060305544,0.050045107,-0.018,0.09
399,-0.022671428,0.08660774,-0.018,0.102
400,0.03004342,0.08731876,0.006,0.06
401,0.01078546,0.05275797,-0.012,0.024
402,0.0016762633,0.05410451,-0.012,0.024
403,0.010366272,0.086229846,0.018,0.06
404,-0.004486694,0.040054694,-0.018,0.072
405,0.0053467415,0.05214955,0.024,0.012
406,0.009834531,0.052953184,-0.018,0.036
407,0.0049347477,0.044399675,0.024,0.024
408,0.0110001145,0.047331315,0.042,0.06
409,0.032411,0.047436558,-0.018,0.102
410,0.0070015555,0.050478797,-0.006,0.084
411,0.0060850605,0.049835414,-0.006,0.06
412,0.0022874754,0.067577966,-0.018,0.036
413,0.0054830555,0.051385872,-0.024,0.024
414,0.0057016714,0.049840838,0.018,0.06
415,0.008742845,0.04917224,-0.006,0.036
416,0.0067869117,0.050707825,-0.006,0.06
417,-0.0011036955,0.05549743,-0.018,0.06
418,0.009445108,0.047986392,-0.018,0.06
419,0.0072971396,0.04217066,0.0,0.024
420,0.0027676728,0.07297486,-0.006,0.036
421,0.004585586,0.051104285,-0.012,0.024
422,0.011313588,0.05103233,-0.006,0.06
423,0.006990501,0.052769247,0.012,0.024
424,0.0071815983,0.050739113,-0.03,0.102
425,0.00162064,0.055348873,0.03,0.06
426,0.006875661,0.056599777,-0.006,0.084
427,0.0102799805,0.047730926,0.006,0.072
428,0.011128531,0.053779133,0.036,0.024
429,0.008276123,0.04848807,-0.006,0.036
430,-0.021183869,0.07693431,0.03,0.06
431,0.012031473,0.073460326,-0.006,0.06
432,0.005586867,0.05073427,-0.006,0.036
433,0.0030286498,0.054637033,0.006,0.072
434,0.007875187,0.049828604,0.0,0.024
435,0.018960893,0.049017355,0.018,0.036
436,0.0024232948,0.05361065,0.006,0.036
437,0.008851083,0.048289433,-0.012,0.024
438,0.0096052,0.048103694,0.0,0.012
439,0.006739025,0.05216864,0.018,0.084
440,0.010445571,0.04774333,-0.018,0.072
441,0.0054220725,0.05127319,0.012,0.024
442,0.005389557,0.06639598,0.006,0.048
443,-0.021424651,0.047440067,-0.018,0.048
444,0.010586392,0.04891801,0.03,0.036
445,0.0057577896,0.051552117,0.0,0.012
446,-0.0075585498,0.049536098,0.042,0.048
447,0.004202363,0.052483298,-0.018,0.072
448,0.0092381025,0.04922711,0.03,0.06
449,-0.022644328,0.069891125,-0.018,0.102
450,0.006506402,0.051817648,0.012,0.012
451,0.0022787414,0.052340154,0.018,0.072
452,-0.014812969,0.051224593,0.006,0.072
453,0.007482717,0.04897996,0.006,0.06
454,0.0061769285,0.050674923,0.024,0.012
455,0.002525703,0.05515093,-0.018,0.072
456,0.005178364,0.052608985,-0.03,0.102
457,-0.026624393,0.07341226,-0.006,0.084
458,0.008831651,0.055768322,0.006,0.084
459,0.006821794,0.049632117,0.018,0.084
460,-0.005830872,0.05964513,0.0,0.012
461,0.0052902936,0.052329477,-0.006,0.048
462,0.014303882,0.051200736,0.018,0.036
463,0.02393358,0.048807025,0.006,0.036
464,0.03063108,0.07485764,-0.024,0.024
465,0.0017599631,0.05344976,0.024,0.012
466,0.008712846,0.04873074,0.024,0.012
467,0.004705043,0.051537875,-0.012,0.024
468,0.0033031497,0.051696353,-0.018,0.072
469,-0.0047135763,0.08423255,-0.006,0.036
470,0.005345173,0.01774716,0.024,0.024
471,0.009227415,0.048296597,-0.018,0.09
472,0.010906114,0.049045734,-0.018,0.072
473,0.008049156,0.049263656,-0.018,0.048
474,0.0074189054,0.040598955,0.036,0.024
475,0.008090761,0.049084324,-0.006,0.036
476,0.021981863,0.04616061,0.024,0.012
477,0.0032284074,0.055370577,0.018,0.084
478,0.00577991,0.052409474,0.024,0.024
479,-0.0010987706,0.055714972,0.03,0.036
480,0.0048583737,0.04733584,-0.018,0.072
481,0.010258218,0.050932515,0.006,0.048
482,0.011405701,0.05420068,0.03,0.06
483,0.005598298,0.051637195,-0.018,0.048
484,0.010447121,0.049817182,0.024,0.024
485,-0.014709107,0.03985297,-0.006,0.084
486,0.0049760416,0.051657893,0.042,0.048
487,-0.039461,0.071115255,-0.006,0.096
488,-0.005277141,0.026018959,0.024,0.024
489,0.019432917,0.055306304,0.03,0.06
490,-0.001562126,0.05121191,-0.006,0.036
491,0.0045202803,0.051718876,0.006,0.072
492,-0.014004894,0.044629533,0.006,0.072
493,0.013509426,0.051620327,-0.018,0.048
494,0.006421221,0.050322004,0.042,0.06
495,0.009048122,0.04839654,0.042,0.048
496,0.010883016,0.04753005,-0.03,0.102
497,0.030623471,0.0800474,0.036,0.024
498,0.0060177497,0.06332439,-0.006,0.036
499,0.012662975,0.055333532,-0.018,0.09
500,0.0034620655,0.05373034,-0.03,0.102
501,0.0123791415,0.053144805,0.042,0.06
502,-0.017873855,0.03591725,0.018,0.084
503,0.009522207,0.051747527,0.006,0.06
504,0.006956751,0.050621476,0.018,0.084
505,-0.005878184,0.0492428,0.03,0.036
506,0.007902515,0.059037898,-0.018,0.048
507,0.005442919,0.052062966,-0.018,0.036
508,0.006643028,0.05144621,0.012,0.024
509,0.0037602154,0.051082652,0.006,0.096
510,0.005594819,0.051944103,-0.006,0.06
511,0.0031696665,0.052813925,0.024,0.024
512,0.004116169,0.052635517,0.018,0.084
513,0.008650871,0.05106764,0.018,0.036
514,-0.00033343863,0.0679785,0.018,0.036
515,0.0044551603,0.052678414,-0.03,0.102
516,0.009800784,0.051916145,0.042,0.06
517,-0.019671759,0.047682445,0.03,0.036
518,0.008181027,0.051446445,-0.018,0.06
519,0.0084486995,0.049158677,0.018,0.06
520,-0.0012886347,0.05107846,-0.024,0.024
521,0.005830173,0.05164549,-0.018,0.102
522,0.007991766,0.046607565,-0.006,0.036
523,0.0073072417,0.050189037,0.03,0.048
524,0.009897448,0.04847072,-0.006,0.048
525,0.0067405514,0.051229537,-0.006,0.048
526,0.0029141717,0.054334804,0.006,0.084
527,-9.862706e-05,0.069707416,-0.006,0.072
528,-0.0072966367,0.05580194,-0.018,0.09
529,0.010711185,0.052552752,0.018,0.036
530,-0.008681591,0.04950965,-0.018,0.06
531,0.012896372,0.060374886,-0.006,0.036
532,0.0035597556,0.04735972,0.006,0.096
533,0.009221991,0.048818916,0.006,0.048
534,0.006979143,0.058220915,-0.018,0.048
535,-0.00079737045,0.061891593,-0.03,0.102
536,0.007532281,0.05018142,0.006,0.072
537,0.0044358643,0.054071043,0.042,0.048
538,0.0073455865,0.050923076,-0.018,0.09
539,0.0019184723,0.05703457,0.012,0.012
540,0.0060591274,0.05120924,0.042,0.06
541,0.011390995,0.04952998,-0.006,0.048
542,0.0070632626,0.051490285,-0.018,0.06
543,-0.0010071062,0.0753818,0.006,0.096
544,-0.027809758,0.072855495,-0.012,0.024
545,0.020600352,0.059484884,-0.018,0.048
546,0.0060683517,0.045818143,0.018,0.036
547,-0.0103347115,0.025944,0.024,0.024
548,0.0078198,0.052190464,0.006,0.084
549,0.0089635765,0.048887055,0.018,0.072
550,0.009104336,0.049281746,-0.012,0.024
551,0.0012170486,0.054632906,-0.006,0.096
552,0.016258962,0.051327955,0.036,0.024
553,0.004439215,0.05235636,0.006,0.06
554,0.005975848,0.052669995,-0.03,0.102
555,0.00016178936,0.057419393,0.03,0.036
556,0.0081891995,0.04983017,-0.006,0.048
557,0.007757569,0.049582142,0.024,0.024
558,0.0055949045,0.052435152,0.0,0.012
559,0.0091712475,0.04873836,-0.018,0.09
560,0.0027376153,0.054803863,-0.006,0.096
561,-0.008306291,0.04803766,0.012,0.024
562,0.008486857,0.052412257,0.03,0.06
563,0.0049558775,0.055018857,0.006,0.084
564,0.024463603,0.06982251,-0.018,0.048
565,-0.0010343483,0.069639936,-0.012,0.024
566,-0.0016823541,0.041127093,0.018,0.036
567,-0.0014285985,0.056718137,0.006,0.06
568,0.007900277,0.05192955,0.036,0.012
569,0.0061597647,0.051068194,-0.03,0.102
570,0.007500997,0.05110006,0.03,0.036
571,0.006807389,0.052305795,0.018,0.036
572,0.005676627,0.05286379,-0.018,0.09
573,0.009815827,0.048674274,0.006,0.036
574,0.00020932965,0.055813234,0.006,0.072
575,0.0061499462,0.04386111,0.024,0.012
576,0.0042748116,0.053531285,0.036,0.012
577,0.008694511,0.049969755,0.03,0.048
578,0.0034417198,0.050399695,-0.012,0.024
579,0.011872029,0.053821687,-0.006,0.084
580,0.003680572,0.05648458,0.018,0.084
581,-8.650776e-05,0.042279743,0.024,0.024
582,-0.017655693,0.055223733,-0.018,0.036
583,0.0040561636,0.052932136,0.03,0.048
584,0.008684792,0.04942327,0.006,0.072
585,0.00783034,0.051393367,0.006,0.036
586,0.0041127503,0.05438207,0.006,0.06
587,0.0063941376,0.05213748,0.006,0.084
588,0.007205561,0.051642828,-0.018,0.036
589,0.009628747,0.048925944,0.03,0.036
590,0.018217878,0.051124915,0.018,0.072
591,0.0049152346,0.05272915,0.006,0.048
592,0.059257552,0.047250662,-0.018,0.102
593,0.011401885,0.06617148,-0.018,0.102
594,0.013588733,0.056475572,0.0,0.012
595,0.008861881,0.05021437,-0.018,0.09
596,0.0057023442,0.0526431,0.03,0.06
597,-0.057294924,0.0986141,-0.018,0.048
598,-0.033302024,0.07771074,-0.006,0.084
599,0.018836526,0.0572114,0.006,0.036
600,-0.002280173,0.04456438,0.018,0.072
601,-0.0040650982,0.045407895,-0.018,0.102
602,0.008996675,0.04942488,-0.018,0.072
603,0.00044249278,0.059950493,-0.006,0.096
604,0.007719119,0.049961872,-0.006,0.096
605,0.01028966,0.048475634,-0.006,0.084
606,0.008197325,0.05008757,-0.018,0.036
607,0.0032308036,0.053892665,0.042,0.06
608,0.008694016,0.052432194,-0.006,0.048
609,0.0065885005,0.052800506,-0.018,0.036
610,0.033394888,0.09359798,-0.018,0.102
611,0.006233694,0.05202833,0.042,0.06
612,0.019732956,0.050518703,0.006,0.072
613,0.011497302,0.057179574,-0.018,0.036
614,0.012650753,0.057359222,-0.006,0.06
615,0.0037784842,0.063729376,-0.018,0.072
616,-0.016703721,0.048153028,0.042,0.06
617,0.0088446485,0.049321618,0.012,0.012
618,0.01560583,0.071178496,0.006,0.036
619,0.012476899,0.055259686,-0.018,0.072
620,0.009868428,0.0489422,0.012,0.024
621,0.008705831,0.059425317,-0.018,0.036
622,-0.0051028244,0.0523906,0.0,0.024
623,0.014393941,0.050880592,0.006,0.036
624,0.0008036485,0.054033786,0.042,0.06
625,-0.0015715342,0.061671697,0.0,0.012
626,0.007672728,0.050350945,0.018,0.084
627,0.00043090247,0.048373755,0.006,0.06
628,0.007805759,0.050602674,0.018,0.072
629,0.007307968,0.050653845,-0.006,0.048
630,0.010256396,0.050990444,-0.006,0.036
631,-0.0025754478,0.051123805,0.006,0.072
632,0.006166236,0.051166095,-0.018,0.06
633,0.005635352,0.05684385,0.036,0.024
634,0.008468375,0.050936226,0.006,0.084
635,0.006001038,0.05186507,-0.018,0.048
636,0.011583543,0.049364116,0.0,0.024
637,0.00995285,0.051113892,0.03,0.048
638,-3.0790456e-05,0.048309423,-0.006,0.06
639,0.0067562456,0.04995968,0.042,0.06
640,0.02431162,0.053697348,0.03,0.036
641,0.006326911,0.05119273,-0.006,0.048
642,0.014158255,0.05699907,-0.024,0.024
643,0.005569199,0.051909614,0.0,0.024
644,0.008119948,0.050043583,-0.006,0.036
645,0.013483372,0.052907046,-0.006,0.084
646,0.0014154343,0.047752883,-0.006,0.048
647,0.008789897,0.04905326,0.042,0.048
648,-0.0062670195,0.061953843,-0.018,0.102
649,0.005615799,0.051599093,-0.024,0.024
650,0.01370807,0.048789877,0.018,0.084
651,0.0041253087,0.044358518,0.006,0.048
652,0.008250941,0.04913633,-0.018,0.09
653,0.001088364,0.054868482,0.0,0.024
654,0.006476655,0.05078624,0.042,0.06
655,0.0006827172,0.054582234,-0.006,0.048
656,-0.0032378752,0.07758873,0.018,0.06
657,0.0061466647,0.051114306,0.012,0.012
658,0.004845134,0.05258032,0.018,0.084
659,0.0059830174,0.051713903,0.006,0.06
660,0.0015684813,0.050952584,0.006,0.036
661,0.0039695757,0.05738914,-0.018,0.036
662,-0.00051559694,0.061014265,0.006,0.084
663,0.0056363796,0.052488774,0.018,0.06
664,0.011023788,0.044131167,-0.006,0.048
665,0.0073580137,0.050477907,-0.006,0.096
666,-0.005046319,0.038402077,0.03,0.036
667,-0.007655306,0.06471592,-0.006,0.048
668,0.0058080796,0.051403966,-0.018,0.102
669,0.011359589,0.05096047,0.03,0.048
670,0.010738428,0.05193688,0.018,0.036
671,0.009647234,0.049149487,0.03,0.06
672,0.007065922,0.05076944,-0.006,0.096
673,0.017876692,0.049693435,-0.006,0.06
674,0.002901026,0.05698277,0.024,0.012
675,0.009526984,0.055320688,-0.018,0.048
676,0.011761375,0.05003262,-0.018,0.102
677,0.003328139,0.049954575,0.006,0.036
678,0.006428306,0.051511806,-0.012,0.024
679,0.008303538,0.053815037,0.042,0.048
680,0.032676876,0.048750784,-0.018,0.072
681,0.003574674,0.054076146,-0.006,0.048
682,0.008672571,0.049933553,0.006,0.072
683,0.007383509,0.04960836,-0.018,0.06
684,0.0065546217,0.05149379,-0.024,0.024
685,0.0060476926,0.051579125,-0.018,0.09
686,0.011215136,0.051972967,0.006,0.096
687,-0.0026877522,0.045495976,0.006,0.06
688,0.008783169,0.04892487,0.006,0.072
689,0.0052029844,0.0509892,-0.012,0.024
690,-0.025341403,0.028707597,0.006,0.06
691,-0.0030598259,0.066139504,0.018,0.084
692,0.023986947,0.04857066,0.012,0.012
693,0.023820315,0.074750885,0.03,0.048
694,0.009375023,0.04877066,-0.006,0.036
695,0.008724362,0.06044078,-0.006,0.084
696,0.0032832883,0.054402076,0.03,0.036
697,0.015751867,0.073573135,0.036,0.012
698,0.0016169446,0.044382095,-0.012,0.024
699,0.006051665,0.050104465,0.042,0.048
700,-0.008554093,0.068070896,-0.006,0.06
701,0.00016878266,0.044853315,-0.024,0.024
702,0.010504943,0.047641054,0.006,0.072
703,-0.0024043927,0.051548213,-0.018,0.102
704,0.007415672,0.049407203,-0.006,0.096
705,-0.0006246902,0.05506374,0.012,0.024
706,0.009124137,0.048483547,-0.03,0.102
707,0.007058602,0.05021277,0.042,0.06
708,0.006239046,0.050531507,0.018,0.084
709,0.0064428793,0.053507466,0.018,0.084
710,0.010546375,0.05021915,0.0,0.024
711,0.0038329745,0.052356027,0.03,0.036
712,0.0069478704,0.050601404,0.006,0.084
713,0.009833363,0.052618183,0.006,0.072
714,0.0064849295,0.05115485,0.012,0.012
715,0.0085643055,0.049761876,0.042,0.06
716,0.0068988195,0.04989937,0.018,0.072
717,0.0020189015,0.077088214,0.006,0.06
718,0.0052047614,0.051539745,-0.006,0.072
719,0.011724678,0.048062153,0.042,0.048
720,0.010111561,0.04998169,-0.03,0.102
721,0.0052584135,0.051528577,-0.018,0.102
722,0.0069694812,0.05164972,0.0,0.024
723,0.008927124,0.049292207,0.024,0.012
724,0.01586944,0.05192922,-0.012,0.024
725,0.0074005434,0.048739724,0.006,0.036
726,-0.0033521876,0.06922199,0.036,0.012
727,0.0045918263,0.05065175,-0.006,0.096
728,0.006764921,0.04975942,0.0,0.012
729,0.017141664,0.05314741,-0.006,0.06
730,-0.0019175429,0.051187146,0.03,0.06
731,0.0074000945,0.049491335,0.024,0.024
732,0.010245092,0.047760777,0.006,0.084
733,0.002977497,0.060497973,0.018,0.084
734,0.017160516,0.039954834,0.036,0.012
735,-0.019037422,0.054189697,-0.012,0.024
736,0.010588873,0.054414984,0.018,0.072
737,0.0027386174,0.05663582,-0.006,0.036
738,0.01808082,0.04811617,0.006,0.096
739,0.034548465,0.045020957,0.012,0.012
740,-0.0035250075,0.08431505,0.03,0.036
741,0.015354024,0.049991418,-0.006,0.06
742,-0.002777134,0.043128725,0.0,0.012
743,0.008581069,0.049563065,-0.006,0.036
744,0.0057860804,0.050530065,0.0,0.024
745,0.013489064,0.048074584,0.036,0.024
746,0.002485481,0.0531359,0.024,0.024
747,0.0069726855,0.04968091,0.012,0.024
748,0.00402352,0.048919138,0.006,0.036
749,0.012604849,0.056353714,0.018,0.072
750,-0.00031306874,0.073361605,0.0,0.024
751,0.0065262336,0.049333908,0.012,0.024
752,0.0030600997,0.048718877,0.03,0.036
753,0.010827716,0.05312484,0.03,0.06
754,-0.013176217,0.06986897,0.024,0.012
755,0.004543192,0.05175613,0.006,0.048
756,0.0035803178,0.051993236,-0.018,0.102
757,0.00964593,0.04831319,-0.018,0.09
758,0.009062511,0.049184576,0.006,0.084
759,0.0082674045,0.048673473,0.006,0.084
760,-0.0030710138,0.04892131,-0.006,0.096
761,0.005659379,0.05082964,-0.018,0.048
762,-0.00072712917,0.047298748,0.03,0.06
763,0.0057069995,0.051530086,0.006,0.06
764,-0.010701886,0.062144518,-0.006,0.072
765,0.006432114,0.04999007,-0.018,0.048
766,0.020202797,0.05169954,0.036,0.012
767,0.003827026,0.05825882,0.042,0.048
768,0.006454005,0.049979493,0.006,0.048
769,0.0070082773,0.05079567,-0.018,0.09
770,0.003843707,0.052010592,-0.006,0.084
771,0.0012002597,0.05372058,0.0,0.024
772,0.00732361,0.049586426,0.03,0.036
773,0.008120442,0.04572095,-0.018,0.072
774,0.008635778,0.04843735,-0.006,0.06
775,0.01938743,0.056276385,0.03,0.048
776,0.008955152,0.05184349,0.036,0.012
777,0.0030518752,0.05167213,-0.012,0.024
778,0.006027871,0.049899917,0.024,0.024
779,0.006300655,0.051731296,-0.012,0.024
780,0.0076069226,0.04930579,0.006,0.06
781,0.0028979275,0.05305118,0.018,0.072
782,0.005071426,0.05018324,0.006,0.048
783,0.0064152144,0.04969325,0.042,0.048
784,0.012726969,0.05975759,0.018,0.072
785,0.006091434,0.051573023,-0.006,0.084
786,0.016793545,0.05246607,-0.006,0.072
787,0.007595414,0.04976263,0.006,0.06
788,0.0042276043,0.052466575,-0.012,0.024
789,0.010338224,0.0571468,0.006,0.096
790,0.009902376,0.04364234,0.0,0.024
791,0.0062405947,0.050083503,0.03,0.048
792,-0.02529646,0.040806167,-0.018,0.048
793,0.011459282,0.048788257,0.024,0.024
794,-0.005863432,0.06644825,-0.018,0.072
795,0.0048990613,0.050196778,0.006,0.084
796,0.0037549417,0.05286289,-0.03,0.102
797,0.0084262565,0.049736775,0.006,0.06
798,0.004966789,0.051757805,-0.006,0.072
799,0.0019820035,0.049835324,0.006,0.048
800,0.004538414,0.05223748,-0.006,0.048
801,0.0071301,0.050502915,0.006,0.072
802,0.00783892,0.048921037,0.006,0.048
803,-0.010693943,0.018755006,-0.018,0.072
804,-0.00806912,0.04710704,0.018,0.06
805,0.008203181,0.04885143,0.036,0.024
806,0.002320462,0.056900367,0.03,0.036
807,0.006609071,0.05003297,0.018,0.036
808,0.0048203333,0.05134441,0.0,0.012
809,0.0070768055,0.049962297,0.036,0.012
810,0.0067578414,0.051909417,0.03,0.06
811,-0.008052705,0.044221714,-0.018,0.048
812,0.0052069183,0.05096162,0.006,0.048
813,0.01033351,0.04794692,-0.012,0.024
814,0.0041377465,0.05035203,0.006,0.096
815,-0.013898955,0.050937157,-0.006,0.048
816,-0.0020199427,0.048075978,0.018,0.06
817,-0.00062029995,0.05591046,0.006,0.06
818,0.01642836,0.0513737,-0.012,0.024
819,0.011013764,0.04906297,0.018,0.084
820,0.0074386327,0.05001458,0.0,0.012
821,0.0017659394,0.061362732,0.036,0.024
822,0.0061118016,0.050768316,0.03,0.048
823,0.004693418,0.052295778,0.006,0.048
824,-0.007500682,0.053278305,-0.018,0.102
825,0.0069879973,0.0511826,0.024,0.012
826,0.008395359,0.06978489,0.03,0.048
827,0.004885461,0.05456965,-0.012,0.024
828,0.00508593,0.051033333,-0.03,0.102
829,0.0018370617,0.05294865,-0.018,0.048
830,0.0063349833,0.05075385,-0.018,0.036
831,0.009485535,0.049109235,0.0,0.012
832,0.0060303523,0.051137153,0.018,0.06
833,0.006675174,0.051093444,-0.006,0.096
834,0.006352012,0.05175442,-0.006,0.072
835,0.0077706254,0.049966387,0.018,0.06
836,0.0004857853,0.054696657,-0.018,0.072
837,0.045553204,0.0578754,0.006,0.048
838,0.0016625393,0.04974252,0.006,0.072
839,0.022431724,0.06933075,0.006,0.036
840,0.0077116108,0.05013207,0.024,0.012
841,0.007955227,0.049245592,-0.006,0.06
842,0.011456324,0.058569394,0.0,0.024
843,0.011379175,0.05731906,0.018,0.084
844,0.001792388,0.052103583,-0.018,0.06
845,0.0052817008,0.051737405,0.006,0.084
846,0.0044971006,0.04923384,0.0,0.012
847,0.007957035,0.04927346,0.03,0.036
848,0.0021697981,0.056483332,-0.018,0.06
849,0.022055633,0.046474602,0.036,0.012
850,0.007179833,0.049777206,-0.018,0.102
851,-0.0069515314,0.042053398,-0.006,0.036
852,0.0038537406,0.05331867,0.006,0.06
853,0.0034982273,0.053824857,0.024,0.024
854,0.013203831,0.050931606,0.0,0.024
855,0.012059645,0.05585888,0.006,0.048
856,0.007875297,0.04969935,0.03,0.048
857,0.007308379,0.048754577,0.042,0.048
858,0.01030891,0.054181576,-0.006,0.06
859,0.0042371023,0.05324939,0.006,0.096
860,0.022805467,0.06594758,0.0,0.012
861,-0.02239601,0.045307897,0.03,0.048
862,0.006093962,0.05020198,0.036,0.024
863,0.008094829,0.049641438,0.036,0.024
864,-0.046704084,0.11633529,-0.018,0.09
865,0.0067759915,0.05087893,-0.018,0.06
866,0.0022534765,0.04935661,-0.024,0.024
867,0.008434201,0.049930092,-0.024,0.024
868,0.027619883,0.06838083,0.042,0.06
869,0.008887021,0.048832577,0.012,0.024
870,0.006790705,0.05054572,-0.006,0.06
871,0.0035940385,0.051107712,-0.006,0.072
872,0.00896352,0.054884464,0.0,0.012
873,0.006687909,0.05078796,0.024,0.012
874,0.0068620313,0.05155053,0.042,0.06
875,0.008124548,0.049544778,-0.018,0.036
876,0.0063148676,0.050989687,-0.018,0.048
877,0.0115765035,0.04877988,-0.006,0.072
878,0.006456665,0.050360605,0.042,0.06
879,0.006535432,0.051470574,-0.03,0.102
880,0.017117836,0.05275241,0.036,0.012
881,0.0024231859,0.069959186,0.006,0.06
882,0.0068877237,0.051442195,0.042,0.048
883,0.008465365,0.059113443,-0.006,0.036
884,0.0068666926,0.051345076,0.006,0.06
885,-0.0032184394,0.051056392,0.03,0.036
886,0.0054415865,0.05235222,-0.018,0.102
887,0.0051002074,0.0512394,0.006,0.096
888,-0.0015265914,0.05637934,0.012,0.024
889,0.0062935026,0.05069043,-0.018,0.072
890,0.009230636,0.04916124,0.018,0.06
891,0.001748737,0.054850914,-0.018,0.048
892,0.0033215503,0.05243577,0.012,0.012
893,0.0076780897,0.051360667,-0.006,0.072
894,0.016461942,0.051265847,0.006,0.072
895,0.0043367813,0.052504662,0.006,0.06
896,0.009626398,0.048813812,0.03,0.036
897,0.0055617616,0.06396474,0.0,0.012
898,0.0013197763,0.04863399,0.006,0.048
899,0.0112583395,0.05135673,0.006,0.084
900,0.006077942,0.05205682,0.036,0.024
901,-0.0015171813,0.049433626,-0.006,0.072
902,-0.011378073,0.038279295,0.036,0.024
903,0.0066426313,0.056880753,0.006,0.084
904,0.004247627,0.052784815,0.006,0.06
905,-0.0018056668,0.05774814,-0.018,0.048
906,-0.035926737,0.054879047,-0.018,0.072
907,0.006709163,0.0509691,0.006,0.084
908,0.00088672433,0.050294347,0.03,0.048
909,0.008793834,0.04972814,-0.03,0.102
910,0.0060341503,0.05078467,-0.018,0.06
911,0.012378464,0.050261863,-0.006,0.036
912,-0.008452238,0.045755144,0.012,0.024
913,0.004193553,0.05352023,-0.012,0.024
914,-0.015459831,0.043100793,0.018,0.036
915,0.001212473,0.05538641,0.006,0.048
916,-0.013407751,0.044877972,0.018,0.036
917,-0.0007098224,0.05072763,0.012,0.012
918,0.005160832,0.0524646,0.018,0.06
919,0.012792459,0.048986703,0.012,0.024
920,0.0027949284,0.067584455,-0.018,0.102
921,0.016937377,0.05070674,-0.006,0.072
922,0.012811476,0.0560048,-0.024,0.024
923,0.0066691036,0.051746443,-0.006,0.048
924,0.005629855,0.051463664,0.018,0.06
925,0.011303456,0.049901474,0.018,0.084
926,0.004819532,0.05284825,0.042,0.06
927,0.012372612,0.05187645,0.006,0.048
928,0.012258373,0.0381872,-0.018,0.072
929,0.007912988,0.049668647,0.018,0.06
930,0.008163099,0.050533663,0.006,0.048
931,-0.035043925,0.052545782,0.018,0.036
932,0.012538565,0.046551786,-0.018,0.102
933,0.0052777543,0.05885226,-0.018,0.036
934,0.006748746,0.05141012,0.018,0.036
935,0.008956123,0.049262784,0.03,0.06
936,-0.0025244625,0.029559074,0.006,0.06
937,0.018299159,0.056019068,0.024,0.012
938,0.006298255,0.05114477,-0.006,0.072
939,0.009724197,0.05204714,0.012,0.024
940,0.0068655843,0.05115914,0.042,0.048
941,0.0051115863,0.051817704,0.018,0.06
942,0.006529157,0.05147439,0.006,0.072
943,0.008986479,0.04944548,-0.018,0.072
944,0.022354238,0.04889025,-0.006,0.096
945,0.009333646,0.04933969,-0.006,0.06
946,0.0044815233,0.056203365,-0.018,0.06
947,0.0054304567,0.04746821,0.018,0.06
948,0.040785745,0.05886437,-0.006,0.06
949,0.006867513,0.051348373,-0.03,0.102
950,0.0057928087,0.053165387,0.0,0.012
951,0.004771893,0.05357632,0.018,0.06
952,0.006496547,0.05183652,0.018,0.072
953,0.022342045,0.054636948,0.012,0.024
954,0.031615257,0.04947912,0.042,0.048
955,0.003446166,0.04912124,0.042,0.048
956,0.008981268,0.050725594,-0.006,0.06
957,0.005806995,0.051611263,-0.018,0.09
958,0.013473305,0.049667694,-0.018,0.072
959,0.0057629254,0.051613968,-0.03,0.102
960,0.007788297,0.06030809,0.018,0.084
961,0.05776768,0.06705274,0.042,0.048
962,0.004607806,0.052701,0.018,0.036
963,-0.03928566,0.07984325,-0.018,0.06
964,0.0052339276,0.051764756,-0.006,0.06
965,0.006348255,0.051493388,-0.018,0.072
966,0.008068742,0.050647084,0.006,0.084
967,0.016046882,0.049707424,0.018,0.036
968,0.0023625176,0.07004687,0.006,0.072
969,0.006441037,0.051168907,0.018,0.06
970,0.0042601274,0.053023715,-0.006,0.072
971,0.009167595,0.048804495,0.03,0.048
972,0.015352776,0.066119194,0.03,0.048
973,0.008767714,0.056661576,-0.018,0.048
974,0.006735308,0.05066521,-0.018,0.06
975,0.0074792374,0.051753867,-0.018,0.036
976,0.007471031,0.05071402,0.036,0.024
977,0.010046559,0.051968925,-0.006,0.036
978,0.0006505158,0.07419354,0.018,0.084
979,0.0072293654,0.05054566,0.03,0.036
980,0.009163567,0.048890717,-0.006,0.048
981,0.006137672,0.051560156,0.006,0.084
982,0.0063239234,0.051056657,0.018,0.06
983,0.005684331,0.051939305,0.03,0.036
984,0.0068983855,0.05081705,0.03,0.06
985,0.007088732,0.051086992,0.006,0.048
986,0.00919405,0.049253255,0.018,0.084
987,0.018812727,0.05839844,0.0,0.012
988,0.006459556,0.051644765,-0.024,0.024
989,0.005666799,0.05113986,-0.006,0.048
990,0.014184335,0.050366264,0.006,0.084
991,0.0072748745,0.05082957,-0.006,0.096
992,0.01438194,0.065903254,0.006,0.096
993,0.015014754,0.06400329,0.024,0.012
994,0.012505574,0.048569538,0.006,0.096
995,0.010641667,0.06132009,0.042,0.06
996,-0.0043570297,0.047073007,-0.006,0.036
997,0.0070802416,0.0505688,0.006,0.036
998,-0.013661153,0.063964725,0.012,0.012
999,0.0063855117,0.05191496,-0.006,0.084
1000,-0.015618744,0.048221294,0.018,0.036
1001,0.0009543132,0.045164414,0.036,0.012
1002,0.0046246275,0.046596628,0.012,0.012
1003,0.007827123,0.050066803,-0.018,0.036
1004,-0.01846321,0.05483979,0.042,0.048
1005,0.005948961,0.051936988,0.042,0.06
1006,-0.033331256,0.055645943,0.012,0.012
1007,0.0075384565,0.04612467,-0.006,0.084
1008,0.0064900434,0.051183354,-0.006,0.06
1009,0.0059165643,0.052530967,0.012,0.012
1010,0.0056847422,0.05172267,0.024,0.012
1011,0.0055421903,0.051245194,0.006,0.072
1012,0.006284405,0.05115591,0.036,0.024
1013,0.005030484,0.05213416,-0.006,0.06
1014,0.030519938,0.073573336,0.024,0.012
1015,0.0068548685,0.050017238,0.03,0.036
1016,0.0077455817,0.049592886,0.006,0.072
1017,-0.01594479,0.015233412,0.03,0.036
1018,0.013020022,0.04876667,-0.012,0.024
1019,0.0062078917,0.05126229,0.006,0.084
1020,0.007980419,0.049724586,-0.018,0.048
1021,0.00545174,0.0587925,-0.024,0.024
1022,0.0016318839,0.050377812,0.024,0.024
1023,-0.016249757,0.051785126,-0.018,0.09
1024,0.007692662,0.050341688,-0.018,0.048
1025,0.0065409928,0.049533505,0.042,0.06
1026,-0.006313132,0.045359757,-0.006,0.048
1027,0.0026605828,0.05416277,-0.006,0.072
1028,0.011618345,0.061621606,0.012,0.012
1029,0.008135296,0.04891908,0.006,0.048
1030,0.0069455802,0.05118333,0.006,0.036
1031,-0.013087149,0.054975934,0.006,0.036
1032,0.0064525884,0.051328734,0.006,0.084
1033,0.0038259933,0.05108193,0.012,0.024
1034,0.043852273,0.05608186,0.0,0.012
1035,0.027853228,0.052344374,-0.006,0.084
1036,0.008367137,0.049014956,-0.018,0.102
1037,0.0041375495,0.061004937,0.006,0.036
1038,0.013478767,0.052788734,0.03,0.06
1039,-0.004187094,0.049692057,0.03,0.048
1040,0.0066109463,0.050217602,-0.012,0.024
1041,0.001882677,0.051210403,0.03,0.06
1042,0.019012548,0.06354663,0.018,0.036
1043,0.0029420964,0.052226022,0.0,0.012
1044,0.007180277,0.049617402,-0.006,0.096
1045,0.0077405367,0.04937744,-0.018,0.09
1046,0.0044747433,0.05368341,0.0,0.012
1047,-0.0005343817,0.047738366,0.012,0.024
1048,0.007257365,0.05020003,-0.018,0.072
1049,0.0065183295,0.050261937,0.006,0.036
1050,-0.009559791,0.019733474,0.018,0.036
1051,0.010197445,0.038898338,-0.006,0.072
1052,0.0076022344,0.049913526,0.012,0.012
1053,0.0041157277,0.05163753,0.03,0.036
1054,0.01079893,0.051157072,0.042,0.048
1055,-0.0009903694,0.0483727,0.018,0.06
1056,0.005964511,0.051191248,0.018,0.084
1057,0.00872056,0.04926014,0.024,0.024
1058,0.012318971,0.05074776,0.006,0.096
1059,-0.011021471,0.0463496,-0.018,0.048
1060,-0.0023600888,0.04236675,0.006,0.096
1061,0.013430097,0.0501399,0.03,0.048
1062,-0.038399197,0.062987536,-0.006,0.084
1063,0.004222121,0.05169007,0.018,0.06
1064,0.0046522175,0.050182126,0.006,0.06
1065,-0.0030782763,0.082953125,0.006,0.072
1066,0.0056656236,0.050732456,0.018,0.084
1067,6.949622e-05,0.06587454,0.036,0.024
1068,0.0052777855,0.05081162,-0.018,0.06
1069,0.0065794233,0.051008776,0.03,0.06
1070,0.005741823,0.051492687,0.042,0.048
1071,-0.0074048145,0.06445696,-0.006,0.036
1072,0.005298865,0.0605209,-0.006,0.048
1073,0.0054595573,0.05162441,0.018,0.084
1074,0.0048026666,0.052105013,-0.012,0.024
1075,0.006590387,0.04984218,0.006,0.036
1076,-0.012985787,0.049981974,-0.03,0.102
1077,0.0054690745,0.051909026,-0.018,0.048
1078,0.0014497265,0.047122896,0.006,0.06
1079,0.008069284,0.0490155,0.018,0.036
1080,0.007186502,0.050831106,0.024,0.024
1081,0.0008453233,0.054611664,0.036,0.024
1082,-0.009247855,0.040895917,-0.024,0.024
1083,0.0025366712,0.055712957,-0.006,0.06
1084,0.005297396,0.052711923,0.018,0.072
1085,0.0078091985,0.04947085,-0.018,0.036
1086,0.0076378994,0.0500423,0.018,0.072
1087,0.0034711603,0.049053624,-0.018,0.09
1088,0.0052560917,0.05244553,-0.018,0.09
1089,0.007892805,0.04966317,-0.006,0.06
1090,-0.016996138,0.05195448,0.0,0.024
1091,0.006003459,0.051994815,0.024,0.012
1092,0.0013331547,0.05383511,-0.006,0.048
1093,0.006102979,0.052465044,0.0,0.024
1094,0.022209344,0.059364453,-0.012,0.024
1095,0.008152173,0.04972341,-0.018,0.09
1096,0.005750016,0.05168518,0.012,0.024
1097,0.0055103158,0.053049184,0.036,0.012
1098,0.0009975191,0.05410778,-0.018,0.06
1099,0.010846091,0.039804336,0.006,0.096
1100,0.011482364,0.055538356,0.024,0.024
1101,0.0042503173,0.07727325,-0.018,0.09
1102,0.0042204144,0.052617047,0.036,0.012
1103,0.008934393,0.049373813,-0.024,0.024
1104,0.031815067,0.08316669,-0.006,0.036
1105,0.01709643,0.062352955,0.006,0.084
1106,0.005274873,0.053845834,0.006,0.06
1107,0.006603865,0.051502645,-0.018,0.048
1108,0.006634626,0.051069923,0.018,0.036
1109,0.002852682,0.05338996,-0.006,0.036
1110,0.005885602,0.053059276,0.018,0.036
1111,0.005697312,0.052171525,-0.006,0.084
1112,0.018862527,0.052676193,0.03,0.06
1113,0.025210556,0.08046676,0.024,0.024
1114,0.0067337533,0.050405614,0.03,0.036
1115,0.0041290196,0.053690325,-0.006,0.096
1116,0.012420881,0.057438698,0.03,0.036
1117,0.007408388,0.04993487,0.018,0.036
1118,0.009135611,0.049399834,-0.018,0.06
1119,0.002809131,0.054233346,0.042,0.048
1120,0.004826303,0.055767745,0.03,0.048
1121,0.014593929,0.049585372,0.024,0.012
1122,0.014747892,0.051788285,-0.018,0.036
1123,0.010232719,0.055051856,-0.006,0.096
1124,0.0054496424,0.051595848,-0.006,0.084
1125,0.0073705968,0.05015714,-0.018,0.048
1126,0.01372765,0.050577223,0.0,0.012
1127,0.0021211645,0.050556377,-0.018,0.048
1128,0.0059115444,0.052783757,-0.006,0.096
1129,0.011334232,0.04096921,-0.018,0.036
1130,0.008794109,0.050277427,-0.018,0.036
1131,0.021078132,0.060928635,-0.018,0.036
1132,0.002838757,0.054640736,-0.024,0.024
1133,0.004545876,0.054043703,0.006,0.06
1134,0.013166737,0.05333779,0.0,0.012
1135,0.0064922776,0.051276937,0.036,0.024
1136,0.01636139,0.060809795,0.036,0.024
1137,0.0054593235,0.051942065,0.018,0.072
1138,0.0040376596,0.05334291,0.006,0.036
1139,0.008168094,0.053281862,0.012,0.012
1140,0.0069268374,0.052720655,0.006,0.084
1141,0.008293164,0.049924344,-0.018,0.102
1142,0.0124943275,0.066537715,0.018,0.072
1143,0.02003393,0.055965956,0.03,0.036
1144,0.006311968,0.051865324,-0.018,0.036
1145,0.0071089854,0.0503698,0.024,0.012
1146,0.0053509856,0.05458617,-0.006,0.084
1147,-0.011870839,0.049738392,-0.018,0.048
1148,-0.026875557,0.031013388,0.03,0.048
1149,0.007840726,0.05031667,0.012,0.024
1150,-0.0011238232,0.05048593,-0.006,0.084
1151,0.0068739965,0.05100074,0.018,0.036
1152,0.0066723907,0.051209293,0.006,0.084
1153,0.01260148,0.049793925,-0.006,0.048
1154,0.006733698,0.050425053,-0.018,0.102
1155,6.6314824e-05,0.050939787,0.042,0.06
1156,0.013884803,0.023970904,-0.03,0.102
1157,0.007828545,0.04982706,0.03,0.06
1158,0.016101744,0.048134252,0.006,0.048
1159,0.0078740455,0.04986911,0.036,0.024
1160,0.00037396327,0.05618288,0.006,0.084
1161,0.007365052,0.051211864,-0.018,0.09
1162,0.005679044,0.06571531,0.03,0.048
1163,0.0071266843,0.050879475,0.018,0.072
1164,0.0143118445,0.051276315,-0.006,0.06
1165,-0.050966304,0.047503587,-0.018,0.048
1166,0.006801146,0.05058146,0.018,0.084
1167,0.01675516,0.05130933,-0.024,0.024
1168,0.0059095146,0.057381276,-0.018,0.072
1169,0.0044763964,0.052990124,0.006,0.06
1170,-0.0069002938,0.061910786,-0.006,0.048
1171,0.01021721,0.052202478,0.012,0.024
1172,0.0062773963,0.050430078,0.006,0.072
1173,0.0006109951,0.045139663,-0.006,0.096
1174,0.00917574,0.050377306,0.0,0.012
1175,0.008769896,0.048959058,-0.018,0.102
1176,-0.0010760836,0.049583003,0.006,0.096
1177,0.014248263,0.049887985,-0.024,0.024
1178,-0.015208694,0.04377023,-0.006,0.072
1179,0.0071956445,0.05037735,0.03,0.036
1180,0.008017583,0.049749915,-0.006,0.036
1181,0.0056147613,0.051279716,-0.018,0.048
1182,0.009089012,0.04885205,0.006,0.036
1183,0.009295287,0.048499383,-0.018,0.06
1184,0.009942863,0.049678307,0.006,0.036
1185,0.0084609,0.050200433,0.018,0.072
1186,0.0052661933,0.0466237,-0.018,0.072
1187,0.013587833,0.0490332,0.006,0.06
0,-0.010120184,0.03620465,0.042,0.06
1,0.0067362846,0.050036583,0.006,0.06
2,0.0053071384,0.051444516,0.0,0.012
3,0.035821013,0.051856954,-0.018,0.036
4,-0.0003098054,0.0493212,-0.006,0.048
5,0.034113377,0.041900057,-0.018,0.036
6,0.0076768757,0.05001191,-0.018,0.102
7,0.0053335293,0.051571053,0.042,0.06
8,0.0017173747,0.05436237,0.006,0.072
9,0.0065664155,0.051614232,-0.018,0.036
10,0.03167358,0.07774087,-0.03,0.102
11,0.014914867,0.049067605,-0.006,0.084
12,0.008833852,0.04963076,0.0,0.024
13,0.008743792,0.050026514,-0.018,0.036
14,0.007505115,0.05085226,-0.006,0.096
15,0.0064582517,0.05128302,-0.018,0.06
16,0.010042631,0.05281522,-0.024,0.024
17,-0.022026539,0.050816208,-0.006,0.036
18,0.01586784,0.051324487,0.036,0.012
19,0.006554219,0.051045686,0.006,0.084
20,0.0060189455,0.051373962,0.006,0.048
21,0.0014601406,0.054766417,-0.018,0.102
22,-0.00092879403,0.043057,-0.006,0.084
23,0.006386221,0.051301543,0.006,0.072
24,0.010040165,0.048228286,0.012,0.012
25,0.0058493377,0.052024946,0.006,0.036
26,0.002871831,0.06157444,0.012,0.024
27,-0.006749735,0.03824182,-0.018,0.072
28,0.017204948,0.049492355,-0.018,0.102
29,-0.0012264438,0.047209322,0.018,0.084
30,0.005632852,0.05135992,0.03,0.06
31,0.0017902944,0.04854927,0.0,0.024
32,0.0065936903,0.051503442,0.036,0.024
33,0.007780681,0.050194837,0.042,0.048
34,0.008159764,0.05191443,-0.018,0.036
35,0.0029606265,0.07655036,-0.018,0.06
36,-0.016000494,0.0729043,0.006,0.084
37,0.021568142,0.035003964,-0.012,0.024
38,0.00822345,0.049780563,0.036,0.024
39,0.0054823766,0.0527507,-0.006,0.072
40,0.024733417,0.06597412,0.036,0.024
41,0.02421401,0.08071852,-0.006,0.096
42,0.0038487534,0.056974284,0.018,0.084
43,0.01049362,0.04908764,-0.018,0.102
44,0.011594353,0.046284474,0.024,0.012
45,0.011160668,0.0368573,0.018,0.036
46,-0.0014447654,0.047281638,-0.018,0.09
47,-0.008666138,0.04832968,0.042,0.048
48,0.0063874368,0.051245846,0.0,0.024
49,0.010272324,0.056285817,0.006,0.072
50,0.0048887813,0.053030424,0.006,0.072
51,0.020204537,0.053362165,0.0,0.024
52,0.00080086663,0.058939558,0.018,0.036
53,-0.00038883928,0.049719192,0.036,0.024
54,0.005787325,0.051384658,0.0,0.024
55,0.0064045163,0.052270092,0.006,0.072
56,0.004409073,0.052292183,-0.018,0.09
57,0.007393821,0.050962,-0.018,0.072
58,0.0065090195,0.054952122,0.018,0.06
59,0.0059914286,0.052304998,0.018,0.072
60,0.0017041601,0.055458248,0.042,0.048
61,0.0036948528,0.05384259,0.018,0.036
62,0.007213852,0.049060788,0.024,0.024
63,0.010743682,0.051198646,-0.018,0.102
64,0.0056241984,0.05489984,-0.018,0.036
65,-0.010700881,0.045371793,0.024,0.012
66,0.006882218,0.05166826,-0.012,0.024
67,-0.0048434613,0.062249027,0.006,0.084
68,-0.0073918374,0.049503587,-0.006,0.096
69,0.0053429254,0.054362394,-0.006,0.096
70,0.009332415,0.051617667,-0.03,0.102
71,0.009852251,0.05540517,-0.018,0.09
72,-0.008088875,0.036771286,-0.018,0.06
73,0.0035441928,0.04688107,0.03,0.048
74,0.005345131,0.05162761,0.006,0.048
75,0.00796352,0.050956123,-0.018,0.072
76,0.013545543,0.040732257,0.006,0.072
77,0.0034837378,0.054864313,-0.024,0.024
78,0.0097846445,0.04862982,-0.006,0.048
79,0.0049407408,0.058341812,0.018,0.06
80,-0.003130586,0.038988777,0.03,0.048
81,-0.0073944777,0.057746075,0.0,0.012
82,-0.040032033,0.047565613,0.012,0.012
83,0.021370292,0.047187176,-0.018,0.06
84,0.005331881,0.05303067,-0.012,0.024
85,0.025196284,0.052074984,-0.006,0.036
86,0.00785173,0.04997418,-0.006,0.06
87,0.0035874923,0.049916986,0.006,0.084
88,-0.0014363276,0.069617495,-0.006,0.096
89,0.006316721,0.052615594,-0.006,0.048
90,-0.003663662,0.043434374,0.006,0.06
91,0.0054269442,0.05277617,-0.006,0.072
92,-0.005920465,0.049151976,0.012,0.012
93,-0.0053749587,0.039517354,-0.006,0.036
94,0.0068285065,0.050918918,0.018,0.072
95,0.00899316,0.053430613,0.03,0.048
96,-0.006224353,0.04911152,0.03,0.048
97,0.012696292,0.052023865,0.03,0.06
98,0.012324893,0.029634764,-0.012,0.024
99,0.008328848,0.053260032,-0.018,0.102
100,0.0030998075,0.054625142,0.006,0.048
101,0.008658035,0.049636997,-0.018,0.072
102,0.007941468,0.05044919,-0.006,0.096
103,-0.014106212,0.062199835,0.0,0.024
104,-0.0010178611,0.057748403,0.018,0.06
105,-0.005481084,0.05338481,-0.006,0.036
106,0.007446531,0.050319646,0.006,0.084
107,-0.05229983,0.13455643,-0.018,0.036
108,0.008317132,0.049797148,0.036,0.012
109,0.0047456943,0.053214382,0.006,0.084
110,0.0069594025,0.04965691,0.03,0.048
111,0.007576728,0.050537765,0.036,0.024
112,0.011975797,0.052065194,-0.006,0.06
113,0.009440059,0.049696174,0.006,0.072
114,0.008308512,0.05029454,-0.018,0.06
115,0.0062636933,0.05137738,-0.006,0.048
116,0.0054151258,0.052627966,-0.03,0.102
117,0.0069656577,0.054562554,0.036,0.012
118,0.0038661305,0.05267812,0.006,0.096
119,8.452684e-06,0.059829466,0.0,0.024
120,0.0071142493,0.050242715,-0.006,0.096
121,-0.0066117626,0.071098156,0.024,0.024
122,0.022375334,0.06504342,0.03,0.06
123,0.0040378366,0.051449466,0.006,0.084
124,0.009070042,0.0756204,0.0,0.012
125,0.00742561,0.051094856,0.024,0.024
126,0.008744926,0.050518148,0.012,0.024
127,0.0033188472,0.05344588,-0.018,0.102
128,0.01295072,0.069951825,-0.018,0.06
129,-0.0055657197,0.063835934,-0.006,0.096
130,0.008357104,0.049738165,0.006,0.084
131,0.002944828,0.055038854,0.006,0.048
132,0.0072222976,0.051404342,-0.006,0.096
133,0.0056106783,0.048259143,-0.018,0.072
134,-0.00018230267,0.074035615,-0.006,0.072
135,0.007579461,0.054462243,-0.006,0.072
136,0.0034084069,0.054720953,-0.006,0.084
137,0.08031718,0.061469615,0.0,0.012
138,0.0059397197,0.052503157,0.006,0.096
139,0.007968419,0.05808666,0.006,0.036
140,0.006074987,0.051651467,0.0,0.012
141,0.008951621,0.051145904,0.006,0.072
142,0.006315765,0.05149077,-0.012,0.024
143,0.0029696329,0.04870178,0.042,0.06
144,0.010225898,0.06380962,0.006,0.096
145,0.009143366,0.048830952,0.042,0.048
146,-0.015144821,0.06596984,0.036,0.024
147,0.010398066,0.0615101,-0.018,0.102
148,0.0015169485,0.050250214,-0.03,0.102
149,-0.005146836,0.060501322,0.03,0.06
150,0.038173385,0.0829303,-0.018,0.048
151,-0.0011286028,0.04539086,-0.018,0.072
152,0.008370844,0.05175668,0.006,0.048
153,0.012474419,0.031688154,0.006,0.072
154,0.0035501383,0.05383181,-0.006,0.06
155,0.014679631,0.052469425,0.024,0.012
156,0.006758245,0.051199656,0.018,0.084
157,-0.0035190536,0.057400502,0.03,0.036
158,0.015178159,0.051811352,0.0,0.012
159,0.014729708,0.05037922,-0.018,0.036
160,0.011901764,0.05186262,-0.018,0.036
161,0.0046533733,0.058276538,-0.006,0.036
162,0.0074202567,0.050254084,0.006,0.06
163,0.011850851,0.049142197,-0.018,0.072
164,0.007315245,0.050575167,0.006,0.036
165,-0.0022880714,0.039374303,-0.006,0.096
166,0.025788374,0.050751913,0.018,0.072
167,0.005090962,0.049160276,0.03,0.06
168,0.008242434,0.05021087,-0.006,0.096
169,0.0062632593,0.042292915,0.024,0.024
170,0.0060503082,0.051053286,0.018,0.072
171,0.010993688,0.05000622,0.006,0.036
172,0.0057293167,0.047353473,-0.018,0.102
173,0.0008149231,0.041599594,-0.018,0.036
174,0.0044202292,0.053312298,0.036,0.024
175,0.017419405,0.065265104,0.036,0.024
176,0.0030166395,0.05483998,0.042,0.048
177,-0.00030914787,0.049227357,0.036,0.024
178,0.004909085,0.052786443,0.018,0.084
179,-0.015711376,0.0674133,-0.018,0.048
180,0.006915599,0.050153196,0.006,0.036
181,0.007853312,0.050156534,0.024,0.012
182,0.040278737,0.061349288,0.03,0.048
183,0.009150058,0.051077284,0.03,0.06
184,0.0029903268,0.054036926,0.024,0.012
185,0.008867848,0.04891319,0.006,0.048
186,0.0011106525,0.06407069,-0.018,0.09
187,0.0066750064,0.05293601,0.006,0.036
188,0.0068726563,0.05027965,-0.012,0.024
189,0.005896236,0.05125053,0.036,0.024
190,0.008118749,0.046986543,-0.018,0.036
191,0.0058955927,0.050878283,-0.03,0.102
192,0.008619536,0.049903728,0.006,0.036
193,0.0035121143,0.05339977,0.006,0.036
194,0.0065367343,0.05890029,0.024,0.012
195,0.0006333608,0.04900458,0.024,0.024
196,0.003498646,0.053606592,0.018,0.06
197,-0.0024724463,0.049410176,-0.018,0.09
198,0.0052072993,0.05239812,0.042,0.06
199,0.00860018,0.050292954,-0.006,0.06
200,0.015026127,0.05214192,0.012,0.024
201,0.0027330741,0.073486075,-0.018,0.09
202,0.008008975,0.05033345,0.042,0.06
203,-0.017209169,0.04919564,-0.006,0.072
204,0.005570313,0.05225232,-0.018,0.09
205,0.0063240905,0.051704552,0.006,0.084
206,0.0041886265,0.04971197,0.012,0.012
207,0.006122206,0.05082633,-0.006,0.096
208,0.023133297,0.053501144,-0.018,0.036
209,0.006294762,0.05063579,0.018,0.06
210,0.0037235534,0.05236299,0.036,0.024
211,0.0067525804,0.05035638,0.024,0.012
212,-0.0069523463,0.047098856,0.006,0.084
213,0.0055949213,0.05226346,-0.006,0.096
214,0.0076248706,0.045512144,0.03,0.036
215,0.0076000523,0.051859457,0.03,0.06
216,-0.0048233364,0.049505644,0.036,0.012
217,0.008925619,0.049048375,-0.018,0.036
218,0.0065764454,0.050654143,-0.018,0.048
219,-0.0107910205,0.050906524,-0.006,0.06
220,0.0056542344,0.053027958,0.012,0.012
221,0.004435998,0.04886595,0.042,0.06
222,0.0067366688,0.061238658,0.036,0.024
223,0.00897073,0.050168492,0.012,0.012
224,0.006755012,0.050943084,-0.012,0.024
225,0.0056646755,0.051317748,-0.006,0.048
226,0.0064459187,0.051842023,0.0,0.024
227,0.0042458186,0.058013022,0.036,0.012
228,0.006256301,0.05082316,-0.018,0.09
229,0.0060654953,0.050885454,-0.018,0.036
230,0.005724542,0.051860824,0.018,0.072
231,-0.004740052,0.04859032,-0.024,0.024
232,0.016288836,0.053289674,0.018,0.084
233,0.006701135,0.052355915,-0.03,0.102
234,0.00712649,0.056406125,0.006,0.084
235,0.0026992364,0.054326072,-0.018,0.102
236,0.009402562,0.05208177,0.006,0.036
237,-0.009988737,0.041608613,-0.006,0.072
238,0.01392074,0.057483226,-0.006,0.072
239,-0.024512295,0.008234933,-0.018,0.072
240,0.0016822154,0.052602906,0.042,0.06
241,0.012037232,0.03698526,0.006,0.036
242,-0.012117269,0.07262546,0.03,0.036
243,0.00757535,0.050167046,0.006,0.036
244,0.0024015964,0.049518216,0.018,0.084
245,0.0073289433,0.05032878,0.042,0.06
246,0.0070961323,0.051476754,-0.006,0.096
247,0.006421634,0.05304252,0.042,0.048
248,-0.012080538,0.044280827,-0.006,0.06
249,-0.034880664,0.011012718,-0.006,0.096
250,0.012718816,0.05100241,0.006,0.036
251,0.0052207964,0.052723162,-0.018,0.102
252,0.0077748774,0.050071053,-0.006,0.048
253,0.007373674,0.051492564,0.024,0.012
254,0.00735303,0.051479403,-0.006,0.096
255,0.0063347365,0.053501133,0.03,0.06
256,0.0072651766,0.051032007,0.012,0.024
257,-0.005609597,0.07337072,0.03,0.048
258,0.0091955075,0.04970193,-0.006,0.048
259,-0.044302575,0.02885402,-0.012,0.024
260,0.003729226,0.054404296,-0.018,0.102
261,0.0060703363,0.043945167,0.042,0.06
262,0.0053068837,0.052622657,-0.006,0.06
263,0.006821033,0.051099837,0.006,0.084
264,0.007750179,0.050752625,0.006,0.036
265,0.007041099,0.05116782,0.006,0.072
266,0.0065963333,0.051292196,-0.018,0.09
267,0.0049673645,0.05268935,0.018,0.072
268,0.019677017,0.046672076,0.024,0.024
269,-0.0022199443,0.050003864,-0.006,0.096
270,-0.000984665,0.051021025,-0.03,0.102
271,0.010427961,0.035898447,0.012,0.024
272,0.0042284783,0.054296885,0.018,0.036
273,-0.0004980583,0.065154105,0.012,0.012
274,-0.010216269,0.049212303,-0.024,0.024
275,0.0052901534,0.05200623,-0.006,0.084
276,-0.025352119,0.09517014,0.018,0.084
277,0.005677774,0.05414087,0.024,0.024
278,-0.0018008025,0.048740983,-0.012,0.024
279,0.0035119103,0.058598224,0.03,0.06
280,0.0053123003,0.05211568,0.024,0.012
281,0.023827184,0.044387456,0.018,0.084
282,0.0074865753,0.05017542,-0.018,0.102
283,0.0065900087,0.047314696,0.024,0.024
284,0.003969869,0.052921433,0.024,0.012
285,0.007803023,0.050043944,-0.018,0.06
286,0.01392717,0.056155507,0.006,0.096
287,0.012497941,0.04995357,-0.006,0.072
288,0.006930665,0.05015732,0.042,0.06
289,0.005019822,0.04971125,0.018,0.084
290,0.006563645,0.05457497,-0.012,0.024
291,0.0069602723,0.050643828,0.018,0.072
292,0.000258578,0.057445955,-0.018,0.048
293,0.006571187,0.050759487,0.03,0.036
294,0.007601227,0.05102279,0.03,0.048
295,0.009117482,0.049124092,-0.018,0.06
296,0.008633053,0.049521975,0.018,0.036
297,0.01022573,0.053596288,0.024,0.012
298,0.00820649,0.05005699,-0.03,0.102
299,-0.002510544,0.04914846,0.036,0.024
300,0.006621722,0.05146304,0.006,0.036
301,-0.0025839722,0.05155741,-0.018,0.102
302,-0.033358682,0.043232065,-0.03,0.102
303,0.008983087,0.042213347,-0.03,0.102
304,-0.002107827,0.057036005,0.012,0.012
305,0.007953184,0.049987815,0.0,0.012
306,0.017388843,0.06514071,-0.006,0.036
307,0.0038306452,0.05269971,-0.006,0.096
308,0.0122848805,0.050402343,0.018,0.072
309,0.00984664,0.051243477,0.006,0.096
310,-0.0071785413,0.047692195,0.042,0.06
311,0.013916301,0.057688244,-0.018,0.102
312,0.010868744,0.0496774,0.036,0.012
313,0.006050055,0.0521459,0.006,0.084
314,0.0068852706,0.0506303,-0.018,0.048
315,0.005106593,0.054937057,-0.024,0.024
316,0.010787686,0.052905094,-0.006,0.048
317,0.008045375,0.049699873,0.012,0.024
318,-0.02347055,0.08721374,0.006,0.036
319,0.009565329,0.051215634,0.03,0.048
320,0.009345743,0.04889718,0.024,0.024
321,-0.031733546,0.047590308,-0.006,0.072
322,0.00786802,0.049718935,-0.018,0.036
323,0.007509289,0.050829865,0.042,0.06
324,0.010118422,0.048637345,0.03,0.06
325,0.008992916,0.030055638,-0.006,0.072
326,-0.0024625976,0.049518127,0.036,0.024
327,0.006746131,0.050653253,-0.018,0.102
328,0.005263526,0.052365366,-0.018,0.102
329,0.008438934,0.049661096,-0.018,0.036
330,0.0040845843,0.052413102,0.006,0.096
331,0.009605937,0.04861379,-0.006,0.072
332,0.007861093,0.053085662,-0.018,0.09
333,0.0073566195,0.050298966,-0.006,0.084
334,0.006377816,0.051029302,0.018,0.084
335,0.013591528,0.05340106,0.006,0.096
336,0.007426343,0.050798073,-0.006,0.096
337,0.008479352,0.049563933,0.018,0.072
338,0.013120819,0.054108243,-0.006,0.048
339,0.008269724,0.049684286,0.012,0.012
340,0.005143866,0.049790163,-0.006,0.06
341,0.008793898,0.049289778,-0.006,0.072
342,0.043301683,0.055795483,-0.006,0.036
343,0.018450042,0.053798143,0.018,0.072
344,0.0039925845,0.052886806,-0.006,0.072
345,0.018592762,0.068190314,0.012,0.012
346,0.0049160845,0.044220835,0.006,0.048
347,0.0050881235,0.053173043,-0.006,0.048
348,0.0067172656,0.050578732,0.03,0.036
349,-0.0066019315,0.064337,0.006,0.072
350,0.01253535,0.048680477,0.006,0.048
351,0.0050726924,0.052674904,0.012,0.024
352,0.007698131,0.050679907,-0.012,0.024
353,0.0053094006,0.05298785,0.024,0.012
354,-0.025247581,0.08242065,0.012,0.024
355,0.015481953,0.053515084,0.03,0.06
356,0.0084778555,0.053904664,0.024,0.012
357,-0.0039662225,0.04480325,0.024,0.024
358,0.06101363,0.09331831,0.018,0.084
359,-0.0007177703,0.048932403,0.018,0.036
360,0.007860567,0.050401207,-0.006,0.084
361,0.0073587513,0.05065452,0.03,0.06
362,0.008638192,0.049545012,0.018,0.084
363,0.005276738,0.05276898,-0.018,0.06
364,0.004887488,0.055233236,-0.03,0.102
365,0.008323187,0.049905553,0.042,0.048
366,-0.010165497,0.028810482,0.036,0.012
367,-0.011849289,0.04945535,-0.024,0.024
368,0.0034236996,0.04898377,0.0,0.012
369,0.006187223,0.050345264,0.018,0.06
370,0.006672701,0.052332636,0.018,0.072
371,0.0038067363,0.06967533,0.024,0.024
372,0.004704183,0.053289726,0.018,0.036
373,0.009045566,0.052871574,0.042,0.06
374,0.0058496026,0.052428953,-0.006,0.072
375,0.018365592,0.010478746,-0.018,0.048
376,0.013361512,0.060179777,-0.018,0.09
377,0.010633532,0.05318131,0.0,0.024
378,0.0063893762,0.052002627,0.0,0.012
379,0.006990073,0.051126916,-0.018,0.102
380,0.0021946612,0.058522463,0.0,0.012
381,0.029073872,0.04474926,0.012,0.012
382,0.0071514826,0.050902434,0.006,0.048
383,0.006571945,0.052024037,0.006,0.06
384,0.008986232,0.0499515,0.036,0.012
385,0.0070245326,0.053753007,-0.024,0.024
386,0.008417465,0.05097027,-0.018,0.09
387,0.007792078,0.050433554,0.018,0.036
388,-0.0055871103,0.027120197,-0.018,0.102
389,0.0054762657,0.05329117,0.042,0.048
390,0.0020765942,0.05583421,-0.018,0.09
391,0.02562951,0.05485741,0.042,0.06
392,0.0058563235,0.051505346,0.006,0.072
393,0.00955097,0.04887113,0.006,0.096
394,0.005927492,0.052346133,0.018,0.084
395,0.007600193,0.05030525,0.018,0.036
396,0.009372182,0.049131777,-0.006,0.036
397,0.015745552,0.028576855,-0.006,0.048
398,0.009542217,0.050282884,0.024,0.024
399,0.013898491,0.05497643,0.006,0.06
400,0.00507261,0.052692115,0.024,0.024
401,-1.0111369e-05,0.048486933,0.006,0.096
402,-0.013437433,0.045411948,-0.006,0.036
403,0.009653974,0.048639905,-0.018,0.102
404,0.008505667,0.049311925,0.006,0.06
405,-0.0011756336,0.06418276,0.024,0.012
406,0.0008353088,0.056400564,0.006,0.096
407,0.008395981,0.053561762,-0.006,0.096
408,0.006433876,0.051458694,0.024,0.024
409,0.0071008615,0.05040696,0.018,0.084
410,0.008735442,0.04966716,0.0,0.024
411,0.009471834,0.050450485,0.018,0.084
412,0.008078913,0.050888624,0.042,0.048
413,0.008025664,0.050210793,-0.018,0.102
414,0.0016973699,0.04744538,-0.018,0.09
415,0.006784274,0.051596195,0.03,0.048
416,0.007724218,0.05021768,0.0,0.024
417,0.00881226,0.04984493,0.018,0.06
418,0.008390937,0.050496418,0.024,0.024
419,0.013486823,0.026654728,0.0,0.012
420,0.006165456,0.05178258,-0.006,0.036
421,0.008769147,0.049314033,0.042,0.048
422,0.0048422464,0.052737653,0.012,0.012
423,0.0055087516,0.052807037,-0.024,0.024
424,0.006130152,0.051536616,-0.018,0.072
425,-0.015614732,0.010138977,0.012,0.012
426,-0.0020299852,0.0682172,0.042,0.06
427,0.005547758,0.054287117,0.024,0.024
428,0.008906188,0.04941002,0.018,0.072
429,0.0009786468,0.058348164,0.006,0.072
430,0.011411855,0.058257714,0.006,0.096
431,0.0076135295,0.051083773,-0.006,0.096
432,0.005799417,0.05173584,0.006,0.084
433,0.007613037,0.050547857,0.03,0.036
434,0.007538847,0.050260946,0.03,0.048
435,0.006726587,0.050606057,0.018,0.084
436,0.008118944,0.04968839,0.006,0.084
437,0.05423933,0.067344844,-0.006,0.084
438,0.021391705,0.050799686,0.012,0.024
439,0.0048027,0.0537904,0.024,0.012
440,0.016767079,0.049532413,-0.018,0.06
441,0.0074382545,0.050468568,0.006,0.048
442,0.013725479,0.0498189,-0.006,0.096
443,0.0070731,0.05095238,-0.018,0.048
444,0.004902566,0.052178916,0.0,0.024
445,0.022977505,0.04701444,-0.006,0.036
446,0.024099516,0.04934342,0.024,0.024
447,0.006009805,0.051176723,-0.024,0.024
448,-0.008451356,0.06027822,-0.006,0.072
449,0.023671161,0.06461939,0.018,0.072
450,0.007176916,0.0517653,-0.018,0.072
451,0.008238936,0.050580155,0.006,0.036
452,0.007877226,0.04985754,0.006,0.048
453,0.0064724945,0.050437886,-0.018,0.102
454,0.006590068,0.051600143,0.006,0.048
455,0.008121268,0.049946275,-0.018,0.048
456,0.014593476,0.053889975,0.0,0.012
457,0.0068173846,0.051175438,-0.018,0.09
458,0.0128150415,0.049215037,0.0,0.024
459,-0.03175377,0.04311214,0.006,0.096
460,0.0058312407,0.053391792,0.0,0.024
461,0.014718208,0.05089009,-0.018,0.09
462,0.007098504,0.051138934,0.006,0.096
463,0.0067427605,0.050787434,-0.006,0.072
464,0.0004162304,0.054696463,-0.018,0.048
465,-0.014095194,0.030302906,0.006,0.072
466,0.0069473353,0.04810152,0.006,0.084
467,0.003130687,0.060383733,0.03,0.036
468,0.016779177,0.056822814,0.018,0.06
469,0.0018842774,0.055539742,-0.018,0.06
470,0.02588538,0.088435315,0.03,0.036
471,0.0027740211,0.06221696,0.03,0.036
472,-0.012106998,0.0493039,0.036,0.024
473,0.008011357,0.049989015,0.012,0.024
474,0.04297433,0.05341845,-0.018,0.09
475,-0.00718225,0.043469347,0.024,0.024
476,0.0062857606,0.0512788,0.024,0.024
477,0.014067598,0.050681867,0.018,0.072
478,0.0074155023,0.050352104,0.006,0.048
479,0.013176568,0.053315207,-0.018,0.036
480,0.004663734,0.05213303,0.012,0.012
481,0.007243817,0.051233415,-0.018,0.036
482,0.01860553,0.06834535,0.018,0.06
483,0.0077306717,0.051210877,0.012,0.012
484,0.010081146,0.053327046,-0.018,0.06
485,0.0064535616,0.05086862,-0.018,0.072
486,0.010316257,0.051062755,0.006,0.096
487,0.0090151215,0.049769968,0.036,0.024
488,0.0064748367,0.051616725,0.018,0.036
489,0.006835762,0.051161822,0.024,0.024
490,0.008912698,0.04892821,-0.018,0.036
491,0.00554866,0.05089259,-0.024,0.024
492,0.0079810135,0.049568515,0.024,0.024
493,0.003951744,0.06580186,-0.006,0.072
494,0.006630269,0.050121218,0.0,0.024
495,0.022817552,0.06947307,0.006,0.048
496,-0.0016682148,0.06811185,-0.018,0.072
497,0.006849888,0.049663242,0.018,0.06
498,0.004879738,0.04844214,-0.018,0.102
499,-0.0041622454,0.0922101,0.0,0.012
500,0.0056353896,0.05249172,0.024,0.024
501,-0.003800314,0.0509167,-0.018,0.048
502,0.0094592655,0.048424497,0.006,0.084
503,0.01143353,0.05129729,0.006,0.036
504,0.0074126916,0.050280754,0.0,0.024
505,0.020606957,0.039292246,0.006,0.096
506,0.008162202,0.050520934,0.006,0.096
507,0.0037861979,0.052500114,0.006,0.048
508,0.014182523,0.053248644,-0.006,0.096
509,-0.023214575,0.048058443,-0.024,0.024
510,0.00585007,0.051604144,-0.018,0.036
511,-0.0005657943,0.036937907,-0.018,0.072
512,-0.0015893755,0.047956996,-0.018,0.102
513,0.0011828002,0.050193015,-0.006,0.048
514,0.0058577512,0.052154496,0.018,0.072
515,0.0017283242,0.048424713,0.0,0.024
516,0.007007961,0.050372608,-0.006,0.048
517,0.0052480632,0.05257462,0.018,0.072
518,0.0045818104,0.049238857,-0.024,0.024
519,0.009615186,0.043188483,0.006,0.048
520,0.00396253,0.052140348,-0.024,0.024
521,0.009621263,0.04948338,0.024,0.012
522,0.0077282107,0.049822673,0.006,0.072
523,0.0064018425,0.050846484,-0.006,0.06
524,0.008054193,0.05018579,-0.03,0.102
525,0.0028016772,0.06518878,0.03,0.036
526,0.007792321,0.05578714,0.018,0.06
527,0.005626049,0.052751955,0.006,0.048
528,0.0070321327,0.050511178,0.042,0.06
529,0.0032545263,0.05479344,0.036,0.012
530,0.016588047,0.059692085,-0.006,0.096
531,0.0051743016,0.052310877,0.006,0.084
532,0.00018459652,0.048479386,-0.006,0.048
533,0.0053030015,0.05170388,-0.018,0.036
534,0.013058545,0.06336132,-0.006,0.084
535,0.008596263,0.04927899,0.0,0.012
536,0.003680285,0.050468016,0.018,0.072
537,-0.0003991602,0.051423483,-0.024,0.024
538,0.004580601,0.055466756,0.006,0.096
539,0.0087020155,0.0496041,-0.024,0.024
540,0.004746163,0.05487646,-0.018,0.06
541,0.011542273,0.05154413,-0.006,0.084
542,0.005797397,0.051308747,0.012,0.012
543,0.0016650511,0.055624355,-0.018,0.09
544,0.004969425,0.052170448,-0.018,0.036
545,-0.005966681,0.049933538,0.024,0.024
546,-0.0068163443,0.047321375,0.036,0.024
547,0.0072528515,0.046244256,0.006,0.06
548,0.007341149,0.0508161,-0.018,0.072
549,0.009266968,0.05220732,0.03,0.048
550,0.00563632,0.051055405,-0.006,0.06
551,0.006247382,0.05112039,0.018,0.036
552,-0.0075606415,0.048982944,0.018,0.036
553,0.0059467326,0.050883368,0.012,0.012
554,0.005633302,0.052227274,0.024,0.024
555,0.010600279,0.059217244,0.036,0.012
556,0.011327246,0.04988995,-0.018,0.06
557,0.015595209,0.052665554,-0.018,0.048
558,0.016670391,0.048504878,-0.018,0.048
559,0.0071542216,0.050015472,0.024,0.024
560,0.0074107964,0.04971224,0.036,0.012
561,0.0068739085,0.05107184,0.006,0.084
562,0.00026082527,0.059229016,0.006,0.048
563,0.0064031663,0.060562216,-0.03,0.102
564,0.0048776544,0.052187063,0.0,0.012
565,0.00484683,0.0559444,-0.018,0.036
566,0.0045406753,0.052281186,0.018,0.072
567,-0.04618829,0.101315536,0.042,0.06
568,0.009355014,0.048606392,0.006,0.096
569,0.0044662943,0.05260049,0.024,0.012
570,0.006754795,0.050203733,0.024,0.012
571,0.009335527,0.04855873,0.03,0.06
572,0.0068480717,0.05006379,-0.006,0.072
573,0.008929117,0.048984747,0.03,0.036
574,0.0041544186,0.052912403,0.006,0.048
575,0.0053341673,0.05492758,-0.018,0.06
576,-0.0052592615,0.05795195,0.006,0.048
577,0.006061491,0.051660795,-0.006,0.048
578,0.005900262,0.050432716,0.018,0.084
579,0.006865987,0.048788443,-0.012,0.024
580,0.007678677,0.0493306,0.03,0.048
581,0.007866845,0.04945942,0.018,0.072
582,0.006164097,0.05069055,-0.006,0.084
583,0.0030630864,0.04926586,-0.006,0.084
584,0.0071773333,0.05056609,0.024,0.012
585,0.015864795,0.050836522,-0.024,0.024
586,0.005884774,0.051800806,0.018,0.06
587,0.016341507,0.049010478,0.03,0.048
588,-0.0029296866,0.049616843,0.042,0.048
589,0.0025867987,0.06439405,-0.012,0.024
590,0.0070672682,0.049685795,0.006,0.072
591,0.0038237534,0.052912537,-0.006,0.036
592,-0.0004214011,0.05037892,0.03,0.036
593,0.003887685,0.05225563,0.018,0.072
594,0.0071877893,0.04953758,0.018,0.036
595,0.009893983,0.058562003,0.006,0.048
596,0.008432735,0.049482834,-0.03,0.102
597,0.0025049131,0.0468277,0.006,0.048
598,0.0052576805,0.052670438,-0.018,0.09
599,0.0031299638,0.062388934,-0.006,0.036
600,0.02066291,0.062545285,0.018,0.072
601,0.0077798036,0.049307305,0.0,0.024
602,0.040802166,0.057655934,-0.018,0.06
603,0.0055626687,0.05165553,0.018,0.084
604,-0.022497818,0.038312387,-0.024,0.024
605,-0.0060149077,0.04733862,0.03,0.036
606,0.0067834402,0.052000083,0.012,0.012
607,0.0032295096,0.054928556,0.024,0.024
608,0.004437235,0.052016888,0.042,0.06
609,0.009207995,0.057557315,-0.006,0.048
610,0.006689858,0.050852332,0.036,0.012
611,0.007283626,0.049744863,-0.018,0.036
612,0.0033312296,0.04796968,-0.018,0.036
613,0.0069955783,0.05287629,0.042,0.048
614,0.0046212156,0.051866405,-0.006,0.096
615,0.0058427467,0.0507652,-0.006,0.084
616,0.005889359,0.049650136,0.012,0.012
617,0.007467771,0.049740706,0.042,0.048
618,0.09194443,0.06775782,-0.006,0.06
619,0.011741454,0.061283547,0.024,0.012
620,0.009174407,0.048781298,0.0,0.024
621,0.0070492527,0.050764263,0.024,0.012
622,0.0075003225,0.05060136,0.024,0.024
623,-0.0014063483,0.07276499,-0.006,0.06
624,0.0032588998,0.054027278,-0.018,0.072
625,0.0043218415,0.052932978,0.024,0.024
626,0.0011467356,0.049555995,-0.018,0.048
627,0.0074707665,0.05455955,0.036,0.012
628,0.006404182,0.05090884,0.0,0.024
629,0.005173116,0.052346304,0.042,0.048
630,0.004750859,0.052698795,-0.012,0.024
631,0.007552906,0.050747912,-0.006,0.072
632,0.0074942326,0.05112149,0.03,0.048
633,0.0055602165,0.047575332,-0.006,0.06
634,0.008740934,0.0458125,0.018,0.06
635,0.0026414362,0.053940237,-0.006,0.072
636,0.0072339512,0.05046688,-0.006,0.096
637,0.0033849096,0.049160082,-0.006,0.048
638,0.004764283,0.05076282,-0.006,0.06
639,-0.01590208,0.048620384,0.006,0.072
640,0.0069753714,0.050913315,-0.018,0.072
641,0.0017458452,0.04927375,-0.018,0.048
642,0.006154926,0.051336583,-0.018,0.102
643,0.006639462,0.051833026,0.006,0.06
644,0.006133488,0.05154842,-0.012,0.024
645,0.007514938,0.050820068,-0.006,0.072
646,0.013324454,0.06252081,0.03,0.036
647,0.005952332,0.051816434,0.006,0.06
648,0.0030709775,0.056391675,-0.018,0.072
649,0.020486351,0.047881667,-0.018,0.06
650,0.021546531,0.07857676,0.03,0.036
651,0.011443942,0.05145866,0.018,0.06
652,0.0192359,0.06591803,0.0,0.012
653,0.004663779,0.052139934,0.024,0.012
654,0.0066876505,0.05064794,0.036,0.024
655,0.017046247,0.06530057,0.018,0.06
656,0.007626373,0.050955564,-0.006,0.036
657,0.009410216,0.053233497,0.006,0.048
658,0.0007232409,0.045028124,0.006,0.084
659,0.0057459236,0.051685516,-0.018,0.102
660,-0.01362315,0.070220575,0.0,0.024
661,0.002798913,0.05232617,-0.018,0.072
662,0.008668495,0.050775554,0.018,0.084
663,-0.00090099685,0.057651557,-0.018,0.102
664,0.007935737,0.04990124,-0.006,0.096
665,-0.024379931,0.04300092,0.024,0.012
666,0.0050561214,0.057019096,-0.006,0.072
667,0.008469901,0.04998015,0.006,0.036
668,0.0043994077,0.053056274,0.012,0.024
669,0.007856653,0.050497916,0.024,0.024
670,0.008053968,0.049769066,0.006,0.072
671,0.0067088148,0.051183335,-0.018,0.102
672,0.0068011507,0.05033327,0.006,0.036
673,0.004646831,0.051947296,-0.006,0.036
674,0.006453825,0.05074235,0.03,0.06
675,0.008424081,0.050139353,-0.006,0.072
676,0.0071955337,0.050002772,0.006,0.036
677,0.007377644,0.050035764,0.042,0.048
678,0.008721773,0.05076738,0.012,0.024
679,0.0063932505,0.051634073,-0.012,0.024
680,0.0140014,0.05759467,0.018,0.072
681,-0.005964376,0.050399385,-0.006,0.096
682,0.003784297,0.05739756,-0.018,0.048
683,0.008906802,0.05153384,-0.018,0.048
684,0.011810448,0.05118651,0.012,0.012
685,0.0026092934,0.054160073,-0.006,0.096
686,0.007620715,0.05371811,0.036,0.024
687,0.006724369,0.050650727,-0.006,0.048
688,0.0068611493,0.050309017,0.024,0.012
689,0.015985616,0.06588479,0.018,0.036
690,-0.0040408373,0.049440783,0.03,0.036
691,0.008468815,0.05119147,-0.006,0.096
692,0.005526435,0.051852286,0.036,0.024
693,0.007662814,0.049741726,0.018,0.072
694,0.03700504,0.042079236,-0.018,0.036
695,0.011252279,0.051766757,0.018,0.06
696,0.003635908,0.052721374,-0.006,0.06
697,0.0071880966,0.05025286,0.006,0.072
698,-0.0017435029,0.050484944,0.006,0.048
699,0.0075113922,0.05026514,0.042,0.048
700,0.0037271217,0.049714223,0.006,0.048
701,-0.065232754,0.10218489,0.024,0.024
702,-0.004240891,0.06435913,0.006,0.06
703,0.010765129,0.052061588,0.0,0.024
704,0.0074294647,0.05024201,0.036,0.012
705,0.0053249234,0.05147923,0.006,0.072
706,0.00629264,0.050963826,0.042,0.06
707,0.007884807,0.04977934,0.018,0.036
708,0.016417827,0.07135005,0.03,0.048
709,0.005837609,0.051587038,0.012,0.012
710,0.0076650754,0.049638506,0.024,0.024
711,0.004869822,0.04512729,0.042,0.06
712,0.0065293084,0.050637033,0.018,0.072
713,-0.019127246,0.047510654,0.03,0.048
714,0.006875647,0.050722383,0.018,0.036
715,0.0060608643,0.051413376,-0.018,0.048
716,-0.016446639,0.053360738,-0.006,0.084
717,0.0044470564,0.053039875,0.006,0.036
718,0.00795871,0.049496196,0.006,0.084
719,0.007664775,0.04990377,0.012,0.012
720,0.007046891,0.050196666,-0.018,0.102
721,-0.003027807,0.0509573,0.018,0.072
722,0.0004914822,0.05191659,-0.012,0.024
723,0.014567527,0.055066284,-0.006,0.06
724,0.007934422,0.04757652,0.006,0.036
725,0.0047780294,0.054243173,-0.018,0.06
726,0.01886475,0.050728753,-0.018,0.06
727,0.007437221,0.05051365,0.0,0.012
728,0.011476465,0.05594117,0.012,0.024
729,0.007893428,0.05004457,-0.006,0.096
730,0.005967092,0.051534746,0.03,0.036
731,-0.0005058935,0.077951476,0.006,0.048
732,0.002651236,0.06238339,-0.012,0.024
733,0.0067263944,0.054993365,0.006,0.06
734,-0.0037081223,0.043433852,0.0,0.024
735,0.002990269,0.053613305,0.03,0.036
736,0.0073221587,0.050981097,0.018,0.084
737,0.007319451,0.051642377,0.042,0.048
738,0.0066128243,0.0501889,-0.006,0.048
739,0.005327216,0.05135128,-0.012,0.024
740,0.005757395,0.050844442,-0.024,0.024
741,0.004277572,0.05352083,0.006,0.072
742,0.006701047,0.050558038,0.036,0.012
743,0.010006476,0.0496493,-0.006,0.096
744,-0.007064618,0.059993997,0.036,0.024
745,-0.0019398034,0.077530205,-0.03,0.102
746,0.0064577744,0.05172022,0.018,0.06
747,0.0072957748,0.050396815,0.006,0.072
748,0.0070583364,0.0505681,-0.018,0.036
749,-0.0014638463,0.05030383,0.03,0.036
750,0.0077664233,0.05233041,0.03,0.036
751,0.005448186,0.051794756,0.006,0.06
752,0.01191767,0.058194615,0.006,0.096
753,0.007703522,0.050454505,-0.018,0.06
754,0.009146371,0.055056103,-0.018,0.09
755,0.008109694,0.049332928,0.03,0.036
756,-0.0098629985,0.06301952,-0.006,0.06
757,0.007841875,0.05027191,0.006,0.048
758,0.0055981427,0.0515384,-0.018,0.06
759,0.0021149325,0.037152693,0.012,0.012
760,-0.03485123,0.019063128,0.036,0.024
761,0.00012807548,0.04925173,-0.018,0.09
762,0.0063885697,0.050323527,0.018,0.072
763,0.008226076,0.04985022,-0.006,0.096
764,0.0045498945,0.045268472,-0.018,0.036
765,-0.009630333,0.037794802,0.006,0.06
766,0.012880064,0.05278388,-0.018,0.048
767,0.005736012,0.056791604,0.006,0.072
768,0.008845859,0.033997703,0.036,0.024
769,0.00018189661,0.06854738,0.024,0.024
770,0.006903118,0.051014896,0.006,0.084
771,0.004433978,0.052176483,0.0,0.024
772,0.0044818847,0.052528914,-0.018,0.102
773,-0.0113835,0.06877424,0.0,0.012
774,0.0074804546,0.051033616,0.042,0.06
775,0.0070222476,0.04976669,0.0,0.024
776,0.0023639943,0.05175713,0.012,0.024
777,0.006215346,0.050442763,0.018,0.036
778,0.0080071,0.049860608,0.024,0.024
779,0.005357355,0.052149475,0.042,0.06
780,0.008351582,0.049677204,0.036,0.024
781,0.0069533,0.051182657,0.018,0.084
782,0.003941935,0.05248777,-0.006,0.096
783,0.008584985,0.049922325,0.03,0.048
784,0.005899978,0.048519243,0.006,0.048
785,0.0059309555,0.051211435,-0.024,0.024
786,0.005489599,0.051049374,0.0,0.024
787,0.004803857,0.06622821,0.006,0.048
788,0.006262676,0.051882327,0.006,0.036
789,-0.008794055,0.053801134,-0.018,0.048
790,0.00597209,0.050947607,0.042,0.06
791,0.006269422,0.054550704,0.036,0.024
792,0.007732411,0.05061404,0.024,0.024
793,0.003574872,0.0535316,-0.018,0.102
794,0.007078029,0.05128667,-0.03,0.102
795,0.011976419,0.052552428,0.024,0.012
796,-0.002166925,0.04572746,0.03,0.06
797,0.0064002043,0.05139558,0.0,0.024
798,0.006884549,0.050868515,0.006,0.048
799,0.0075967484,0.052365772,-0.006,0.036
800,0.0019579409,0.060749285,-0.018,0.048
801,0.0042295987,0.049481213,0.024,0.012
802,0.005996651,0.051766068,-0.006,0.048
803,-0.0133442925,0.047575437,0.03,0.048
804,0.007499018,0.050122607,-0.006,0.048
805,0.0046108486,0.0517252,0.036,0.024
806,0.0064261146,0.051156536,0.03,0.048
807,-0.002661514,0.044815414,-0.006,0.06
808,0.008677951,0.04949962,0.042,0.06
809,0.006374084,0.05168379,0.006,0.048
810,0.0052367207,0.05216792,0.0,0.024
811,0.009311235,0.050742336,-0.006,0.084
812,0.004663826,0.051007263,-0.006,0.048
813,0.0071670394,0.0502859,0.036,0.012
814,-0.0018329574,0.048777033,0.0,0.012
815,0.0055768657,0.051573686,0.018,0.06
816,0.0047789393,0.054078694,-0.024,0.024
817,0.0044111353,0.05534635,-0.012,0.024
818,0.0028871251,0.053531744,-0.03,0.102
819,0.01145475,0.050397508,0.03,0.036
820,0.007351801,0.04817784,0.006,0.072
821,0.0020377953,0.051512,-0.006,0.072
822,0.010255392,0.0428863,0.036,0.012
823,0.006374144,0.050953,-0.018,0.09
824,-0.009775629,0.037244815,0.006,0.048
825,0.0068783537,0.050589472,0.006,0.072
826,0.0054795733,0.05126624,0.036,0.012
827,-0.001776184,0.047624797,-0.018,0.09
828,0.0075222463,0.04961961,-0.012,0.024
829,0.0069636833,0.050550487,0.036,0.024
830,-0.018677704,0.0005928278,0.0,0.024
831,-0.020619886,0.029427899,-0.018,0.072
832,0.011194111,0.052577153,0.018,0.036
833,0.0005369196,0.049877044,0.012,0.012
834,0.0084562125,0.052831337,-0.006,0.048
835,0.006887421,0.050667115,0.006,0.036
836,0.006323519,0.050414443,0.006,0.036
837,0.001918423,0.054570436,0.006,0.084
838,0.0061434647,0.053731482,0.024,0.024
839,0.0062093986,0.05022173,0.012,0.012
840,0.005611588,0.05056144,-0.018,0.102
841,0.0057108817,0.051299572,0.03,0.06
842,0.007882097,0.049222115,-0.006,0.096
843,-0.025416886,0.07188546,-0.018,0.102
844,0.0056878924,0.05128769,-0.012,0.024
845,0.0087098,0.04898314,0.03,0.036
846,0.0076146256,0.04985508,-0.024,0.024
847,0.0230088,0.047220066,-0.012,0.024
848,0.019474853,0.04371527,-0.006,0.084
849,0.0069040703,0.04971797,-0.018,0.048
850,0.0064671226,0.05095051,0.036,0.012
851,0.003943672,0.052017204,0.036,0.024
852,-0.0034505082,0.05034341,0.012,0.024
853,0.0069060256,0.04975801,0.042,0.06
854,0.0068381387,0.05261204,0.0,0.012
855,-0.014148647,0.027516985,0.042,0.048
856,0.007072191,0.050741028,-0.006,0.072
857,0.005941597,0.055312987,0.018,0.036
858,-0.010372573,0.036777835,0.018,0.06
859,0.008620087,0.049235396,0.006,0.096
860,0.005996825,0.048421275,0.006,0.048
861,0.0078091463,0.064238325,0.042,0.06
862,0.011186671,0.052120473,0.042,0.06
863,0.0012411596,0.045169283,0.006,0.084
864,0.0045867255,0.05172498,0.0,0.024
865,0.009029713,0.04936709,0.036,0.024
866,0.005542653,0.051835164,0.012,0.024
867,0.0060519567,0.050968237,0.006,0.036
868,-0.0118367085,0.063530214,0.006,0.048
869,0.008361852,0.049464315,0.03,0.048
870,0.005411405,0.051728155,-0.03,0.102
871,0.004827915,0.051305093,-0.024,0.024
872,0.0066691926,0.05063578,0.036,0.012
873,0.005021689,0.049458757,-0.006,0.096
874,0.005964962,0.051121034,-0.018,0.072
875,-0.023654599,0.04193283,-0.006,0.084
876,0.008183478,0.047740884,-0.018,0.048
877,-0.0062688263,0.055019945,-0.018,0.036
878,0.03752408,0.05934264,0.006,0.06
879,0.0073220846,0.0494894,0.018,0.084
880,0.0048454897,0.05351438,0.036,0.012
881,0.0073669413,0.05443503,0.018,0.06
882,0.0075797024,0.04955056,0.018,0.036
883,0.001643273,0.054946046,0.03,0.036
884,0.005385543,0.052414704,-0.006,0.072
885,0.006003809,0.050812215,0.018,0.036
886,0.010918592,0.049164586,-0.018,0.036
887,0.0019056024,0.05882246,-0.018,0.06
888,0.0070474246,0.05076311,0.036,0.012
889,-0.0017330106,0.04799013,-0.018,0.102
890,0.009639257,0.050592553,0.012,0.012
891,-0.0003613988,0.05514727,-0.006,0.048
892,0.0070208665,0.049879435,-0.018,0.036
893,-0.0049049463,0.06197892,-0.018,0.072
894,0.01959978,0.0680317,0.03,0.036
895,-0.017958324,0.040561616,-0.03,0.102
896,0.0061547547,0.051328517,-0.018,0.102
897,0.007382344,0.052276917,-0.006,0.072
898,0.006638712,0.05047409,0.03,0.048
899,-0.0017641196,0.04742412,0.018,0.036
900,0.0075105866,0.049793337,0.018,0.084
901,0.008032988,0.049404122,-0.024,0.024
902,0.008897473,0.04875201,0.006,0.096
903,0.0076339613,0.049972698,-0.006,0.048
904,0.0086293435,0.050612744,-0.006,0.084
905,0.0058902036,0.050710987,-0.03,0.102
906,0.0069558937,0.049628094,0.006,0.084
907,0.0043990547,0.05223767,0.018,0.06
908,0.0017618323,0.053270318,0.036,0.024
909,0.009606499,0.05321671,0.042,0.048
910,0.006393966,0.05036705,0.006,0.072
911,0.004985037,0.051732976,0.0,0.024
912,0.006310499,0.050155364,0.03,0.06
913,0.005038975,0.051202618,0.018,0.072
914,0.007541103,0.050203312,0.018,0.036
915,0.005710288,0.051322713,0.006,0.072
916,0.0077176746,0.051044047,-0.006,0.084
917,0.007766868,0.04955366,0.036,0.012
918,0.00594483,0.05114138,-0.018,0.036
919,0.006540127,0.049825672,0.012,0.024
920,0.01247503,0.05865771,0.018,0.084
921,0.00052035693,0.05114169,-0.024,0.024
922,0.0026715249,0.054990582,-0.006,0.06
923,0.003657681,0.052417055,-0.018,0.036
924,0.0072987853,0.05019875,0.006,0.06
925,-0.020924523,0.0019136257,-0.024,0.024
926,0.0075058606,0.051592667,-0.006,0.036
927,0.005248052,0.050952394,-0.024,0.024
928,0.0040846625,0.05220781,-0.03,0.102
929,0.031649664,0.046975747,0.024,0.024
930,0.0068998,0.05051678,0.006,0.06
931,0.006723664,0.050027765,-0.006,0.072
932,0.008222658,0.049424723,0.024,0.012
933,-0.017869718,0.08038695,0.006,0.036
934,0.0056246826,0.04636654,0.042,0.048
935,0.0062047965,0.05039489,0.036,0.024
936,0.022339482,0.049710102,0.024,0.012
937,0.018089645,0.050336618,0.006,0.084
938,0.006101471,0.05079715,0.018,0.036
939,-0.008653197,0.037548617,-0.006,0.048
940,0.013879896,0.057330098,0.036,0.012
941,0.005981951,0.051046085,-0.018,0.072
942,0.0042456053,0.052424155,-0.006,0.06
943,0.0037167594,0.054129243,0.03,0.036
944,0.0042782184,0.0524014,-0.006,0.036
945,0.010639924,0.05400188,-0.006,0.096
946,0.0039917952,0.051842164,-0.006,0.06
947,0.0068757487,0.041290715,0.036,0.012
948,0.005395264,0.0517207,0.018,0.036
949,0.00053554866,0.04645523,-0.018,0.036
950,0.0070042033,0.049885232,-0.006,0.096
951,0.0072270893,0.050878685,-0.018,0.048
952,0.0052707386,0.05212652,-0.006,0.036
953,0.0030638557,0.05368583,-0.018,0.036
954,0.0033790544,0.052829526,-0.018,0.048
955,0.0054939315,0.051840372,0.018,0.06
956,0.0042264857,0.052195195,-0.018,0.102
957,0.0073618703,0.05006499,0.036,0.024
958,0.017929677,0.05561295,0.012,0.024
959,0.006324472,0.050872583,-0.018,0.072
960,0.009266357,0.04877465,0.006,0.048
961,0.006786925,0.051005635,0.006,0.048
962,0.006278557,0.049196705,0.042,0.06
963,0.004160558,0.052206278,-0.006,0.048
964,0.009296345,0.04953071,-0.018,0.06
965,0.005588643,0.05296386,0.0,0.012
966,0.012086696,0.05005233,0.006,0.096
967,0.005794618,0.051735267,0.03,0.048
968,0.0038372371,0.051901333,0.012,0.024
969,-0.0042638807,0.049441017,0.018,0.036
970,0.007185702,0.05002432,0.0,0.024
971,0.007966222,0.0494897,-0.018,0.036
972,0.004370097,0.053386904,-0.018,0.102
973,0.012564079,0.060712546,-0.018,0.06
974,0.0016184701,0.054153558,-0.006,0.036
975,-0.026064903,0.048882063,-0.018,0.048
976,0.0060696667,0.052030474,0.0,0.024
977,0.031478785,0.100195676,-0.024,0.024
978,0.005999568,0.050236326,0.03,0.036
979,0.010932833,0.032905996,-0.006,0.036
980,0.008200625,0.049573947,0.018,0.084
981,0.005779537,0.051130567,-0.018,0.06
982,0.007784296,0.050648898,-0.03,0.102
983,0.0055247857,0.051546097,0.006,0.06
984,0.0056564985,0.049119785,0.006,0.048
985,0.0060575088,0.05085419,-0.018,0.048
986,0.0063833166,0.0500471,-0.006,0.096
987,0.006611791,0.050610654,0.012,0.012
988,0.006445835,0.05097902,0.018,0.036
989,0.007257656,0.05012924,0.03,0.048
990,0.004584291,0.054307755,0.018,0.06
991,-0.014055622,0.06251372,0.018,0.072
992,0.004102097,0.053004496,-0.03,0.102
993,0.006971618,0.049942065,0.018,0.084
994,0.009119389,0.050837763,0.006,0.048
995,0.0018417118,0.049995236,0.006,0.036
996,-0.00082194526,0.04627756,0.024,0.012
997,0.004377113,0.051568534,0.006,0.036
998,0.0045066876,0.0522605,0.042,0.048
999,0.0049296776,0.067895055,-0.018,0.072
1000,0.003861324,0.05298182,-0.018,0.06
1001,0.011556711,0.049942832,0.036,0.012
1002,0.023162477,0.046702113,-0.006,0.084
1003,-0.050647996,0.047184937,0.036,0.024
1004,0.0044049383,0.052317858,0.03,0.06
1005,0.013449884,0.060643733,0.018,0.072
1006,0.0038369894,0.049336024,0.018,0.072
1007,-0.010369275,0.052087605,0.018,0.036
1008,0.006418693,0.05136149,0.03,0.048
1009,0.005735822,0.051940937,-0.018,0.072
1010,-0.0032964507,0.03148409,-0.03,0.102
1011,-0.017943013,0.044439234,0.006,0.036
1012,0.012388453,0.051569704,-0.018,0.09
1013,0.03243018,0.06429746,-0.006,0.036
1014,0.005688196,0.051589105,0.036,0.012
1015,0.0034612948,0.053001437,0.0,0.024
1016,0.0066340193,0.05132973,-0.012,0.024
1017,0.0055787913,0.05171934,0.018,0.084
1018,0.004892729,0.05271565,-0.018,0.036
1019,-0.0006843442,0.052779473,0.036,0.012
1020,0.007868122,0.04972376,0.012,0.012
1021,0.004896219,0.057605866,-0.006,0.048
1022,0.003927687,0.050430227,0.036,0.024
1023,0.006409828,0.051563997,-0.018,0.06
1024,0.0066010384,0.0510441,0.012,0.012
1025,0.0048020347,0.05484791,0.012,0.024
1026,-0.002190372,0.03642154,-0.006,0.048
1027,0.014002315,0.043301906,0.024,0.012
1028,0.017044555,0.08097266,-0.006,0.072
1029,-0.0075599756,0.05935067,0.012,0.012
1030,-0.023459192,0.04300984,0.006,0.036
1031,0.01043216,0.052048013,-0.018,0.102
1032,0.004414332,0.053576343,0.006,0.096
1033,-0.0008358611,0.052717328,-0.006,0.036
1034,-0.0049719037,0.08581354,0.0,0.012
1035,-0.006474807,0.047914702,0.018,0.06
1036,0.008735333,0.053578187,-0.012,0.024
1037,0.0037738858,0.05318387,0.012,0.012
1038,0.0035363678,0.05365827,0.018,0.084
1039,0.008291701,0.049410928,0.0,0.024
1040,0.0069434755,0.047117732,-0.006,0.06
1041,0.0055196397,0.052056767,0.042,0.06
1042,0.0061307997,0.050901476,-0.006,0.036
1043,0.004580566,0.051584415,0.036,0.012
1044,0.0053745215,0.0513914,-0.018,0.072
1045,0.006563049,0.050497442,-0.03,0.102
1046,0.004623873,0.05459501,-0.006,0.06
1047,0.0106602665,0.06490729,-0.018,0.09
1048,0.008856679,0.048989993,0.0,0.024
1049,0.004016537,0.055604745,-0.018,0.09
1050,0.0005650213,0.06238501,0.0,0.024
1051,0.0026328205,0.05442114,-0.012,0.024
1052,-0.0041307732,0.04998304,0.006,0.06
1053,0.00700954,0.05057471,0.012,0.012
1054,0.005846707,0.052132413,0.012,0.012
1055,-0.025472421,0.012719855,0.03,0.036
1056,0.008800653,0.051323075,-0.018,0.048
1057,0.012601028,0.05646817,-0.018,0.048
1058,0.008618325,0.04943832,0.018,0.06
1059,0.016859477,0.054825533,-0.03,0.102
1060,0.0075463206,0.05012642,-0.012,0.024
1061,0.00598671,0.051930282,0.006,0.072
1062,0.0064513106,0.05227954,0.036,0.012
1063,-0.0151333,0.07057672,0.0,0.012
1064,-0.017183097,0.050323736,-0.006,0.06
1065,0.0055343853,0.053277034,0.006,0.084
1066,0.0073132897,0.052715458,-0.018,0.036
1067,0.005107495,0.052418377,-0.018,0.09
1068,0.008240593,0.049696177,0.0,0.012
1069,0.0068843802,0.051581364,-0.018,0.036
1070,0.0011385521,0.052020207,0.006,0.084
1071,0.0066594803,0.04951325,0.006,0.084
1072,0.03840301,0.059775814,0.018,0.072
1073,0.021416903,0.048990864,-0.018,0.072
1074,0.015740668,0.06309709,0.018,0.084
1075,0.009705835,0.058817983,-0.006,0.048
1076,0.0041134343,0.052389603,-0.03,0.102
1077,-0.0012726169,0.050247736,0.018,0.06
1078,0.0061190254,0.061970532,0.018,0.06
1079,0.0054421187,0.055765193,0.03,0.048
1080,0.0064012976,0.05096974,-0.018,0.036
1081,0.0072506303,0.050462324,0.006,0.084
1082,0.053137176,0.04565887,0.006,0.072
1083,0.006412918,0.051491067,-0.006,0.06
1084,0.006630585,0.051001787,0.006,0.06
1085,0.004791401,0.05229325,0.03,0.036
1086,0.009103344,0.055631854,-0.006,0.096
1087,0.0065931017,0.05157958,0.006,0.048
1088,0.007676493,0.050328054,0.024,0.024
1089,0.0075151753,0.050575234,0.042,0.06
1090,0.0073376065,0.0505477,0.006,0.036
1091,-0.0017196033,0.05908544,0.006,0.072
1092,0.00965251,0.052421592,0.006,0.06
1093,-0.0033099353,0.047224395,0.012,0.024
1094,0.0056009735,0.051679056,0.036,0.012
1095,0.004767869,0.053146917,-0.018,0.09
1096,0.0064098835,0.051479973,0.018,0.072
1097,0.028232647,0.05054201,-0.012,0.024
1098,0.008520499,0.051445898,0.018,0.036
1099,0.00773858,0.050737403,-0.006,0.072
1100,0.017214894,0.05867875,-0.024,0.024
1101,0.008193662,0.058358297,0.006,0.072
1102,0.024008626,0.051149163,-0.006,0.072
1103,0.00544945,0.052176923,-0.018,0.06
1104,0.008427429,0.050255153,-0.006,0.048
1105,0.0072538992,0.051039506,0.042,0.06
1106,0.008549305,0.05259233,-0.018,0.102
1107,0.006087894,0.05220545,0.024,0.012
1108,0.008889595,0.05258849,0.0,0.012
1109,0.012996568,0.05356779,0.006,0.084
1110,0.004834707,0.052741095,0.03,0.048
1111,-0.007032688,0.0512018,0.006,0.048
1112,0.0022152853,0.045588344,-0.018,0.09
1113,0.013512091,0.054170918,-0.024,0.024
1114,0.00617968,0.051692832,-0.006,0.072
1115,0.008709494,0.04719865,0.012,0.012
1116,0.013659868,0.08428016,0.018,0.06
1117,0.021514388,0.057395294,0.0,0.024
1118,0.006361544,0.05056641,0.006,0.048
1119,0.0051713437,0.057917647,0.036,0.024
1120,-0.0010478059,0.050158266,-0.006,0.096
1121,0.0057955654,0.051065363,-0.006,0.084
1122,0.0073383884,0.050657693,0.0,0.024
1123,0.0067038327,0.05092393,0.012,0.024
1124,0.0065007,0.05125661,0.018,0.06
1125,0.004920073,0.05107387,0.036,0.012
1126,0.012471809,0.049861178,0.0,0.012
1127,0.004509607,0.05205127,-0.018,0.072
1128,0.010705772,0.055101432,0.006,0.036
1129,3.2248907e-05,0.04585865,0.024,0.024
1130,0.0077787247,0.050671298,-0.024,0.024
1131,0.005135465,0.05223141,0.006,0.036
1132,0.007492615,0.049988233,-0.018,0.036
1133,-0.0015065856,0.04938536,-0.018,0.102
1134,0.0078279115,0.050988935,0.042,0.048
1135,-0.00548735,0.04919158,0.012,0.024
1136,-0.012290257,0.05926709,0.018,0.084
1137,-0.0008997563,0.051859822,0.03,0.048
1138,0.0052199606,0.05236769,0.03,0.06
1139,-0.008494333,0.049831044,-0.024,0.024
1140,0.004398701,0.053119324,0.03,0.048
1141,0.008760284,0.049054854,-0.006,0.072
1142,0.015701521,0.052004915,0.0,0.012
1143,0.005217313,0.05214934,0.018,0.036
1144,0.011692003,0.05002496,0.036,0.024
1145,0.0074156295,0.05008458,-0.018,0.09
1146,0.012636329,0.05943593,-0.006,0.084
1147,0.008786587,0.049042404,0.018,0.06
1148,-0.0023795785,0.055288322,0.006,0.06
1149,0.0046816748,0.052786306,-0.018,0.048
1150,0.007943764,0.05151535,-0.018,0.102
1151,0.009352501,0.040690303,0.012,0.024
1152,0.0013659927,0.046038847,0.006,0.084
1153,0.004887009,0.052010085,0.03,0.036
1154,0.008801187,0.049146496,-0.024,0.024
1155,-0.00082160905,0.051316127,0.03,0.06
1156,0.005328725,0.0520639,0.03,0.06
1157,0.024685215,0.07366809,0.006,0.036
1158,0.008549427,0.06285856,0.03,0.048
1159,-0.00022325292,0.05656088,0.0,0.012
1160,0.0052304454,0.053327546,0.024,0.012
1161,0.008879456,0.042371616,-0.012,0.024
1162,-0.003862206,0.051315077,-0.018,0.048
1163,0.0075450568,0.050491437,0.018,0.036
1164,0.006182097,0.052742865,-0.006,0.036
1165,0.0074100103,0.051082466,-0.018,0.06
1166,0.006640736,0.0524797,0.012,0.024
1167,0.0070623197,0.05125153,-0.03,0.102
1168,0.006700644,0.050616268,-0.018,0.06
1169,0.007739553,0.050129484,0.018,0.084
1170,0.0080711795,0.04985887,-0.006,0.06
1171,0.00678127,0.0511468,0.006,0.096
1172,0.006677931,0.05193734,-0.018,0.036
1173,0.006548364,0.050727174,0.006,0.036
1174,-0.008545811,0.039603315,-0.006,0.036
1175,0.012799194,0.062347792,0.0,0.024
1176,0.010612215,0.052686237,0.018,0.06
1177,0.0128465,0.05158913,0.036,0.024
1178,0.0012806756,0.04738421,0.006,0.036
1179,0.024883207,0.07244085,0.006,0.072
1180,0.004270601,0.053548176,0.0,0.024
1181,0.006465049,0.051514223,0.0,0.012
1182,0.0069604274,0.051361818,0.018,0.036
1183,0.011163287,0.054277208,0.006,0.036
1184,0.007078661,0.05284844,0.018,0.036
1185,0.007897338,0.08050281,0.018,0.036
1186,-0.0048156697,0.0588866,0.036,0.012
1187,0.0071681207,0.051274303,0.006,0.072
0,0.0272423,0.093409464,-0.018,0.102
1,0.006126273,0.0518757,0.006,0.096
2,-0.026768662,0.04776445,0.0,0.012
3,0.004611647,0.053718507,-0.03,0.102
4,0.0027298117,0.048520572,-0.018,0.036
5,0.006772896,0.05326008,-0.012,0.024
6,0.0073619233,0.050972898,-0.024,0.024
7,0.0055577746,0.05270552,0.018,0.036
8,0.003923686,0.054514244,0.018,0.06
9,0.02260046,0.048085082,0.018,0.06
10,0.0042817863,0.055057324,0.024,0.012
11,0.0071541783,0.05086011,-0.018,0.072
12,-0.0005815793,0.05036824,-0.006,0.036
13,0.004586723,0.052927263,0.024,0.024
14,0.010655977,0.06121459,0.018,0.084
15,0.0075245993,0.050718598,0.024,0.024
16,0.0012190384,0.06199933,0.018,0.036
17,0.021663927,0.076595746,0.018,0.084
18,0.0065469816,0.05127913,0.018,0.084
19,0.005163679,0.05296517,0.012,0.012
20,0.017150508,0.05336343,0.03,0.036
21,-0.0074646585,0.04571378,0.006,0.084
22,0.010392277,0.05014325,0.018,0.036
23,-0.0037449794,0.062413823,0.012,0.012
24,0.006036205,0.051941775,-0.006,0.06
25,0.005728374,0.052002866,-0.006,0.084
26,0.0045914557,0.05374313,0.018,0.036
27,0.0052358443,0.052850768,-0.006,0.06
28,0.013938423,0.057900652,0.042,0.06
29,0.00818669,0.049891002,-0.006,0.06
30,0.008070355,0.051638775,0.036,0.024
31,0.006857896,0.051021326,0.0,0.024
32,0.022221245,0.0507406,-0.006,0.096
33,0.01633213,0.05152971,-0.006,0.084
34,0.004200742,0.048731282,-0.018,0.06
35,0.0036673723,0.056876544,0.006,0.048
36,0.004554873,0.053457275,0.006,0.06
37,0.008357405,0.050473463,0.006,0.072
38,0.008614299,0.049941655,0.042,0.048
39,0.0043822443,0.049471367,0.018,0.084
40,0.00696863,0.050909355,0.018,0.06
41,0.017648585,0.050556537,0.0,0.024
42,-0.0059016254,0.056739677,-0.006,0.084
43,-0.0028057666,0.047757372,-0.018,0.06
44,0.010549989,0.053675234,0.006,0.06
45,0.010559149,0.05689706,-0.006,0.06
46,0.016454082,0.05084349,0.0,0.024
47,0.0063487804,0.051351804,0.03,0.036
48,0.006414963,0.051689483,0.036,0.012
49,0.008740905,0.04907181,0.024,0.024
50,0.006691698,0.050894156,-0.018,0.09
51,0.0015349449,0.062162545,0.036,0.024
52,0.007748671,0.050092656,-0.006,0.06
53,0.0052157855,0.052517295,0.036,0.012
54,0.008592449,0.049111914,-0.006,0.036
55,-0.028300516,0.07489771,-0.018,0.036
56,0.0069804112,0.050610606,-0.018,0.072
57,0.007690955,0.053140376,0.018,0.036
58,0.002802526,0.049451474,0.024,0.024
59,0.0049843905,0.052276995,-0.024,0.024
60,0.011849951,0.058339722,0.006,0.084
61,0.016455114,0.049653456,0.006,0.096
62,0.004951262,0.05384147,0.018,0.084
63,0.003603126,0.053942874,0.03,0.06
64,0.006690513,0.05092206,-0.006,0.036
65,0.023312358,0.047747977,-0.018,0.072
66,-0.016513767,0.04862327,0.036,0.012
67,0.015960287,0.057565525,0.006,0.048
68,0.007875666,0.050179504,-0.018,0.102
69,0.005531,0.05227301,0.024,0.024
70,0.007758041,0.049758147,0.018,0.072
71,0.0068221134,0.050664447,0.03,0.036
72,0.0064677447,0.05070694,-0.006,0.06
73,0.00618924,0.051067285,0.006,0.036
74,0.0032402277,0.05290163,0.006,0.072
75,0.0056301244,0.048022475,-0.018,0.06
76,0.019254021,0.053188976,0.042,0.06
77,0.0050962493,0.052675024,-0.006,0.06
78,0.017050855,0.053092625,-0.018,0.048
79,0.006049401,0.05118604,0.042,0.06
80,0.0076660337,0.050269168,0.0,0.012
81,0.002394788,0.050896436,-0.006,0.072
82,0.006389271,0.051688917,0.036,0.024
83,0.005557016,0.052269556,0.006,0.072
84,0.0075668697,0.057613827,0.006,0.06
85,0.006785157,0.051054865,-0.018,0.102
86,0.0046347934,0.052823357,0.006,0.072
87,0.00842647,0.054252584,-0.006,0.096
88,0.002905205,0.055755176,0.012,0.024
89,0.0063825273,0.050961554,-0.012,0.024
90,0.0074976096,0.049907655,0.024,0.012
91,0.0055738715,0.052000247,-0.006,0.036
92,-0.002776959,0.060494058,-0.006,0.072
93,0.00978938,0.05144773,-0.006,0.084
94,0.007715665,0.049750585,-0.018,0.036
95,0.012393032,0.05635173,0.006,0.06
96,0.0050743646,0.052192755,0.006,0.072
97,0.006423068,0.06685162,0.024,0.024
98,-0.0015388383,0.049818665,-0.006,0.072
99,0.005379731,0.051562104,-0.006,0.096
100,0.009142552,0.051666647,0.018,0.072
101,0.052547142,0.06614688,-0.018,0.102
102,0.0066825124,0.05049923,0.012,0.012
103,0.0063413475,0.04753712,0.024,0.012
104,0.0068370197,0.051799357,-0.018,0.048
105,0.006400244,0.050880577,0.018,0.084
106,0.004141895,0.053323273,-0.006,0.048
107,0.008227443,0.049698725,0.012,0.012
108,0.007632041,0.053035952,-0.006,0.036
109,0.0053778556,0.05215112,0.018,0.072
110,0.0072641303,0.050381362,-0.018,0.048
111,0.006843837,0.05100747,-0.018,0.072
112,0.004192648,0.053071514,0.036,0.012
113,0.005214013,0.054350067,-0.018,0.036
114,0.006797474,0.050511062,0.006,0.048
115,0.0045894743,0.052886534,-0.018,0.102
116,0.034666132,0.056190517,0.018,0.06
117,-0.02536657,0.04093553,-0.018,0.102
118,0.012224695,0.05072529,0.006,0.072
119,0.0037107891,0.05353102,0.024,0.024
120,-0.019881215,0.07545291,-0.006,0.084
121,0.005380108,0.052026737,-0.006,0.036
122,0.0075256564,0.0484,0.0,0.012
123,0.0047456087,0.052528597,0.042,0.048
124,0.0057985997,0.052196205,-0.006,0.096
125,0.010618464,0.056110248,0.006,0.048
126,0.0077487016,0.056315735,-0.018,0.06
127,-0.0009767655,0.046382654,-0.006,0.048
128,0.005116407,0.046455417,0.024,0.012
129,0.003134742,0.050485056,0.024,0.024
130,0.006723215,0.050875504,-0.018,0.036
131,0.007111945,0.054891806,-0.018,0.048
132,0.006215197,0.051116098,-0.006,0.072
133,0.006333273,0.050735224,-0.006,0.072
134,0.0055868085,0.051133443,0.0,0.012
135,0.007787658,0.049909573,0.006,0.036
136,0.0052137775,0.051287014,0.03,0.036
137,0.0031843279,0.047617946,0.018,0.036
138,0.0034185834,0.05344157,-0.018,0.036
139,0.0061100144,0.051078256,-0.018,0.048
140,0.007830641,0.049562152,-0.018,0.06
141,0.010026981,0.051335413,-0.024,0.024
142,0.0059792465,0.053037226,-0.006,0.072
143,0.0044819424,0.05267727,0.042,0.048
144,-0.022754647,0.056005206,-0.018,0.048
145,0.004718609,0.052640412,-0.018,0.048
146,0.0079249935,0.04946725,0.03,0.036
147,0.0053021936,0.051226042,0.018,0.036
148,0.006070871,0.051666427,-0.024,0.024
149,-9.605568e-05,0.053138528,0.018,0.084
150,0.0059710117,0.04930437,0.006,0.072
151,0.0063388916,0.05049357,0.006,0.072
152,0.0070162015,0.050548907,0.036,0.012
153,-0.0023709303,0.04953871,-0.024,0.024
154,0.0058043897,0.051272277,-0.012,0.024
155,-0.022505183,0.018069956,-0.018,0.036
156,0.007729944,0.049798127,0.006,0.096
157,0.008228226,0.05069888,0.006,0.036
158,0.0066603054,0.052383423,0.036,0.012
159,0.005434213,0.051470123,0.042,0.048
160,0.0059143724,0.051885135,-0.006,0.072
161,0.008460215,0.049134176,0.006,0.084
162,0.0018782495,0.049946047,0.018,0.06
163,0.006367064,0.050420947,0.024,0.024
164,0.007271349,0.05102453,-0.006,0.036
165,0.0064560967,0.050452057,0.0,0.024
166,0.00637275,0.050710376,-0.006,0.096
167,-0.0013654111,0.043022387,0.006,0.036
168,0.007075911,0.05094948,-0.012,0.024
169,0.007540204,0.049946092,-0.006,0.072
170,0.012398056,0.05771885,-0.006,0.084
171,0.0063665044,0.051083684,-0.006,0.084
172,0.0056863734,0.05143317,-0.018,0.036
173,0.006379498,0.05056758,-0.012,0.024
174,0.0044888943,0.05286678,0.018,0.084
175,0.0063150222,0.051644437,-0.03,0.102
176,-0.001284441,0.050821964,-0.006,0.096
177,0.0054889815,0.052413702,0.03,0.036
178,0.008582635,0.04914946,0.03,0.048
179,0.0046555353,0.05229796,-0.018,0.036
180,0.0049925977,0.05283189,0.036,0.012
181,-0.0109918555,0.042558417,0.018,0.036
182,-0.014036073,0.050316814,0.036,0.024
183,0.0058205547,0.051695395,-0.006,0.084
184,0.0065356046,0.05111492,-0.018,0.036
185,-0.015000284,0.027371794,0.0,0.012
186,0.0055685043,0.051970676,0.006,0.084
187,0.007104539,0.046458505,0.024,0.012
188,0.01782241,0.051846962,0.006,0.06
189,0.006096264,0.0510692,0.036,0.012
190,0.005818479,0.05157948,-0.006,0.084
191,0.025711501,0.04767329,0.012,0.012
192,-0.00024672132,0.05008824,0.03,0.036
193,0.0068797693,0.05018074,0.018,0.084
194,0.0050264606,0.05223465,-0.018,0.09
195,0.0071756076,0.05149318,-0.018,0.048
196,0.0027101873,0.04964423,-0.018,0.036
197,0.0059696143,0.051706642,-0.006,0.06
198,0.0097042145,0.039997123,-0.006,0.048
199,0.00585113,0.05219538,-0.018,0.09
200,0.004559193,0.050169878,0.036,0.012
201,0.004386665,0.05214836,0.018,0.084
202,0.0063858996,0.051004607,-0.024,0.024
203,0.022801448,0.07730088,0.042,0.06
204,0.0024439432,0.056496494,-0.006,0.084
205,0.0033189296,0.06568678,0.006,0.096
206,0.006906712,0.050655406,-0.018,0.072
207,0.0046715606,0.05257334,0.0,0.012
208,0.007686101,0.047600422,0.006,0.048
209,0.011635825,0.052068684,0.012,0.024
210,0.0085351765,0.062841855,0.024,0.024
211,0.009779692,0.0613591,0.042,0.06
212,0.005611144,0.0522818,0.024,0.024
213,0.020317955,0.06294009,-0.006,0.084
214,0.007999543,0.052226856,-0.006,0.084
215,0.0049097743,0.052436583,0.006,0.072
216,0.0065921294,0.05026731,0.012,0.024
217,0.006141035,0.050942417,-0.03,0.102
218,0.008553346,0.049120188,-0.018,0.072
219,0.004352382,0.056024197,-0.018,0.102
220,0.0075595793,0.050169673,0.024,0.012
221,0.0053178715,0.05182021,0.006,0.036
222,0.0017783511,0.053282082,-0.006,0.036
223,0.0053968024,0.05252496,0.0,0.012
224,0.006111773,0.050601978,-0.03,0.102
225,-0.043877445,0.078615785,-0.006,0.06
226,0.008734645,0.053088494,0.0,0.024
227,0.004749768,0.051935375,0.006,0.072
228,0.0060668075,0.05127645,0.018,0.072
229,0.025217459,0.082794696,0.024,0.012
230,0.005556585,0.051357146,-0.018,0.072
231,-0.0029351749,0.04891222,-0.018,0.036
232,0.00612639,0.050947882,-0.018,0.102
233,0.0076717837,0.04968494,0.006,0.048
234,0.015733514,0.052557908,-0.018,0.09
235,0.005446897,0.05150663,0.03,0.06
236,0.0059574977,0.051221974,-0.006,0.096
237,0.005778243,0.051272057,-0.024,0.024
238,0.006293904,0.051032495,-0.018,0.102
239,0.008099544,0.049478352,-0.024,0.024
240,0.0061956514,0.050600223,-0.018,0.048
241,0.014661536,0.052237798,0.024,0.012
242,0.0080363,0.04945453,0.018,0.06
243,0.006791476,0.050091114,-0.006,0.06
244,0.0066100666,0.05074111,0.006,0.048
245,0.005413683,0.05120088,0.012,0.012
246,0.007519888,0.049890406,0.012,0.012
247,0.0064551667,0.050622996,0.018,0.084
248,0.013185828,0.057767063,-0.018,0.102
249,0.0141460905,0.053349875,-0.018,0.102
250,-0.00027817953,0.06353244,0.018,0.072
251,0.007876993,0.050780565,-0.006,0.036
252,0.0095885955,0.05344193,-0.006,0.06
253,0.0006687585,0.061330896,-0.024,0.024
254,0.0066931657,0.051008917,0.018,0.06
255,0.0072547933,0.050500166,0.018,0.06
256,0.00984168,0.04672732,0.018,0.06
257,0.0048145796,0.053149734,0.0,0.024
258,0.0057836124,0.051433597,-0.012,0.024
259,0.007800979,0.051034965,0.036,0.012
260,0.009168627,0.03278734,0.006,0.036
261,0.0026926342,0.052070845,0.024,0.012
262,0.007513254,0.049795292,0.036,0.024
263,0.0028756429,0.053687483,0.018,0.084
264,0.0070990315,0.057949916,-0.018,0.06
265,-0.0054946532,0.038696185,0.006,0.084
266,0.010503134,0.05061888,-0.018,0.06
267,-0.020558396,0.04902608,0.036,0.012
268,-0.0012754779,0.06478201,0.036,0.012
269,0.004205521,0.05269771,-0.024,0.024
270,0.0033826167,0.048521977,0.03,0.06
271,0.0060819206,0.05133999,0.006,0.072
272,0.0063158143,0.05129102,-0.006,0.036
273,0.010726195,0.062371153,0.042,0.048
274,0.0044753,0.052191403,-0.006,0.048
275,0.005386715,0.0521848,-0.018,0.102
276,0.006252477,0.047073793,0.0,0.012
277,0.0010992158,0.058242507,0.03,0.048
278,0.0058890115,0.05110347,-0.03,0.102
279,0.0054823267,0.05212935,-0.006,0.096
280,0.007971955,0.04948377,0.024,0.024
281,0.0088571,0.051583257,-0.006,0.084
282,0.007888777,0.04253367,0.018,0.06
283,0.008291124,0.051322035,-0.006,0.048
284,0.0068212114,0.05035747,0.006,0.084
285,0.005013384,0.05208996,-0.006,0.072
286,0.0036579855,0.05338019,-0.018,0.072
287,0.0043087276,0.05264314,0.018,0.084
288,0.0070196157,0.050113328,0.006,0.084
289,0.00432347,0.052881263,0.006,0.084
290,0.0060936855,0.051706225,-0.024,0.024
291,0.005741628,0.05106853,0.03,0.036
292,-0.002991763,0.059171394,0.006,0.096
293,0.0065574874,0.05248596,0.03,0.048
294,0.0044975104,0.055743165,-0.012,0.024
295,0.006836605,0.05028667,0.03,0.036
296,0.050434876,0.044047244,-0.006,0.06
297,0.008168919,0.05230561,-0.018,0.048
298,0.006226983,0.050755482,0.036,0.012
299,0.00838452,0.041346967,0.018,0.036
300,0.004733119,0.051990185,-0.006,0.036
301,-0.012739079,0.04834913,-0.03,0.102
302,0.0050832075,0.051530056,0.024,0.024
303,0.006992239,0.05009356,-0.018,0.036
304,0.009707514,0.050699987,0.006,0.072
305,0.0070947325,0.05038498,-0.012,0.024
306,-0.010353766,0.047397114,0.006,0.036
307,0.0054312483,0.05122685,-0.006,0.048
308,0.013720123,0.059551187,-0.006,0.06
309,0.0035721385,0.053309448,0.024,0.012
310,0.0043706065,0.052267395,0.03,0.048
311,0.0033904496,0.053040873,-0.006,0.096
312,0.0082194805,0.049233872,-0.018,0.072
313,0.0021976004,0.047604762,0.006,0.072
314,0.004321223,0.05209795,-0.006,0.036
315,0.0070743393,0.05015268,0.036,0.012
316,0.02344572,0.07737217,-0.03,0.102
317,0.004926148,0.052778617,0.03,0.048
318,0.0015171873,0.055101436,-0.006,0.084
319,0.0070251166,0.050453864,0.018,0.06
320,0.006228273,0.050857376,-0.018,0.102
321,-2.7623028e-06,0.04575043,-0.006,0.096
322,0.0059188064,0.05115979,0.012,0.012
323,-0.0017357599,0.0564674,0.006,0.06
324,0.005812379,0.05106984,0.03,0.06
325,0.006015584,0.051690478,0.0,0.024
326,0.021337386,0.052983414,-0.024,0.024
327,0.0059881154,0.050707944,0.042,0.06
328,0.004959173,0.052187067,-0.006,0.096
329,0.015704544,0.049972266,0.018,0.06
330,0.0071546827,0.051026054,0.018,0.072
331,0.014591719,0.05512718,0.006,0.048
332,0.0022507901,0.05676034,-0.018,0.048
333,0.0042903493,0.052443713,-0.018,0.048
334,0.0071691982,0.050731957,0.006,0.072
335,0.005688818,0.055662498,0.018,0.072
336,0.0060861227,0.051137596,0.042,0.06
337,0.0005952581,0.057178833,0.012,0.024
338,0.0057839416,0.051417816,0.006,0.072
339,0.003331346,0.056943543,0.03,0.036
340,-0.003532607,0.06281815,0.018,0.072
341,0.006934764,0.05189861,-0.018,0.102
342,0.0077974945,0.049577083,0.018,0.084
343,0.004515754,0.05293055,-0.006,0.06
344,0.005506598,0.05157421,-0.018,0.072
345,0.008454606,0.06273987,0.006,0.072
346,0.010343211,0.057275925,-0.006,0.084
347,0.007400918,0.051987294,0.042,0.06
348,0.005419105,0.051297486,0.018,0.036
349,0.012918067,0.05654046,-0.03,0.102
350,0.007556723,0.049818434,-0.03,0.102
351,0.0058573177,0.051065974,0.036,0.012
352,0.0107210055,0.05124169,0.018,0.084
353,0.0058330363,0.051847514,-0.018,0.102
354,0.0028596646,0.054082043,0.006,0.084
355,0.0008531315,0.0708293,0.03,0.036
356,0.010505436,0.042290438,0.024,0.012
357,0.01690378,0.050138645,0.006,0.096
358,0.0049120802,0.049589694,0.036,0.012
359,0.010620749,0.053305794,-0.018,0.09
360,0.006946637,0.04942404,-0.018,0.036
361,0.0038121277,0.050087783,-0.006,0.06
362,0.006666231,0.05102735,-0.018,0.09
363,-0.010460962,0.048689213,-0.018,0.102
364,0.007110585,0.048517767,-0.006,0.036
365,0.007196895,0.050252117,0.024,0.012
366,-0.0008034138,0.06274198,0.018,0.084
367,0.009324447,0.052461978,0.006,0.048
368,0.0012118644,0.050075267,-0.018,0.048
369,0.0056232447,0.05197838,-0.006,0.06
370,0.013170976,0.057444066,0.036,0.012
371,-0.011261965,0.049951587,0.03,0.06
372,0.0076157018,0.049963497,0.024,0.024
373,-0.010497568,0.05083585,0.018,0.084
374,0.0074080857,0.050483137,0.012,0.012
375,0.0034733373,0.053595427,0.006,0.036
376,0.006819071,0.050931606,-0.018,0.048
377,0.036333196,0.05327001,0.03,0.048
378,0.009835176,0.09180322,0.03,0.06
379,0.0042460454,0.05400978,0.036,0.024
380,0.006143595,0.05148361,0.042,0.06
381,0.0038308715,0.05371695,-0.006,0.096
382,0.006989775,0.050512705,-0.018,0.036
383,0.0050725155,0.052798755,0.018,0.072
384,-0.009828769,0.049857866,0.024,0.024
385,0.008979758,0.05061436,0.012,0.024
386,0.005054911,0.051881358,0.006,0.084
387,0.018967586,0.05357092,0.018,0.036
388,0.017225817,0.05516455,0.006,0.096
389,0.009414142,0.055477984,0.018,0.084
390,0.0072382023,0.050361015,0.018,0.084
391,0.0061280984,0.050375234,-0.024,0.024
392,0.0006110091,0.04835467,-0.006,0.084
393,0.0056774775,0.05018405,0.018,0.084
394,0.005607427,0.052204747,0.006,0.06
395,0.0033697113,0.047789875,0.0,0.024
396,0.007369127,0.050506134,0.012,0.012
397,0.0093661295,0.053907752,-0.03,0.102
398,0.0063879457,0.051250994,-0.024,0.024
399,0.008068134,0.04956424,-0.018,0.09
400,0.004255101,0.049344014,0.006,0.036
401,0.005226162,0.052206997,-0.006,0.06
402,0.0065354016,0.049761057,-0.018,0.102
403,0.0026042205,0.06081298,-0.018,0.048
404,0.0065608895,0.05072428,0.03,0.06
405,0.0076655713,0.049906805,-0.006,0.036
406,0.007226826,0.050491236,-0.006,0.084
407,0.010533093,0.045574196,-0.018,0.102
408,0.0066682147,0.0508605,0.0,0.024
409,0.0077805906,0.04989371,0.012,0.012
410,0.0040839636,0.053621076,-0.006,0.096
411,0.0073231715,0.050849907,-0.006,0.048
412,0.0064423233,0.051269975,0.024,0.024
413,0.011236262,0.055284165,0.018,0.036
414,0.0053753015,0.052172333,-0.018,0.102
415,0.0067758486,0.050842263,0.042,0.06
416,0.006872864,0.050781827,0.012,0.012
417,0.0057543046,0.051832177,0.03,0.036
418,0.007262739,0.050430182,0.042,0.06
419,0.0060337298,0.052554,0.024,0.024
420,-0.01472687,0.0658439,-0.006,0.096
421,0.0065900777,0.0517765,-0.006,0.06
422,0.006365317,0.051548928,-0.018,0.09
423,-0.050390407,-0.00544874,0.024,0.024
424,0.0062673306,0.05161662,-0.024,0.024
425,0.0060728085,0.051282313,-0.018,0.102
426,0.0041792076,0.053894572,-0.006,0.036
427,0.0120508475,0.057094824,0.018,0.036
428,0.004286547,0.052875727,-0.006,0.096
429,0.0053810715,0.052523308,0.042,0.06
430,0.0057713175,0.05249123,0.024,0.024
431,0.0043914877,0.05353584,0.018,0.084
432,0.0050127883,0.05287572,0.012,0.012
433,0.007137274,0.050512347,0.0,0.024
434,0.0056173685,0.0517412,-0.006,0.084
435,0.014846675,0.05228578,-0.018,0.06
436,0.0065798876,0.051125593,-0.018,0.036
437,0.0044042403,0.05349507,0.006,0.096
438,0.00693562,0.051126517,-0.006,0.048
439,0.006622613,0.051214308,0.03,0.06
440,0.0058607464,0.052101955,0.006,0.048
441,0.0030006762,0.058583483,0.018,0.072
442,0.005558541,0.052679937,-0.006,0.084
443,0.0050590765,0.052645955,-0.018,0.09
444,0.0063536526,0.051182874,0.006,0.06
445,-0.008556803,0.050714474,-0.024,0.024
446,0.006363562,0.051267143,0.006,0.096
447,0.0069655403,0.050724793,-0.006,0.06
448,0.0061635533,0.049971964,0.006,0.084
449,0.006965747,0.050544266,-0.018,0.09
450,0.0053297286,0.056077294,-0.018,0.048
451,0.005299687,0.05204902,0.006,0.072
452,0.0093557825,0.05226858,-0.018,0.102
453,0.0011263369,0.057615213,-0.006,0.084
454,-0.0026238114,0.04192514,-0.018,0.09
455,0.0014134734,0.04524728,0.0,0.012
456,0.003393901,0.057204865,0.006,0.084
457,0.007538168,0.05083982,0.018,0.072
458,0.0052461596,0.051978044,-0.006,0.096
459,0.006885576,0.051441688,-0.018,0.09
460,0.009664491,0.05315314,0.006,0.048
461,0.0053814556,0.053876556,-0.006,0.084
462,0.0020080293,0.05134653,-0.006,0.036
463,0.0055769915,0.052384753,-0.006,0.06
464,0.003013472,0.04893281,-0.006,0.048
465,0.005811463,0.05241225,-0.006,0.06
466,-0.0014218464,0.0670838,-0.018,0.09
467,0.0055096988,0.05261755,0.024,0.024
468,0.006053203,0.050984457,-0.018,0.072
469,0.008519081,0.053494055,-0.012,0.024
470,-0.011069671,0.04467958,-0.012,0.024
471,0.010013766,0.052459072,0.03,0.048
472,0.035144076,0.04242685,0.006,0.072
473,0.0200052,0.06663175,-0.024,0.024
474,0.0076110843,0.050232332,-0.006,0.072
475,0.006512233,0.051000778,0.024,0.012
476,-0.011282252,0.049920086,-0.006,0.048
477,0.01467429,0.053050667,-0.03,0.102
478,0.006538931,0.051227547,-0.006,0.06
479,0.0046378057,0.052307855,0.03,0.036
480,0.0051858104,0.052097626,0.0,0.012
481,0.0072297985,0.049190894,-0.006,0.048
482,0.015459875,0.064842135,0.012,0.024
483,0.0066043413,0.05070972,0.042,0.06
484,0.0056916582,0.052027676,0.018,0.084
485,0.015378911,0.048986163,0.03,0.048
486,0.011084218,0.049897686,-0.018,0.036
487,-0.0021662358,0.048390597,0.03,0.06
488,0.0033712913,0.056852724,0.006,0.036
489,0.0078838905,0.049727973,0.018,0.072
490,0.00239407,0.04902891,-0.018,0.09
491,0.026627323,0.07488717,0.042,0.06
492,0.009089948,0.046071347,0.03,0.036
493,0.011538605,0.059299767,0.024,0.024
494,0.009598938,0.053124376,0.018,0.072
495,0.0060217646,0.05143082,0.006,0.048
496,0.0051528867,0.052380517,-0.018,0.036
497,0.021463107,0.051139265,-0.018,0.072
498,0.006240868,0.05272428,0.006,0.048
499,0.008341394,0.049455985,0.006,0.06
500,-0.000922475,0.05635816,0.006,0.048
501,0.006855116,0.05087378,-0.006,0.096
502,0.00074551627,0.050331846,0.03,0.06
503,0.00497804,0.052271526,0.042,0.048
504,0.0053663487,0.05150853,-0.018,0.06
505,0.0039014667,0.05331114,0.0,0.024
506,0.010313105,0.054209374,-0.024,0.024
507,0.0073066745,0.050287385,0.018,0.072
508,0.0061034528,0.051225577,-0.018,0.102
509,0.004893165,0.052428275,0.024,0.024
510,-0.0034640385,0.062655374,0.0,0.012
511,0.006109529,0.051892508,-0.018,0.06
512,0.00648313,0.051319238,-0.018,0.06
513,0.0058847503,0.05233881,0.042,0.06
514,0.0052503366,0.052498456,0.006,0.072
515,0.0059417924,0.048545733,0.018,0.084
516,0.017539155,0.052096225,-0.006,0.036
517,0.0072117457,0.050357115,0.0,0.024
518,0.007573162,0.053622164,0.036,0.024
519,0.006215476,0.0511458,-0.03,0.102
520,0.0077271275,0.05025836,-0.018,0.102
521,0.004806712,0.05330753,0.012,0.024
522,0.005238887,0.055587035,-0.03,0.102
523,0.004957312,0.052642163,-0.012,0.024
524,0.004261438,0.05255516,-0.006,0.072
525,0.019812685,0.06904647,0.036,0.012
526,0.009190387,0.050267097,-0.018,0.06
527,0.006595405,0.05164501,-0.018,0.09
528,0.009473233,0.05392825,-0.018,0.102
529,0.0064180857,0.051224347,0.012,0.012
530,0.0056441575,0.052274883,-0.018,0.102
531,0.0062395465,0.05103543,0.006,0.096
532,0.00465571,0.05346978,0.018,0.084
533,0.010791628,0.06672003,0.006,0.036
534,0.0076978793,0.051520254,0.0,0.024
535,0.007543276,0.050279357,0.03,0.036
536,0.012942817,0.050463654,0.006,0.072
537,0.007371011,0.050777074,0.042,0.06
538,0.005012803,0.052955724,0.006,0.048
539,0.008606323,0.051877297,-0.006,0.096
540,0.004691246,0.05296286,0.018,0.072
541,0.004969325,0.05550242,-0.024,0.024
542,0.007513928,0.05151084,0.036,0.012
543,0.0060488405,0.05127582,0.03,0.036
544,0.0060059186,0.051681224,-0.018,0.036
545,-0.0011581238,0.05215561,-0.018,0.072
546,0.006988,0.051015787,-0.024,0.024
547,0.0068628853,0.05109311,0.006,0.036
548,0.016899731,0.056800958,0.018,0.072
549,0.0054353173,0.051807478,-0.018,0.06
550,0.00681859,0.05120442,0.018,0.06
551,0.0029196176,0.04792774,-0.018,0.036
552,0.0046708593,0.05316435,0.012,0.012
553,0.00555542,0.052625857,0.036,0.024
554,0.006293035,0.054476622,-0.018,0.06
555,0.0067612054,0.05070617,0.0,0.024
556,0.0068325433,0.06337141,0.006,0.048
557,0.010817137,0.05187967,0.006,0.096
558,0.01091235,0.051574953,0.03,0.048
559,0.00607449,0.05200176,0.006,0.06
560,0.008055031,0.049869638,0.018,0.036
561,0.013748704,0.05945477,-0.018,0.09
562,0.0077980603,0.050314717,-0.006,0.036
563,0.005758001,0.051908687,-0.006,0.048
564,0.004441022,0.053590767,-0.018,0.048
565,0.012448179,0.05999936,0.036,0.012
566,0.009355287,0.05129118,0.0,0.012
567,0.0073781596,0.050674383,-0.006,0.096
568,0.007158651,0.051603783,0.03,0.036
569,0.0069986014,0.050390646,0.006,0.048
570,-0.005157765,0.049575258,0.012,0.024
571,0.0067333346,0.051040262,-0.018,0.102
572,0.005173261,0.052143756,0.036,0.024
573,0.0052935192,0.06319556,0.042,0.048
574,0.001611596,0.051665314,-0.018,0.09
575,0.0050086966,0.06025452,-0.018,0.048
576,0.0029411265,0.053605497,-0.03,0.102
577,0.023668429,0.047979288,-0.018,0.048
578,0.007516234,0.051001694,0.012,0.012
579,0.005633738,0.051387023,0.006,0.084
580,0.006560901,0.050781555,0.018,0.036
581,0.005827835,0.051614396,0.006,0.036
582,-0.00498436,0.072698995,-0.006,0.036
583,0.00513779,0.048200045,0.03,0.036
584,0.0044506537,0.052861314,-0.018,0.036
585,0.016950294,0.056440536,0.018,0.036
586,0.0074932473,0.05023242,-0.018,0.06
587,0.0069810823,0.051627465,-0.006,0.06
588,0.0048724078,0.052873187,0.036,0.012
589,-0.0032664388,0.02938791,0.024,0.024
590,0.0056141946,0.05182419,0.03,0.036
591,0.010797655,0.056031838,-0.018,0.06
592,0.0035257698,0.05116524,-0.018,0.048
593,0.0051653986,0.053093,0.0,0.024
594,0.005841462,0.0519831,-0.006,0.084
595,-0.005115752,0.058647837,0.0,0.012
596,0.015078248,0.02152236,-0.018,0.048
597,0.0057166107,0.052234154,-0.018,0.06
598,-0.021607175,0.0477506,-0.006,0.036
599,0.021437062,0.080298804,-0.03,0.102
600,0.0055740015,0.05242733,0.03,0.06
601,-0.012427849,0.042042285,0.036,0.012
602,0.005681525,0.053126097,0.006,0.096
603,0.0076625263,0.050105058,0.024,0.012
604,-0.027084418,0.07321742,0.006,0.06
605,0.009474653,0.05113186,0.006,0.048
606,0.0067786924,0.051868323,-0.006,0.084
607,0.008660542,0.043704927,-0.006,0.048
608,0.008812379,0.05254617,-0.024,0.024
609,0.007190019,0.05126019,0.012,0.012
610,-0.0018960424,0.05102342,-0.006,0.036
611,0.0040837424,0.056804128,-0.03,0.102
612,0.004214095,0.05405896,0.006,0.048
613,0.004383099,0.05266615,0.012,0.024
614,0.0059965886,0.052352387,0.006,0.048
615,0.0063651553,0.051003564,0.006,0.072
616,-0.010425407,0.050855156,0.018,0.06
617,-0.0012159077,0.047627456,0.018,0.084
618,-0.0071841814,0.049675003,0.024,0.024
619,-0.03781932,0.018227622,-0.018,0.09
620,0.0043857023,0.053413644,-0.018,0.036
621,-0.00055812113,0.047002237,-0.006,0.06
622,0.0076926243,0.052084103,0.006,0.096
623,0.022249313,0.05660879,0.006,0.036
624,0.015849143,0.028322864,-0.018,0.048
625,0.0036403625,0.05713105,0.018,0.084
626,0.0047627906,0.053766735,-0.006,0.096
627,0.01372266,0.06101058,0.0,0.012
628,0.01674557,0.049062226,-0.024,0.024
629,0.00797307,0.05013153,0.012,0.012
630,0.008369872,0.04959402,-0.006,0.084
631,0.005625101,0.05189809,0.042,0.048
632,0.0077286847,0.05020959,0.03,0.048
633,0.0066068806,0.050569363,0.0,0.012
634,0.015833085,0.06963098,0.006,0.036
635,0.0068339426,0.050814196,0.042,0.048
636,0.006823607,0.051310044,-0.03,0.102
637,0.0052044876,0.050554454,0.0,0.024
638,0.01650258,0.06990801,0.018,0.036
639,0.0027272124,0.05849784,-0.006,0.06
640,0.007804328,0.04525594,-0.006,0.084
641,0.0068510314,0.050587833,0.03,0.06
642,0.0045681163,0.052218877,-0.006,0.096
643,0.010258345,0.049980104,0.042,0.06
644,-0.0054853186,0.100190654,-0.018,0.072
645,0.0051310775,0.05176086,-0.018,0.048
646,0.004623319,0.052261613,0.006,0.036
647,0.0038932823,0.053739004,0.006,0.084
648,0.005844713,0.05068778,-0.024,0.024
649,0.0073123216,0.049786925,0.0,0.012
650,-0.0009152368,0.051289618,0.006,0.036
651,0.0074044745,0.050150186,-0.018,0.102
652,-0.025000758,0.048737705,0.03,0.048
653,0.0035649016,0.05207212,-0.006,0.048
654,0.0061055585,0.04992155,-0.024,0.024
655,0.0078299865,0.051776886,-0.006,0.084
656,0.0029009199,0.055262107,0.006,0.048
657,0.006963675,0.0503918,0.03,0.048
658,0.0045740777,0.0520859,-0.018,0.09
659,0.0064638723,0.05094813,0.03,0.06
660,0.0065505886,0.064316474,-0.006,0.084
661,0.008519007,0.050850395,0.018,0.084
662,0.041037995,0.046999954,0.006,0.06
663,0.0061653536,0.050671957,0.018,0.084
664,0.0050327545,0.051862184,0.018,0.084
665,0.0066878414,0.049712118,0.012,0.012
666,0.01710148,0.06982151,-0.018,0.048
667,0.0075899754,0.05101655,0.036,0.012
668,0.01629519,0.06764488,0.018,0.06
669,0.015226149,0.055979203,-0.006,0.096
670,0.0066427933,0.050088685,0.006,0.06
671,0.005148466,0.051285338,-0.006,0.096
672,0.0060461415,0.051592987,-0.006,0.048
673,0.0064263605,0.051284682,0.03,0.048
674,0.0033663241,0.05276467,-0.018,0.06
675,0.0066672037,0.04954639,0.006,0.06
676,0.004832598,0.050661616,-0.006,0.072
677,0.005737261,0.05141242,-0.018,0.072
678,0.006632137,0.049114686,0.012,0.024
679,-0.011620972,0.070196465,0.006,0.084
680,0.009064319,0.052079927,-0.018,0.036
681,0.004578202,0.05582877,0.036,0.012
682,0.009388078,0.050251782,0.0,0.024
683,0.0057746232,0.050822288,-0.018,0.06
684,0.004525169,0.051035162,-0.024,0.024
685,0.011226293,0.05862452,-0.018,0.09
686,0.002935056,0.049363922,-0.018,0.036
687,0.007976623,0.052658804,-0.006,0.06
688,0.014111782,0.035172507,0.006,0.06
689,0.005016342,0.05059467,0.018,0.036
690,0.012127796,0.061633583,0.012,0.024
691,0.003964202,0.045931377,-0.006,0.072
692,0.0063116215,0.049745172,0.03,0.036
693,-0.01716864,0.0776964,0.018,0.072
694,0.0059578614,0.051005613,0.036,0.012
695,0.0062698713,0.05004932,-0.012,0.024
696,0.0047244574,0.05178561,-0.018,0.048
697,0.0059183827,0.049976394,0.0,0.012
698,-0.0014578812,0.050879367,0.006,0.036
699,-0.0026479103,0.051328953,0.042,0.06
700,0.006143797,0.051516,-0.018,0.036
701,0.00449908,0.052253153,-0.006,0.048
702,0.0068515087,0.049607765,-0.006,0.096
703,0.005325961,0.051519535,-0.006,0.072
704,0.0045484016,0.05195627,0.018,0.06
705,0.006744682,0.051067326,-0.018,0.048
706,0.0065244623,0.05051939,-0.018,0.102
707,-0.0077570416,0.038148653,0.042,0.06
708,0.0064961575,0.051589623,-0.006,0.072
709,0.006110662,0.051060695,-0.018,0.036
710,0.0040821,0.03339744,0.012,0.012
711,0.008343453,0.054745406,0.018,0.06
712,0.009830143,0.03543954,0.012,0.024
713,0.0055519193,0.051222045,0.024,0.024
714,0.007055262,0.050710987,0.03,0.06
715,-0.0060502747,0.053226486,0.042,0.06
716,0.0055901594,0.051315308,0.006,0.036
717,0.0067833844,0.04998381,-0.006,0.06
718,0.0066854726,0.049617913,0.03,0.048
719,0.006543246,0.049827203,-0.006,0.084
720,0.0075896387,0.050233986,-0.018,0.036
721,0.0067061256,0.051363707,0.024,0.024
722,0.0016749371,0.047967386,0.006,0.084
723,0.0050301524,0.051137857,0.006,0.072
724,0.009222357,0.039551433,0.03,0.06
725,0.0067001088,0.049533963,0.0,0.012
726,0.0060359417,0.050628062,-0.018,0.06
727,0.009421646,0.051888883,0.006,0.096
728,0.0032574767,0.058974233,0.03,0.036
729,-0.004572643,0.07328524,0.006,0.096
730,0.0052030557,0.059410542,-0.024,0.024
731,0.007825604,0.03833113,-0.018,0.036
732,0.0060842335,0.050784864,-0.024,0.024
733,-0.016067076,0.071770094,0.018,0.06
734,0.0049794842,0.05185304,0.018,0.084
735,0.0028950782,0.047808386,-0.006,0.048
736,0.028833237,0.0470106,0.0,0.024
737,0.006606831,0.050383493,0.006,0.096
738,0.008864915,0.053746667,0.036,0.012
739,0.012018507,0.05065985,0.036,0.012
740,0.00565234,0.051388863,-0.018,0.102
741,0.0063162493,0.050654612,-0.03,0.102
742,0.0044799834,0.054630384,0.006,0.036
743,-0.02498357,0.045880463,-0.006,0.036
744,0.0042769173,0.050731257,0.042,0.06
745,0.0058149686,0.05067789,-0.006,0.084
746,0.009966366,0.049880583,0.006,0.048
747,0.0155993905,0.049656678,-0.018,0.06
748,0.0035240408,0.051988084,-0.006,0.096
749,0.007092611,0.049756277,-0.018,0.102
750,0.005778085,0.049747378,0.018,0.072
751,0.005993397,0.050348416,0.036,0.024
752,0.016356252,0.053075116,-0.024,0.024
753,0.0031381897,0.046068165,-0.006,0.096
754,0.0074579376,0.049924593,-0.018,0.072
755,0.007449894,0.052026797,0.03,0.06
756,0.0057310546,0.05122396,-0.006,0.048
757,0.008502489,0.04962951,-0.006,0.036
758,0.014598688,0.060323935,-0.006,0.06
759,0.003391142,0.0542302,-0.006,0.096
760,0.0044174013,0.05223721,0.006,0.06
761,0.009303608,0.04205809,0.006,0.096
762,0.01619897,0.055335246,0.006,0.072
763,0.0074728867,0.05052945,-0.018,0.102
764,0.010098654,0.051213846,0.018,0.036
765,0.005719542,0.052198898,0.03,0.036
766,0.0056492873,0.05390311,-0.024,0.024
767,0.007059207,0.0506578,-0.018,0.102
768,0.005815743,0.05152242,-0.018,0.072
769,0.005805742,0.049384873,0.03,0.036
770,0.0066224816,0.05049809,0.024,0.024
771,0.0054789437,0.052937366,0.006,0.072
772,0.0074346787,0.049530447,0.006,0.072
773,0.0074392166,0.05056914,-0.006,0.048
774,0.0028143795,0.048975274,0.006,0.036
775,0.005182877,0.050586455,-0.006,0.084
776,0.017155195,0.060705923,0.006,0.06
777,0.0073412675,0.050172444,0.03,0.036
778,0.0089797005,0.051267363,0.006,0.048
779,0.009899265,0.050803035,0.042,0.048
780,-0.009534434,0.0188215,-0.018,0.048
781,0.0062029716,0.050630182,0.036,0.024
782,-0.00040036533,0.048600245,0.006,0.072
783,0.012257836,0.047583617,-0.012,0.024
784,0.014014767,0.05904234,-0.03,0.102
785,0.006295228,0.05017441,0.006,0.036
786,0.0077383984,0.049469672,-0.018,0.036
787,0.0067640906,0.051051278,-0.012,0.024
788,0.011110475,0.050041094,0.03,0.048
789,0.0057261293,0.051113162,-0.018,0.06
790,0.011105092,0.051988784,-0.006,0.036
791,0.006064751,0.050914984,0.006,0.048
792,0.006768683,0.050349534,-0.006,0.06
793,-0.0038076192,0.04748484,0.036,0.012
794,0.0068054097,0.051046494,0.036,0.012
795,0.007693369,0.04970819,-0.006,0.072
796,0.005999867,0.05092634,0.006,0.036
797,0.011970969,0.05033589,0.006,0.048
798,0.011055221,0.052978367,0.042,0.048
799,0.0067859334,0.051679235,0.006,0.072
800,0.004130194,0.052085936,0.03,0.036
801,0.0067622974,0.050166987,0.018,0.084
802,0.007155269,0.05015843,0.03,0.036
803,-0.0005586315,0.049084492,-0.018,0.036
804,0.007896291,0.050076004,0.0,0.024
805,0.010865262,0.050921947,-0.006,0.096
806,0.002101766,0.06910497,-0.006,0.048
807,0.004674622,0.055734206,-0.018,0.06
808,0.0071150344,0.05036387,-0.006,0.084
809,0.006080536,0.05119196,-0.006,0.072
810,0.0070706834,0.05048214,0.036,0.012
811,0.0061365697,0.05122704,0.018,0.036
812,0.008176196,0.04670617,0.018,0.084
813,0.004703167,0.05292779,0.03,0.06
814,0.0078161135,0.051100947,-0.018,0.072
815,-0.013385542,0.007047843,-0.006,0.048
816,0.007609427,0.053949937,0.018,0.06
817,0.013995342,0.05425256,0.0,0.012
818,0.005498764,0.051752653,0.024,0.012
819,0.0065766587,0.051379155,0.012,0.024
820,0.0050667077,0.0517239,-0.018,0.048
821,0.007871944,0.053916596,-0.012,0.024
822,0.00649534,0.05045075,-0.006,0.06
823,0.004393382,0.052113824,-0.018,0.072
824,-0.011428393,0.045710523,0.006,0.036
825,0.0044281986,0.053770937,0.042,0.06
826,0.006959589,0.0505513,-0.03,0.102
827,0.006296106,0.048584614,-0.018,0.102
828,0.017908279,0.051808037,-0.006,0.084
829,-0.0047115246,0.051193003,0.006,0.06
830,-0.0049156332,0.065476276,-0.018,0.072
831,0.0052662687,0.05244493,0.0,0.024
832,0.008003335,0.054943185,-0.006,0.096
833,0.007113414,0.05017018,0.006,0.072
834,0.009104309,0.051590394,-0.018,0.06
835,-0.0051670074,0.060902856,-0.006,0.036
836,0.015554825,0.052629255,0.012,0.024
837,0.0063134795,0.051324677,-0.03,0.102
838,0.0047103437,0.05264352,-0.006,0.096
839,0.007534402,0.050704002,-0.024,0.024
840,0.0073479917,0.051065452,0.036,0.024
841,0.005864518,0.051591013,-0.018,0.072
842,0.006299882,0.051330607,0.024,0.024
843,0.0050520254,0.052676674,0.006,0.036
844,0.012959359,0.050256077,0.036,0.024
845,0.007001914,0.051303472,0.006,0.048
846,0.00725169,0.05109034,0.042,0.06
847,0.00684445,0.05024187,0.018,0.072
848,0.006287444,0.05180984,0.012,0.024
849,0.032986157,0.055425912,0.024,0.024
850,0.0022251122,0.052665625,0.006,0.084
851,0.01337858,0.053102043,0.03,0.06
852,0.014282989,0.051143974,0.018,0.036
853,-0.003732833,0.043249194,-0.006,0.048
854,0.0056608515,0.051319025,-0.006,0.096
855,0.00503511,0.05275551,-0.006,0.072
856,0.005924046,0.054703265,0.042,0.048
857,0.0015286598,0.06216222,0.006,0.096
858,0.0073504825,0.050125625,-0.012,0.024
859,0.0069470396,0.050161716,-0.018,0.102
860,0.002808981,0.07000752,-0.018,0.06
861,0.005127576,0.05238143,0.03,0.06
862,0.00591565,0.05157878,0.0,0.024
863,-0.028229872,0.08783944,-0.006,0.036
864,0.0061380463,0.05176701,0.018,0.084
865,0.006141618,0.051028363,-0.006,0.036
866,0.011185816,0.05870323,0.036,0.024
867,0.0047483826,0.050242864,0.018,0.06
868,0.00704177,0.051222213,0.03,0.06
869,0.025083367,0.05473444,0.03,0.06
870,0.0057845246,0.052087683,0.006,0.036
871,0.006030279,0.050712734,0.018,0.072
872,0.0074526668,0.05084582,-0.018,0.036
873,0.0040929783,0.05231047,-0.018,0.06
874,0.005997801,0.05145745,0.006,0.048
875,0.0122102965,0.056888267,0.036,0.012
876,0.0064567323,0.06126394,0.03,0.036
877,-0.017412752,0.07525578,0.006,0.072
878,-0.009587651,0.049624674,0.024,0.024
879,0.0049545956,0.05221274,-0.006,0.06
880,0.0009046518,0.046466336,0.006,0.036
881,0.008025735,0.049752224,0.018,0.06
882,0.0056675905,0.051726025,0.0,0.012
883,0.0037802225,0.052101605,0.012,0.024
884,0.0075752814,0.05135776,0.018,0.072
885,0.0065248227,0.05054915,0.006,0.084
886,0.008771996,0.05135076,0.006,0.096
887,0.0039996626,0.054085102,-0.03,0.102
888,0.0015233024,0.061044004,0.018,0.084
889,0.047332812,0.02752869,0.0,0.012
890,0.0060782516,0.050421126,-0.024,0.024
891,0.00593045,0.051023915,-0.018,0.102
892,0.005236547,0.051652,-0.018,0.06
893,0.007012512,0.049980022,0.006,0.084
894,0.0050323326,0.051738296,0.024,0.012
895,0.0053074826,0.05141592,-0.018,0.09
896,0.00597374,0.05241338,0.006,0.072
897,0.0034179767,0.05331564,0.018,0.072
898,0.008067765,0.043108735,0.0,0.024
899,0.007072553,0.050753016,0.018,0.072
900,0.0066177864,0.05022803,0.006,0.084
901,0.004863785,0.052691296,0.036,0.024
902,0.008378249,0.05129612,0.012,0.024
903,0.003987728,0.057062317,-0.012,0.024
904,0.0066891676,0.050178267,-0.006,0.072
905,0.0058165463,0.051056657,0.024,0.024
906,0.013914392,0.060010694,-0.018,0.048
907,-0.009254096,0.050350778,0.036,0.012
908,0.0051033697,0.052810863,0.006,0.036
909,0.024347296,0.076875314,0.006,0.084
910,0.008008484,0.049777407,0.042,0.048
911,0.0064208647,0.051023293,0.006,0.084
912,0.0061551523,0.051001262,0.03,0.036
913,0.004572591,0.05274105,-0.006,0.036
914,-0.0007034391,0.05030418,-0.018,0.036
915,0.0049449676,0.05145495,-0.018,0.072
916,0.0052332664,0.052167483,-0.006,0.084
917,-0.04937232,0.036791857,0.03,0.036
918,0.005776748,0.050940026,0.03,0.06
919,0.0071658185,0.05050912,0.018,0.06
920,0.0044782935,0.05195464,0.018,0.072
921,0.0047388626,0.05204492,0.024,0.024
922,-0.007591499,0.051071998,0.012,0.024
923,0.006772877,0.05029777,0.006,0.084
924,0.0019720588,0.056387655,-0.006,0.048
925,0.0105415955,0.039485924,-0.024,0.024
926,0.004812005,0.05321483,0.018,0.036
927,0.008104171,0.049876675,0.03,0.036
928,0.00926528,0.06095884,-0.018,0.09
929,0.0052697374,0.054305643,0.006,0.084
930,0.0044406923,0.053072643,0.018,0.036
931,0.007783334,0.05046886,-0.024,0.024
932,0.006424839,0.051102236,0.006,0.06
933,0.004581398,0.052853137,-0.006,0.096
934,0.0033564353,0.054105204,-0.018,0.06
935,0.015032543,0.053794365,0.018,0.036
936,0.0065995785,0.051409665,-0.006,0.06
937,0.0043352684,0.053172547,0.042,0.06
938,0.0075543625,0.053397052,0.006,0.06
939,-0.003420433,0.050794184,0.018,0.036
940,0.006291067,0.052456133,0.006,0.036
941,0.0074819764,0.051686417,-0.018,0.09
942,0.0055348123,0.052786108,0.0,0.024
943,0.01135673,0.065846145,0.0,0.024
944,0.0040093646,0.054072645,0.0,0.012
945,0.0052639544,0.051556017,0.006,0.036
946,0.00564697,0.061798967,-0.006,0.072
947,0.0076286322,0.0508149,0.012,0.012
948,0.007793607,0.05345404,0.042,0.06
949,-0.006123473,0.035761937,0.018,0.084
950,0.014895901,0.0521993,0.006,0.072
951,0.0005331086,0.060166895,0.018,0.06
952,0.0061344607,0.053049795,0.018,0.06
953,0.005954182,0.051418655,0.006,0.072
954,0.0076091914,0.05073498,0.006,0.072
955,0.0064981724,0.05106823,0.006,0.036
956,0.0077554877,0.050652195,-0.006,0.096
957,0.005000225,0.051710375,0.03,0.036
958,0.0058694677,0.05169505,0.03,0.048
959,0.0065356134,0.05085737,-0.018,0.102
960,0.012115726,0.03820216,0.006,0.036
961,0.003668583,0.027559161,0.024,0.024
962,0.0060581565,0.05175648,0.03,0.036
963,0.006322379,0.053274818,0.006,0.084
964,0.0031986441,0.057958115,0.03,0.06
965,0.007939099,0.05038332,0.03,0.06
966,0.027022585,0.048979916,-0.006,0.084
967,0.0065695234,0.054789677,0.006,0.096
968,0.0054572737,0.052875113,0.0,0.024
969,0.0053218245,0.052291967,0.03,0.048
970,0.0055529103,0.05180255,0.012,0.024
971,0.009283666,0.053637464,-0.018,0.048
972,0.005914665,0.05125112,0.018,0.072
973,0.0063008387,0.051406708,-0.006,0.084
974,0.0061219265,0.052065548,-0.024,0.024
975,-0.0122724455,0.037692387,0.042,0.06
976,-0.001170299,0.049294233,-0.018,0.036
977,0.005560588,0.052772727,-0.018,0.102
978,0.0058931094,0.05241574,-0.006,0.096
979,0.009753385,0.051807784,-0.018,0.06
980,0.005632721,0.051901355,0.036,0.024
981,0.0073761353,0.05068108,-0.018,0.036
982,0.007445361,0.049970668,0.012,0.024
983,-0.01730406,0.07371111,0.03,0.048
984,-0.016947942,0.00158941,0.03,0.036
985,0.0044975383,0.052569594,0.024,0.024
986,0.014486903,0.03893302,0.024,0.024
987,0.0059538865,0.052490186,-0.018,0.06
988,0.006125075,0.051259935,0.024,0.012
989,0.010188224,0.049657147,0.03,0.06
990,0.00458833,0.053167082,0.03,0.06
991,0.017309135,0.07045914,0.036,0.012
992,0.0067614177,0.050721355,0.036,0.024
993,0.006833942,0.051442906,-0.03,0.102
994,-0.038321473,0.09509522,0.006,0.072
995,0.017166264,0.055131063,0.012,0.024
996,0.012270359,0.057512883,0.03,0.048
997,-0.011348096,0.040683836,0.018,0.084
998,0.006513877,0.050560422,0.006,0.06
999,0.02070763,0.0846207,-0.006,0.06
1000,0.0016923575,0.058844913,0.006,0.084
1001,0.006537582,0.050989702,-0.018,0.09
1002,0.0024022362,0.05420489,-0.018,0.102
1003,-0.032165065,0.07568217,0.006,0.06
1004,-0.019332213,0.07353906,0.0,0.024
1005,0.00513259,0.05175087,-0.018,0.048
1006,0.0073319376,0.051265515,0.006,0.036
1007,0.012947385,0.060783815,0.0,0.012
1008,-0.00032129232,0.04632019,0.03,0.06
1009,0.003058351,0.052185524,-0.018,0.06
1010,0.005250253,0.052913386,-0.018,0.072
1011,0.005590115,0.051850528,0.006,0.06
1012,0.006904575,0.050479256,-0.006,0.06
1013,0.006640155,0.05202904,0.042,0.06
1014,-0.0005513672,0.048845656,0.03,0.06
1015,0.005873508,0.051832836,0.0,0.012
1016,0.0048744082,0.052491345,0.03,0.048
1017,0.018342596,0.05476462,0.006,0.036
1018,0.007257929,0.05021393,0.006,0.096
1019,0.008244078,0.051634323,0.006,0.06
1020,-0.0029618423,0.06707255,0.012,0.024
1021,0.0033281967,0.04970269,-0.024,0.024
1022,0.006482256,0.05110874,-0.006,0.096
1023,0.0059975823,0.0513184,0.018,0.06
1024,0.0065814527,0.05218381,-0.018,0.09
1025,0.006718372,0.051791877,0.018,0.06
1026,0.01576525,0.061180364,-0.018,0.09
1027,0.0075771348,0.050163373,0.036,0.024
1028,0.0066856253,0.050946236,0.006,0.096
1029,0.010589285,0.051921517,-0.006,0.048
1030,-0.03503611,0.098911196,-0.006,0.036
1031,0.006949273,0.050803687,0.042,0.048
1032,0.0027932604,0.051454246,0.006,0.048
1033,0.007657547,0.05028834,0.006,0.084
1034,-0.018717745,0.015240122,0.0,0.024
1035,-0.012647035,0.007829398,0.006,0.084
1036,0.011682255,0.0599616,-0.018,0.048
1037,0.0077381367,0.04321329,0.006,0.06
1038,-0.0019669393,0.04866651,0.036,0.012
1039,0.012899242,0.051957943,-0.018,0.036
1040,0.0062645744,0.051722188,0.006,0.048
1041,0.06580742,0.063924834,-0.018,0.072
1042,7.2373077e-06,0.065096155,-0.006,0.096
1043,0.00073737185,0.04915239,-0.03,0.102
1044,-0.008167359,0.04028172,0.03,0.048
1045,0.0057441993,0.052608833,0.012,0.012
1046,0.00643778,0.050795615,0.042,0.048
1047,0.0072664055,0.050920885,0.006,0.06
1048,0.0042856582,0.06784957,-0.018,0.06
1049,-0.026993845,0.051266935,0.018,0.06
1050,0.005877342,0.051442232,0.006,0.072
1051,0.0051613497,0.05214539,-0.024,0.024
1052,0.0033494541,0.049931265,-0.006,0.048
1053,0.0044541545,0.055174556,0.006,0.072
1054,0.007338545,0.05027377,-0.006,0.072
1055,0.0069584055,0.05064843,0.018,0.084
1056,0.006061745,0.05067831,-0.024,0.024
1057,-0.020692945,0.042141955,-0.024,0.024
1058,0.005754764,0.05132714,-0.018,0.072
1059,0.006042917,0.05023704,0.006,0.036
1060,0.0057376474,0.051341496,-0.006,0.072
1061,0.00700186,0.0501796,-0.006,0.048
1062,0.06483458,0.053848777,-0.018,0.06
1063,0.003574729,0.05293646,-0.006,0.072
1064,0.010778844,0.056433555,-0.018,0.06
1065,0.007051393,0.050346024,-0.018,0.072
1066,0.003111072,0.05061417,-0.006,0.048
1067,0.0069735805,0.050162286,0.0,0.012
1068,-0.001292807,0.050253324,0.03,0.048
1069,0.005791931,0.051815715,0.024,0.024
1070,-0.0013932157,0.05061905,-0.018,0.048
1071,0.007820591,0.050025236,0.006,0.084
1072,0.0075822943,0.050404254,-0.006,0.072
1073,-0.018608408,0.048528865,0.042,0.048
1074,0.014910249,0.060082965,0.006,0.096
1075,0.013956926,0.051959407,0.03,0.06
1076,0.007503654,0.053583656,0.018,0.084
1077,0.01104415,0.049878467,-0.03,0.102
1078,0.0047954833,0.052803997,-0.018,0.048
1079,0.004024466,0.052853055,-0.018,0.09
1080,0.009259161,0.052212004,-0.018,0.09
1081,0.004783078,0.051719457,0.018,0.084
1082,0.0073123877,0.04467261,0.0,0.024
1083,0.0013562087,0.062373217,-0.006,0.072
1084,0.0074256393,0.050489318,-0.006,0.072
1085,0.0044445717,0.056843482,0.018,0.06
1086,0.006054014,0.049546238,0.006,0.096
1087,-0.027010951,0.04110834,0.012,0.024
1088,-0.012353189,0.049922857,0.03,0.048
1089,0.0077309413,0.049976166,-0.006,0.048
1090,0.0119848205,0.051113024,-0.006,0.072
1091,0.0027630776,0.050679494,0.03,0.048
1092,0.004927054,0.051511455,0.018,0.084
1093,0.004420884,0.05372533,-0.012,0.024
1094,0.009203505,0.055439185,0.018,0.072
1095,0.02965917,0.07903795,-0.024,0.024
1096,0.005713596,0.066341065,-0.006,0.036
1097,0.0066294316,0.052430555,0.006,0.036
1098,0.009762145,0.05235236,0.042,0.048
1099,0.0074905287,0.052634746,0.006,0.084
1100,-0.0019538002,0.06562114,-0.006,0.06
1101,0.006878727,0.050766952,0.0,0.024
1102,0.0069999117,0.05000185,-0.018,0.036
1103,0.009175254,0.05919575,0.012,0.024
1104,0.004055632,0.05246972,-0.018,0.06
1105,0.004263373,0.05905027,0.024,0.012
1106,0.007859598,0.050065205,0.0,0.024
1107,0.005566228,0.05120913,-0.018,0.09
1108,0.004829791,0.05174395,0.006,0.036
1109,0.0049071372,0.05370753,0.0,0.012
1110,0.0067910505,0.0510299,0.018,0.072
1111,-0.0005835574,0.049908206,-0.006,0.084
1112,0.005789183,0.05206043,0.006,0.084
1113,0.009113098,0.05453013,-0.012,0.024
1114,0.0069288523,0.050472014,-0.024,0.024
1115,0.010173475,0.053316597,0.012,0.024
1116,0.0060504777,0.05122167,-0.018,0.09
1117,0.020693742,0.053191967,0.0,0.012
1118,0.0049982807,0.05293768,0.006,0.084
1119,0.0067017525,0.05075261,0.036,0.024
1120,0.0075035985,0.050261367,0.03,0.06
1121,0.0068444503,0.051460713,0.018,0.036
1122,0.0057624215,0.0513822,-0.018,0.036
1123,0.0059793633,0.052494768,0.018,0.072
1124,0.0025472455,0.058507808,0.006,0.06
1125,0.012977824,0.053245995,0.0,0.024
1126,0.0049884343,0.050347418,0.018,0.06
1127,0.005516948,0.052081164,-0.006,0.096
1128,0.0058452445,0.053049233,0.036,0.024
1129,0.0065099886,0.051284846,-0.012,0.024
1130,0.0050617526,0.05111053,0.012,0.024
1131,0.0053578652,0.052249502,-0.018,0.102
1132,0.006582262,0.051240288,-0.018,0.102
1133,0.0013519479,0.048860077,-0.03,0.102
1134,0.007851798,0.050066818,-0.012,0.024
1135,0.0032787058,0.052888166,-0.018,0.06
1136,0.0055033453,0.05162447,0.006,0.084
1137,0.013545539,0.059323523,0.006,0.036
1138,0.009537575,0.052985843,-0.018,0.072
1139,0.0066567427,0.053115934,0.03,0.06
1140,0.0065464675,0.052284013,-0.018,0.072
1141,0.0046319924,0.053455707,0.006,0.096
1142,0.0004670825,0.045109976,0.006,0.048
1143,0.028263718,0.051166747,0.03,0.06
1144,-0.0013499148,0.050022017,0.024,0.012
1145,0.0114418175,0.052047938,0.0,0.024
1146,-0.012008975,0.042302772,0.018,0.072
1147,0.0148380045,0.059856366,-0.024,0.024
1148,0.0045200465,0.054068245,0.006,0.06
1149,0.0046568564,0.05152204,0.006,0.048
1150,-0.0018513724,0.059155513,-0.012,0.024
1151,0.0049760574,0.052148994,0.03,0.06
1152,0.0074922075,0.050370816,-0.006,0.084
1153,0.006706722,0.050883576,0.0,0.024
1154,0.005952821,0.05208699,0.024,0.012
1155,0.0058585815,0.0508737,0.006,0.096
1156,0.008537348,0.053395234,-0.006,0.072
1157,0.0057284078,0.05083979,-0.018,0.072
1158,0.0067896694,0.05148566,-0.006,0.072
1159,0.024321951,0.08828606,0.006,0.096
1160,0.0034433831,0.050015077,-0.006,0.072
1161,0.012742896,0.05159428,0.012,0.012
1162,0.011152705,0.05108482,-0.006,0.048
1163,0.013239884,0.05481474,0.012,0.024
1164,0.0050354316,0.053570285,-0.006,0.096
1165,0.0051420564,0.050980516,-0.012,0.024
1166,0.007897534,0.056819748,0.018,0.06
1167,-0.0049695047,0.043480456,0.006,0.084
1168,0.0061767735,0.051109917,0.018,0.036
1169,-0.00017752033,0.046092544,0.036,0.024
1170,0.006485762,0.0508199,-0.03,0.102
1171,0.0033500474,0.05227041,0.03,0.048
1172,0.0067720385,0.053251896,-0.03,0.102
1173,0.027378203,0.08347062,-0.006,0.036
1174,0.059607677,0.04044605,0.03,0.048
1175,0.00590826,0.05188223,0.018,0.084
1176,0.016190294,0.04929482,0.012,0.024
1177,0.0075612366,0.050082568,0.012,0.012
1178,0.005547782,0.053133402,-0.006,0.06
1179,0.0026230235,0.051578462,-0.006,0.096
1180,0.00564671,0.051667232,0.012,0.024
1181,-0.017902074,0.0501285,-0.006,0.072
1182,0.0062606516,0.05079582,0.006,0.048
1183,0.0063176686,0.051903374,0.03,0.036
1184,0.0049910415,0.052334934,-0.006,0.036
1185,0.01424912,0.051278308,0.018,0.06
1186,0.0071570133,0.05227839,0.042,0.06
1187,0.0017573079,0.050529737,-0.018,0.036
0,0.006846288,0.052412596,0.0,0.012
1,0.0046083634,0.052126158,-0.006,0.06
2,0.005952806,0.052031633,0.036,0.012
3,0.005368507,0.052205548,0.006,0.072
4,-0.021895612,0.06880848,-0.006,0.06
5,-0.002234091,0.054789685,0.006,0.048
6,0.011867385,0.060608253,0.036,0.012
7,0.0067487983,0.04546136,-0.006,0.06
8,0.004619793,0.055432845,-0.012,0.024
9,0.005856941,0.05114544,0.0,0.024
10,0.006826707,0.05032084,0.018,0.06
11,0.0055411896,0.05063592,-0.018,0.102
12,0.0046322313,0.052341353,-0.018,0.036
13,0.0042775744,0.051788285,-0.018,0.048
14,0.0052799997,0.051455084,-0.018,0.06
15,0.007854273,0.050769124,-0.006,0.084
16,0.003088165,0.05906821,0.018,0.036
17,0.0037003946,0.05048863,-0.006,0.048
18,0.010319317,0.05446995,0.006,0.06
19,0.00085212756,0.0646567,0.018,0.072
20,0.007032122,0.0511952,-0.03,0.102
21,-0.051536296,0.038172267,0.006,0.06
22,0.0012499853,0.061074317,0.024,0.024
23,0.0045316108,0.05244335,0.006,0.072
24,-0.0010088314,0.05029322,0.012,0.024
25,0.0067743524,0.050801095,0.012,0.012
26,0.0053401794,0.05160763,0.036,0.012
27,0.006611468,0.05466423,-0.006,0.084
28,0.0061472775,0.051236406,-0.018,0.09
29,0.013806539,0.057879478,0.024,0.024
30,0.005223005,0.053273804,-0.006,0.072
31,0.009040696,0.05916091,0.0,0.012
32,0.005865872,0.05141326,-0.006,0.096
33,-0.0041916184,0.027264075,-0.018,0.09
34,0.00551291,0.052163303,0.018,0.084
35,0.0052932976,0.053069882,-0.006,0.072
36,0.0046661375,0.05165118,0.03,0.048
37,0.0045740004,0.057670597,-0.024,0.024
38,0.0073703816,0.051220745,0.006,0.096
39,0.0073334486,0.050424974,-0.006,0.072
40,-0.009368589,0.06284586,0.024,0.024
41,0.0044608605,0.052304037,-0.018,0.048
42,0.0070654983,0.05200185,0.012,0.024
43,0.0070663355,0.05127382,-0.006,0.036
44,0.006455723,0.051251628,0.03,0.048
45,-0.0023113517,0.045265082,0.0,0.024
46,-0.012091387,0.06595884,0.024,0.024
47,0.004315652,0.0523222,0.0,0.024
48,0.0059846453,0.051541235,-0.006,0.036
49,0.016771898,0.06322673,-0.018,0.036
50,0.014458686,0.04879851,0.012,0.024
51,0.006027069,0.051499873,-0.018,0.102
52,0.025769642,0.07737239,-0.03,0.102
53,0.0055998415,0.051467475,0.006,0.084
54,0.0049285167,0.05214072,0.042,0.048
55,-0.0080530755,0.02907833,0.036,0.024
56,0.005493475,0.051586077,-0.018,0.036
57,0.019807503,0.05576078,0.036,0.024
58,0.009267459,0.04865342,0.03,0.048
59,0.006631314,0.05100846,0.006,0.096
60,0.006112605,0.05089092,-0.006,0.084
61,-0.0011091987,0.045687374,-0.012,0.024
62,0.009141754,0.050892632,0.018,0.06
63,0.0065455944,0.053630907,0.03,0.06
64,0.0023825602,0.060124308,0.024,0.024
65,0.0070138676,0.051137086,-0.006,0.036
66,-0.021057012,0.07008502,0.006,0.084
67,0.006296559,0.052899696,0.036,0.012
68,0.0033756457,0.054591052,0.024,0.024
69,0.004585405,0.053754456,-0.03,0.102
70,0.008674988,0.050622705,0.006,0.072
71,0.0067521217,0.051850453,0.006,0.036
72,0.0068146223,0.050868057,0.03,0.048
73,0.0087095555,0.052137855,-0.006,0.096
74,0.005002163,0.05339337,0.03,0.036
75,0.005552084,0.05203678,0.024,0.024
76,0.0053878464,0.054565705,0.0,0.024
77,0.00614544,0.051109962,-0.006,0.036
78,0.005444933,0.052160066,-0.006,0.084
79,0.0052059023,0.053708013,-0.006,0.084
80,0.005550831,0.052301064,0.006,0.048
81,0.0065637436,0.051710114,-0.018,0.102
82,0.0057184147,0.050395414,-0.006,0.06
83,0.04309934,0.036093593,0.03,0.06
84,0.007146312,0.050712917,-0.006,0.084
85,-0.011352389,0.044871,-0.018,0.09
86,0.004172846,0.05338914,0.03,0.06
87,0.005167139,0.052171946,0.03,0.06
88,0.005793238,0.051872145,0.024,0.012
89,0.0052662455,0.052107148,-0.006,0.096
90,0.007500904,0.050597254,-0.018,0.072
91,0.00666523,0.051828273,-0.018,0.06
92,0.006930953,0.051249113,-0.006,0.048
93,0.010377814,0.052762542,0.036,0.024
94,0.0063651903,0.05226183,0.03,0.048
95,-0.011845028,0.049478535,0.018,0.036
96,0.0037401575,0.05137053,-0.006,0.096
97,0.005323401,0.05232806,-0.006,0.072
98,0.0068455394,0.051289387,-0.018,0.048
99,0.00461052,0.05270429,0.042,0.048
100,0.0033473745,0.046042696,0.006,0.084
101,0.004936046,0.052586243,0.006,0.06
102,0.0048458613,0.05170157,-0.006,0.096
103,0.00636023,0.052047238,0.024,0.024
104,0.007739871,0.04046283,0.012,0.024
105,0.007110968,0.051100317,0.012,0.024
106,0.042285133,0.04617075,-0.03,0.102
107,-0.0015706131,0.05460622,-0.006,0.072
108,0.0043339645,0.05153159,0.006,0.036
109,0.0049974667,0.052087225,0.036,0.024
110,0.016971508,0.05249041,-0.018,0.09
111,0.0066928994,0.04366336,-0.012,0.024
112,0.005975887,0.050862398,0.006,0.036
113,0.0034406227,0.053576212,0.006,0.072
114,0.0057077454,0.051755186,0.006,0.084
115,-0.003220072,0.051189505,0.036,0.012
116,0.002894726,0.05580471,0.018,0.06
117,0.005892633,0.051981494,0.024,0.012
118,0.007620467,0.050697997,-0.03,0.102
119,0.011391071,0.055780698,-0.018,0.09
120,-0.0049945684,0.061463505,0.006,0.06
121,-0.0051799254,0.047308195,-0.006,0.072
122,0.009606846,0.051477723,0.036,0.024
123,0.0051608374,0.051390864,0.036,0.012
124,0.0063402248,0.051305987,0.03,0.036
125,0.00277363,0.050166436,-0.018,0.09
126,0.005325037,0.052378405,-0.018,0.102
127,0.008372495,0.053050093,0.0,0.012
128,0.007826558,0.0552453,-0.018,0.072
129,0.0049823085,0.05207598,0.03,0.048
130,0.0061179213,0.05251966,0.006,0.036
131,0.010874758,0.056101684,0.036,0.012
132,0.007454477,0.050946936,0.036,0.012
133,0.004991686,0.052646965,0.042,0.048
134,0.006088887,0.052421052,0.006,0.072
135,0.0063046156,0.052708197,0.036,0.024
136,0.0041566696,0.053231977,-0.024,0.024
137,0.0057121627,0.051845495,0.006,0.048
138,0.0066737114,0.051872507,-0.006,0.06
139,0.020631941,0.060254425,-0.018,0.102
140,0.036597975,0.046362765,0.018,0.036
141,0.004929873,0.053401865,0.012,0.012
142,-0.06988408,0.029981075,0.006,0.036
143,0.0071318075,0.050740607,-0.006,0.06
144,0.0061854534,0.051062707,0.0,0.024
145,0.027043784,0.048563916,0.0,0.012
146,8.068839e-05,0.04542969,-0.018,0.072
147,0.0021352796,0.047340836,0.012,0.024
148,0.0057654865,0.05158402,0.012,0.024
149,-0.006010712,0.052356526,0.024,0.012
150,0.006998203,0.05038904,0.006,0.048
151,0.0012492463,0.04797786,0.03,0.06
152,0.019000364,0.050590094,0.012,0.024
153,0.005257422,0.051386114,-0.006,0.072
154,0.0057193213,0.05257592,-0.018,0.072
155,0.0050590895,0.05215067,0.024,0.012
156,0.0066516623,0.05508793,0.03,0.036
157,0.0043990505,0.05227168,-0.024,0.024
158,0.006853377,0.050480533,0.03,0.036
159,0.0056008757,0.05125804,-0.018,0.06
160,0.0067458344,0.051068533,0.018,0.06
161,0.006860684,0.052087694,-0.006,0.036
162,0.0054747984,0.052088797,-0.006,0.096
163,-0.008167654,0.06724976,-0.006,0.096
164,0.004383312,0.052570872,0.0,0.024
165,0.006420728,0.05180093,-0.018,0.09
166,0.0070892256,0.05071227,-0.018,0.048
167,0.0045950715,0.053506006,0.006,0.048
168,0.0074294456,0.050869413,-0.018,0.072
169,-0.01014331,0.049279146,0.0,0.024
170,0.0031034634,0.060243115,0.006,0.036
171,0.008174145,0.0509389,-0.018,0.048
172,0.013407007,0.023674032,0.006,0.084
173,0.010990156,0.05307102,0.036,0.024
174,0.0030323286,0.054361023,0.042,0.06
175,-0.03844353,0.047402494,0.018,0.084
176,0.0077857864,0.062868565,0.006,0.06
177,0.005982302,0.050868567,-0.024,0.024
178,0.003851669,0.050933108,-0.018,0.102
179,0.0072261756,0.060126327,-0.018,0.048
180,0.00047243014,0.052890796,0.03,0.06
181,0.012664463,0.052162495,-0.024,0.024
182,0.00022728229,0.06502926,-0.018,0.036
183,0.006192103,0.051207513,0.006,0.036
184,0.007836216,0.05902551,0.012,0.012
185,0.007683736,0.050293356,-0.018,0.072
186,0.009392876,0.061078694,0.03,0.06
187,0.0066846237,0.051824722,-0.006,0.084
188,0.0059514525,0.05256366,0.006,0.072
189,0.005943128,0.051406544,0.042,0.06
190,0.00660204,0.05086998,0.024,0.024
191,0.006557688,0.05195752,0.018,0.036
192,0.006005993,0.051650118,0.006,0.06
193,0.007214698,0.05476462,-0.006,0.048
194,0.004256519,0.06238429,0.012,0.024
195,0.004689802,0.05338586,0.006,0.036
196,0.0052342634,0.052215442,-0.006,0.072
197,0.0065181823,0.051596273,-0.006,0.06
198,0.00477589,0.05479428,-0.024,0.024
199,0.0064472184,0.050462827,0.006,0.084
200,0.0074811783,0.05068411,0.024,0.024
201,0.0059685274,0.051766813,-0.018,0.072
202,0.007734441,0.0501474,0.012,0.012
203,0.0067066904,0.050708216,0.006,0.036
204,0.006718425,0.05026117,-0.006,0.072
205,0.010363398,0.058559246,-0.006,0.096
206,0.007861025,0.03907664,-0.018,0.06
207,0.011325948,0.052394893,0.036,0.012
208,0.0054063764,0.05273694,0.018,0.072
209,0.006206822,0.05076777,0.0,0.024
210,0.012100994,0.052232094,-0.03,0.102
211,0.0050687445,0.052332938,0.03,0.048
212,0.01322127,0.066270865,0.006,0.084
213,0.0034822626,0.05301861,0.042,0.06
214,0.003095766,0.061287865,0.042,0.06
215,0.002559259,0.06034815,0.018,0.06
216,0.004913171,0.054097053,0.03,0.06
217,0.0049417233,0.05285754,-0.018,0.102
218,0.007756527,0.05046125,0.006,0.048
219,0.0061886706,0.051060505,-0.018,0.036
220,0.006098254,0.051357917,-0.018,0.102
221,0.007220447,0.05143903,-0.006,0.072
222,-0.01706751,0.05029739,0.018,0.072
223,0.004933863,0.052190408,-0.006,0.06
224,0.0063537583,0.051179573,-0.006,0.096
225,0.0075814757,0.05040451,0.0,0.012
226,0.0060694986,0.050936405,-0.018,0.036
227,0.0082808025,0.052997276,0.03,0.048
228,0.0074623656,0.04718607,0.0,0.012
229,0.0012454498,0.046338066,-0.006,0.036
230,0.0063561713,0.048345525,0.006,0.084
231,0.0049450104,0.053264868,0.036,0.024
232,0.0062271953,0.052325036,0.006,0.096
233,0.0071663503,0.050852966,0.036,0.012
234,0.007883632,0.0503995,-0.018,0.048
235,0.007842257,0.050698582,0.042,0.048
236,0.020237016,0.053141166,0.018,0.036
237,-0.0024900148,0.05788968,0.0,0.012
238,0.0051725158,0.051489357,0.018,0.06
239,0.006854088,0.051143106,0.012,0.012
240,0.006963156,0.051998124,0.006,0.06
241,0.0125057,0.053296376,0.03,0.036
242,0.005914377,0.051801234,-0.006,0.096
243,0.0059128264,0.051460408,-0.006,0.036
244,0.005583612,0.055227377,-0.006,0.072
245,-0.0068184976,0.051295243,0.03,0.048
246,0.009465212,0.05721814,0.024,0.012
247,0.013404786,0.050097443,0.006,0.096
248,0.0035189595,0.05150777,-0.006,0.048
249,0.007146311,0.050834358,-0.018,0.102
250,0.003993075,0.055558886,-0.018,0.036
251,-0.004784939,0.062032364,0.012,0.024
252,0.007275935,0.050530363,0.03,0.048
253,0.0059182537,0.05151795,-0.018,0.09
254,0.0071271397,0.050507788,-0.018,0.102
255,0.005277979,0.05203014,0.018,0.06
256,0.007046685,0.0509046,0.042,0.06
257,0.005683588,0.05204197,-0.006,0.072
258,0.009328932,0.050944258,0.042,0.06
259,0.0074795648,0.050909992,0.03,0.06
260,0.005041574,0.051768295,0.006,0.072
261,0.007960514,0.04999228,-0.006,0.036
262,0.004716995,0.05310726,0.006,0.072
263,0.006349878,0.051449835,-0.006,0.096
264,0.007644411,0.050121095,-0.006,0.048
265,0.010249713,0.05908359,0.036,0.024
266,0.0064264303,0.050524108,0.006,0.048
267,0.007677884,0.05060934,0.006,0.072
268,0.04958254,0.03840848,-0.006,0.06
269,0.0051488434,0.05071881,0.024,0.024
270,0.0055330917,0.051191613,0.03,0.036
271,0.0029562293,0.06339519,-0.006,0.048
272,0.0099696405,0.051696666,-0.012,0.024
273,0.0064556357,0.05036033,-0.006,0.06
274,0.0062809098,0.050502222,-0.024,0.024
275,0.0076178857,0.04998481,-0.018,0.09
276,0.004022145,0.05131445,0.0,0.024
277,0.0060880585,0.05150283,-0.018,0.09
278,0.0060905386,0.052683488,0.006,0.06
279,-0.014426542,0.048774436,0.018,0.036
280,0.0026713721,0.050068464,0.03,0.036
281,0.0066712247,0.052020524,0.036,0.024
282,0.006484425,0.05071402,-0.018,0.102
283,0.005227043,0.052138537,-0.018,0.102
284,0.0046566706,0.05162841,-0.006,0.048
285,0.006496518,0.051252868,0.018,0.06
286,0.0068414225,0.051787287,-0.018,0.036
287,0.0068366374,0.050180864,0.024,0.012
288,0.0058917315,0.05151317,0.006,0.096
289,0.0010494334,0.067858376,0.036,0.012
290,0.004378772,0.051938705,-0.018,0.06
291,0.015523346,0.048945867,0.036,0.024
292,0.01061829,0.05480332,0.036,0.024
293,0.006212415,0.051355883,-0.006,0.084
294,0.005531825,0.050844368,-0.006,0.036
295,0.0094563635,0.050536443,0.012,0.024
296,0.0069990745,0.051076654,-0.006,0.048
297,0.00052711833,0.05014626,-0.024,0.024
298,0.006905393,0.051391713,-0.012,0.024
299,0.0066129016,0.05037169,-0.018,0.09
300,0.0064343894,0.05009799,-0.024,0.024
301,0.014730552,0.07271405,0.006,0.084
302,0.018684503,0.05281068,-0.006,0.036
303,0.006707273,0.05110006,-0.006,0.048
304,0.007022474,0.051290907,-0.018,0.09
305,0.00613751,0.051901694,0.006,0.072
306,0.0033624428,0.046722855,0.03,0.06
307,0.013501626,0.06068597,0.018,0.072
308,0.005565362,0.051854786,-0.018,0.102
309,0.0020309244,0.06853022,-0.006,0.084
310,0.007824846,0.05069145,0.03,0.06
311,0.0056492947,0.05137709,-0.018,0.036
312,0.006640934,0.052059986,0.012,0.024
313,0.014972001,0.053261694,-0.018,0.102
314,0.0057463394,0.050578397,-0.018,0.048
315,0.0071637947,0.05037699,0.006,0.072
316,0.013307549,0.050363235,-0.018,0.06
317,0.0074902214,0.050703153,0.03,0.06
318,0.0069253193,0.051332384,-0.018,0.09
319,0.0061778286,0.051402573,0.018,0.084
320,0.004881798,0.052689914,-0.018,0.09
321,0.005935553,0.0518529,0.006,0.084
322,0.0020389664,0.06124188,-0.006,0.072
323,0.005120462,0.053123526,0.042,0.06
324,-0.005279933,0.046072684,-0.018,0.036
325,0.014890502,0.044977047,-0.006,0.036
326,0.006151785,0.051240124,0.03,0.06
327,0.0032051457,0.04979237,-0.03,0.102
328,0.006449673,0.051470272,0.024,0.012
329,0.006414573,0.050819576,-0.006,0.048
330,0.0058582216,0.05144467,-0.006,0.06
331,0.011965394,0.057375085,0.006,0.072
332,0.008247465,0.050558284,-0.006,0.096
333,0.006595502,0.050914567,0.036,0.024
334,0.010083101,0.05176817,0.03,0.06
335,0.0068724705,0.050828386,0.012,0.024
336,0.005207644,0.05224041,0.018,0.084
337,0.0065129986,0.052425984,-0.018,0.09
338,0.005608711,0.05257973,0.042,0.048
339,0.0048169373,0.051604085,-0.018,0.072
340,0.0097104525,0.052596547,-0.006,0.036
341,0.0061126957,0.050812062,-0.006,0.084
342,0.0054654833,0.05165502,0.006,0.084
343,0.010651216,0.059717484,-0.006,0.036
344,0.005731445,0.05303789,0.012,0.024
345,0.0033602603,0.050245162,-0.006,0.048
346,0.006766103,0.05007066,-0.006,0.048
347,0.0069383937,0.05100635,0.018,0.072
348,0.012442057,0.050829574,-0.018,0.06
349,0.0055474034,0.050572056,-0.018,0.102
350,0.004496911,0.050849337,0.024,0.012
351,0.003498666,0.05556,0.006,0.096
352,0.006199255,0.050090164,0.042,0.06
353,0.0058265524,0.051529966,0.024,0.012
354,0.009631939,0.05172213,0.012,0.012
355,0.0038641386,0.052204315,0.018,0.036
356,0.006938396,0.0511691,-0.03,0.102
357,0.00545877,0.051594056,0.018,0.036
358,0.0059312163,0.05159734,0.018,0.036
359,0.006184303,0.05161948,0.042,0.06
360,0.00770833,0.04991473,-0.006,0.06
361,0.0059198905,0.05089315,0.0,0.012
362,0.0051554693,0.051375266,-0.006,0.048
363,0.013888974,0.054092355,-0.006,0.036
364,0.0025001462,0.06435107,0.018,0.06
365,0.010886938,0.029969724,-0.006,0.048
366,0.0064688106,0.05061016,0.0,0.024
367,0.0034794938,0.048585303,-0.006,0.06
368,0.0074594393,0.050281893,0.024,0.012
369,0.005424831,0.050408162,0.0,0.012
370,0.0064196917,0.05408974,0.006,0.096
371,0.007879299,0.055407837,0.03,0.06
372,-0.002280713,0.031276792,0.018,0.084
373,0.00706847,0.05095807,-0.006,0.096
374,0.006927444,0.0498056,-0.03,0.102
375,-0.005542164,0.046530552,0.006,0.036
376,0.007160526,0.0507474,-0.006,0.072
377,0.002730398,0.055860102,0.024,0.024
378,0.004611172,0.051019818,0.006,0.084
379,0.0051594162,0.055198736,-0.006,0.072
380,0.0051959725,0.05184568,-0.006,0.072
381,0.005441792,0.04983372,0.006,0.072
382,0.0058162482,0.050326254,0.018,0.084
383,0.0053611845,0.050545923,-0.006,0.072
384,0.005165648,0.051882353,0.018,0.072
385,0.0054102633,0.050605014,-0.006,0.036
386,0.0111812055,0.06561281,-0.018,0.036
387,0.005799089,0.05305265,-0.018,0.048
388,0.005514259,0.050489,0.0,0.024
389,-0.002400958,0.041581437,0.024,0.012
390,0.006104056,0.050849516,0.024,0.024
391,0.006222489,0.050255712,0.006,0.084
392,0.0031833807,0.059388846,0.012,0.012
393,0.0009029927,0.054190017,-0.006,0.084
394,0.0076426133,0.050048687,-0.006,0.048
395,0.0046165343,0.052187018,0.042,0.06
396,0.019378675,0.05213867,-0.006,0.048
397,0.0045907195,0.050903548,-0.006,0.072
398,0.005655459,0.050047148,-0.018,0.06
399,0.0060448996,0.051155064,0.036,0.012
400,0.0066385446,0.05142684,-0.006,0.084
401,0.0070521086,0.05095946,-0.006,0.096
402,0.0045935875,0.051055823,0.006,0.072
403,0.0055407733,0.050613865,0.018,0.036
404,0.0056562326,0.050606877,0.006,0.036
405,0.006560049,0.050285988,-0.018,0.048
406,0.00019927695,0.048320577,-0.024,0.024
407,0.008914169,0.041724257,0.042,0.06
408,0.009984202,0.056374997,-0.018,0.072
409,0.033089854,0.05716429,0.036,0.024
410,0.006068882,0.04683928,0.018,0.036
411,0.0044433074,0.05143864,0.036,0.012
412,0.0059307595,0.052049708,-0.006,0.072
413,0.0065576704,0.05004507,-0.006,0.096
414,0.006582865,0.05101082,-0.018,0.072
415,-0.008243538,0.049444553,-0.018,0.072
416,0.006318724,0.051957026,0.018,0.06
417,0.005602531,0.05048682,0.024,0.012
418,0.005867406,0.05042164,0.042,0.048
419,0.0064780354,0.050447248,0.006,0.084
420,0.005875854,0.051222473,-0.006,0.048
421,0.005758308,0.051480062,0.024,0.024
422,0.0062222444,0.050969653,-0.006,0.06
423,0.012554158,0.05167512,-0.006,0.096
424,0.006585587,0.050054323,0.018,0.084
425,0.006769066,0.052333593,0.006,0.072
426,0.0031318828,0.052930605,-0.018,0.036
427,0.0063696057,0.051884986,-0.024,0.024
428,0.00627476,0.050782308,0.018,0.06
429,0.005268978,0.052644365,-0.006,0.072
430,0.006058831,0.050517507,0.024,0.024
431,0.00531511,0.052337784,0.018,0.084
432,-0.004575408,0.050950132,0.018,0.084
433,0.0066628186,0.050357446,-0.006,0.06
434,-0.0012309989,0.04384197,-0.024,0.024
435,0.019430846,0.049129132,-0.006,0.048
436,0.004638564,0.063388735,0.042,0.06
437,0.0060240394,0.051584136,0.042,0.06
438,0.004937933,0.0509804,-0.03,0.102
439,0.0058128196,0.050552845,-0.006,0.072
440,0.006573119,0.050285902,0.006,0.06
441,0.0058738412,0.04943056,0.042,0.048
442,0.016318046,0.053271763,0.03,0.036
443,0.006702152,0.051773615,0.006,0.072
444,0.00452593,0.050861456,-0.012,0.024
445,0.013980206,0.052005608,0.024,0.024
446,0.005344904,0.051522277,0.018,0.036
447,-0.0009646993,0.058766708,0.006,0.036
448,0.007272316,0.05080825,0.024,0.012
449,0.007424012,0.050401613,0.006,0.084
450,0.0068892217,0.05087419,0.024,0.012
451,-0.0069027706,0.08172317,-0.024,0.024
452,-0.0007651807,0.06078337,0.03,0.06
453,0.006093437,0.05054126,0.03,0.06
454,0.0043562143,0.05814681,0.042,0.048
455,0.0054609003,0.050806444,0.018,0.084
456,0.0056978296,0.051861662,0.024,0.012
457,0.0062225605,0.05058875,-0.006,0.048
458,0.0074413214,0.057210054,0.03,0.048
459,0.0043848907,0.052773412,0.03,0.06
460,-0.020479288,0.056740187,-0.006,0.036
461,0.0117099555,0.052193798,-0.018,0.036
462,0.01080197,0.05471844,0.036,0.024
463,0.007349095,0.05048601,0.006,0.048
464,-0.003949791,0.071951024,0.042,0.048
465,0.0073247617,0.05086336,0.03,0.048
466,-0.0030590668,0.045627862,-0.006,0.048
467,0.0051455665,0.05061583,0.0,0.012
468,0.006256708,0.0505751,0.012,0.012
469,0.004582502,0.049729247,0.036,0.024
470,-0.015014761,0.052609675,-0.006,0.084
471,0.013162456,0.05334489,0.018,0.06
472,0.019975772,0.052600767,0.03,0.048
473,0.01276538,0.051955186,-0.024,0.024
474,0.015989333,0.049477793,-0.03,0.102
475,0.007225882,0.050570995,0.006,0.036
476,0.006596534,0.052233692,0.018,0.084
477,0.006589723,0.04981878,0.036,0.024
478,0.008812851,0.052795805,0.0,0.024
479,0.0075742686,0.053261902,0.042,0.06
480,0.006540689,0.051503114,-0.006,0.06
481,0.006468193,0.05641399,0.036,0.012
482,0.004953244,0.058708496,0.03,0.036
483,0.015946642,0.08382404,-0.006,0.06
484,1.0169111e-05,0.06718783,-0.006,0.096
485,-0.0011242796,0.049308017,-0.018,0.036
486,0.007167244,0.05090503,-0.018,0.102
487,0.012015463,0.05777576,-0.018,0.09
488,0.005812901,0.052204788,0.036,0.024
489,0.005805461,0.05118806,-0.018,0.036
490,0.012423385,0.05937209,-0.006,0.048
491,0.0071430514,0.050783224,0.012,0.024
492,0.007253744,0.050909955,-0.006,0.096
493,0.0056957044,0.051989272,0.042,0.048
494,0.0067023477,0.04792584,0.018,0.06
495,0.009646086,0.051417597,-0.006,0.072
496,0.0070289057,0.050209105,-0.018,0.036
497,0.005806368,0.051314026,-0.018,0.09
498,0.0064127343,0.05221013,0.024,0.012
499,0.006772077,0.05271018,0.018,0.06
500,0.0062345434,0.052385513,-0.006,0.06
501,0.0035855202,0.053873792,0.03,0.036
502,0.005709393,0.0756959,0.018,0.072
503,0.0060985056,0.051165245,-0.006,0.06
504,0.004846926,0.052073892,0.012,0.012
505,0.0056755524,0.05195643,-0.018,0.036
506,0.009169655,0.051954474,-0.006,0.036
507,0.0057033263,0.052618228,0.006,0.084
508,0.013377467,0.05126687,0.036,0.024
509,0.009253865,0.0509342,0.006,0.084
510,0.007133222,0.05078534,0.006,0.06
511,0.008831382,0.06207362,0.012,0.024
512,0.006079389,0.051865716,0.012,0.012
513,-0.0009934078,0.05097834,-0.024,0.024
514,0.0071081175,0.051374335,0.006,0.096
515,0.0037184586,0.050288502,0.042,0.048
516,-0.0030789883,0.047583845,-0.018,0.048
517,0.019808196,0.06933398,0.024,0.012
518,0.015439553,0.064070605,-0.018,0.06
519,0.013085425,0.054572996,-0.018,0.09
520,0.005067342,0.05307741,0.036,0.024
521,0.005710547,0.053102236,0.03,0.036
522,-0.008533492,0.06531044,-0.018,0.036
523,0.013527604,0.06390468,-0.006,0.072
524,0.005389394,0.051384296,-0.006,0.036
525,0.00563733,0.052790202,0.03,0.036
526,-0.011845952,0.049720544,0.012,0.024
527,0.0067514307,0.05111946,0.006,0.036
528,0.0073705544,0.0510322,0.018,0.084
529,0.016290817,0.054940075,-0.006,0.084
530,0.007257927,0.05122584,-0.018,0.102
531,0.0047590835,0.05873497,0.012,0.012
532,0.0070401914,0.0510376,-0.018,0.048
533,0.0128394645,0.0539916,0.006,0.036
534,0.0058519007,0.051209398,-0.018,0.09
535,0.016789094,0.07658596,0.006,0.048
536,0.014887745,0.054392252,0.006,0.048
537,0.005038971,0.052444573,0.006,0.048
538,-0.009107171,0.050367847,-0.024,0.024
539,0.009885872,0.052351583,-0.024,0.024
540,-0.0018675951,0.052281093,0.03,0.036
541,0.0046803234,0.05331653,0.03,0.048
542,0.0049435734,0.051760443,0.042,0.06
543,0.013089781,0.05218656,0.024,0.024
544,0.011433944,0.054582328,0.03,0.036
545,0.0042131986,0.052961748,0.006,0.084
546,-0.017671492,0.049038965,0.03,0.06
547,0.00378052,0.050276935,0.006,0.096
548,0.0072860913,0.05095481,0.006,0.084
549,0.010203723,0.0504254,-0.018,0.102
550,0.0055294516,0.052208796,0.03,0.048
551,0.0058472333,0.0521747,0.018,0.06
552,-0.027804099,0.025226893,0.0,0.024
553,0.007082862,0.051305585,0.03,0.06
554,0.00741186,0.0532747,-0.018,0.09
555,0.006366232,0.052801494,0.036,0.012
556,0.013569952,0.05306606,-0.018,0.06
557,0.0050248196,0.051690012,-0.018,0.036
558,0.0043579955,0.05413095,-0.018,0.048
559,0.005761292,0.051038582,-0.018,0.072
560,0.0056144213,0.052133992,0.03,0.06
561,0.008234588,0.043133356,0.006,0.096
562,0.0063852696,0.0516843,-0.018,0.036
563,0.0063276826,0.052388072,0.006,0.06
564,0.0058754506,0.052613568,-0.012,0.024
565,0.005231885,0.05358754,0.036,0.012
566,0.005016418,0.052505404,-0.018,0.036
567,0.0059505748,0.05309498,-0.018,0.09
568,0.0060441867,0.051540025,0.012,0.024
569,0.0060648704,0.051859543,0.018,0.084
570,0.0059269797,0.05203392,-0.018,0.06
571,0.0059817126,0.05331937,0.018,0.06
572,0.0056900084,0.053425264,-0.018,0.036
573,0.006130564,0.05168743,-0.006,0.096
574,-0.01757671,0.075483255,0.03,0.036
575,0.0077117695,0.050317734,0.006,0.06
576,0.017232392,0.054548863,-0.006,0.048
577,0.006204084,0.051308215,0.006,0.06
578,0.0057519902,0.051546525,-0.018,0.102
579,0.007018548,0.051515415,0.03,0.036
580,0.00564546,0.05265504,0.024,0.012
581,0.006418651,0.05055672,0.03,0.06
582,0.0060556857,0.050698247,-0.018,0.09
583,0.0053806147,0.051916063,0.006,0.096
584,0.007018978,0.050417863,0.03,0.06
585,0.010420688,0.027503543,-0.012,0.024
586,0.010422271,0.055764087,0.036,0.012
587,0.00608974,0.054221332,0.03,0.06
588,0.0017376831,0.052990977,0.012,0.012
589,-0.02005185,0.06234763,0.0,0.012
590,0.0049721254,0.052943435,-0.006,0.072
591,-0.0068099806,0.039033316,0.012,0.012
592,0.006607068,0.05202946,0.036,0.012
593,0.0055274763,0.05333161,0.024,0.024
594,0.0061081257,0.051327046,0.018,0.084
595,0.0035093469,0.06395352,-0.018,0.102
596,0.015738394,0.0688892,0.024,0.024
597,0.0068943608,0.051713288,-0.018,0.072
598,0.0049855737,0.05243284,0.018,0.06
599,-0.011813564,0.050556272,0.018,0.06
600,0.0083826585,0.052711606,-0.006,0.036
601,0.006120384,0.051046096,0.006,0.048
602,0.0029630456,0.052263595,0.036,0.024
603,0.0032400875,0.051388163,-0.018,0.036
604,0.0042604697,0.05358678,-0.03,0.102
605,0.0057518035,0.05103799,0.006,0.036
606,0.005376403,0.052237436,0.012,0.024
607,0.008670991,0.05330484,-0.006,0.06
608,0.0068099094,0.05112502,-0.006,0.048
609,0.0075392956,0.05865824,-0.03,0.102
610,0.004659668,0.05341175,-0.03,0.102
611,0.0073837037,0.050787024,0.006,0.06
612,0.006069651,0.051681083,-0.018,0.048
613,0.006926552,0.050693784,0.036,0.024
614,0.0067976657,0.051679444,0.036,0.012
615,0.0007384522,0.04770971,-0.006,0.048
616,0.0065597855,0.050546084,0.006,0.096
617,0.00550952,0.052469503,0.006,0.084
618,0.010800393,0.05445325,0.03,0.06
619,0.00731388,0.05100431,-0.006,0.036
620,0.006962222,0.05163505,-0.03,0.102
621,0.0050089126,0.052654374,-0.006,0.084
622,0.0039321,0.050727375,0.006,0.036
623,0.007414305,0.050862275,0.0,0.012
624,0.0054704472,0.0530503,0.012,0.024
625,0.0033671726,0.044204034,-0.006,0.072
626,0.017273266,0.049818713,-0.006,0.06
627,0.0073637497,0.050985053,0.042,0.048
628,-0.00055659236,0.0459508,0.03,0.06
629,0.004884182,0.0530237,0.006,0.048
630,-0.0075339354,0.047832437,-0.006,0.048
631,0.027743462,0.044418316,0.006,0.06
632,0.0038857772,0.05298404,-0.006,0.096
633,0.0009841998,0.04745599,0.042,0.048
634,0.0059164655,0.053216577,-0.006,0.096
635,-0.00020615011,0.050766334,-0.018,0.036
636,-0.004307615,0.048341878,0.036,0.012
637,0.00576788,0.051813323,-0.006,0.072
638,0.0055990303,0.052497063,0.006,0.048
639,0.021479249,0.06946761,-0.018,0.09
640,0.01748554,0.07456669,-0.018,0.102
641,0.00913781,0.052973904,-0.018,0.036
642,0.0013356982,0.04940028,0.006,0.06
643,0.031824417,0.061926223,0.006,0.072
644,0.0075057126,0.050506704,0.006,0.072
645,0.02232174,0.057008058,0.006,0.096
646,0.0060361363,0.03710093,0.012,0.012
647,-0.0029682643,0.05091738,0.012,0.012
648,0.006986223,0.05123036,0.006,0.084
649,-0.0023042993,0.051723186,0.018,0.084
650,0.0041995477,0.052748732,0.018,0.06
651,0.004670034,0.05266867,-0.018,0.06
652,0.0052318997,0.05170174,-0.018,0.036
653,0.002866664,0.0647133,-0.006,0.096
654,0.006335331,0.05132044,0.03,0.048
655,0.010718789,0.06050752,0.006,0.048
656,0.004123638,0.05333587,0.006,0.036
657,0.006078503,0.052338373,0.03,0.048
658,-0.004222259,0.049497202,0.018,0.06
659,0.0064170565,0.05175799,-0.03,0.102
660,0.007169138,0.050758436,-0.018,0.036
661,0.0066665253,0.051723313,0.024,0.012
662,0.010528717,0.05256382,0.018,0.036
663,0.006918835,0.05136584,0.006,0.096
664,0.004826925,0.05336365,0.018,0.072
665,0.002051909,0.04665694,0.012,0.012
666,0.005059437,0.052262995,0.036,0.012
667,0.015039546,0.051165126,0.03,0.036
668,0.006049587,0.052490473,0.006,0.096
669,-0.007244849,0.07366765,0.024,0.024
670,0.006642189,0.051352605,0.006,0.048
671,-0.001802023,0.050403208,-0.018,0.06
672,0.005972016,0.051952135,0.018,0.084
673,0.006570355,0.051463716,0.006,0.072
674,-0.00060780253,0.04395159,-0.018,0.09
675,0.0070972242,0.05368668,0.012,0.024
676,0.009312029,0.051494993,0.018,0.084
677,-0.000486508,0.050969154,-0.012,0.024
678,0.00026509864,0.074018665,0.024,0.012
679,0.0053943004,0.05135701,0.042,0.06
680,0.005067012,0.052157387,0.03,0.048
681,0.00614754,0.05077433,0.036,0.012
682,0.01853622,0.07137931,0.042,0.048
683,0.010976762,0.050544806,0.042,0.048
684,0.0061564753,0.05109687,-0.006,0.096
685,0.008534583,0.05870632,0.006,0.084
686,0.018008646,0.06590779,-0.018,0.102
687,0.0055569177,0.053113695,0.03,0.06
688,0.0036877228,0.05325966,-0.006,0.096
689,0.02563549,0.07265404,-0.03,0.102
690,0.00545447,0.05199068,0.03,0.048
691,0.0048612645,0.05327613,0.006,0.048
692,0.006806752,0.050583933,0.024,0.012
693,0.0052217287,0.052666254,-0.006,0.096
694,0.0053514843,0.05225854,-0.018,0.06
695,0.0069791493,0.050962336,-0.006,0.06
696,0.0116109345,0.049985237,0.042,0.06
697,0.0061927526,0.052603707,0.018,0.072
698,0.006440324,0.051869504,-0.03,0.102
699,0.003836115,0.054702073,0.024,0.012
700,0.006973102,0.05082545,-0.018,0.102
701,0.005690434,0.054634105,-0.018,0.036
702,0.006414435,0.05093849,-0.018,0.09
703,-0.00042109797,0.06364201,-0.006,0.048
704,0.0047977124,0.052583255,0.006,0.072
705,0.00679693,0.05151734,0.006,0.048
706,0.004732825,0.053898685,0.03,0.048
707,0.0064318725,0.051796407,0.006,0.084
708,-0.013897533,0.06506691,-0.018,0.06
709,0.00629529,0.052718896,-0.018,0.102
710,0.0065359594,0.05330468,0.018,0.084
711,0.0064279404,0.05125766,0.036,0.024
712,-0.00096352166,0.050367337,-0.018,0.102
713,-0.0026477566,0.051496603,0.006,0.084
714,0.0062322123,0.05086393,0.0,0.024
715,0.0070543177,0.05298985,-0.018,0.06
716,0.0064459573,0.05880483,0.03,0.06
717,0.008259025,0.053511802,0.03,0.06
718,0.005487627,0.053518254,-0.006,0.036
719,0.006750261,0.050948687,0.0,0.012
720,0.009501804,0.05172302,0.0,0.024
721,0.02714077,0.053053137,-0.006,0.06
722,0.000848589,0.054929327,0.036,0.012
723,0.0043228767,0.053020813,0.03,0.036
724,0.006707243,0.05087741,0.018,0.072
725,0.0057219844,0.051753417,0.0,0.024
726,0.0070190774,0.050611075,0.012,0.012
727,0.006318709,0.051859006,-0.006,0.084
728,0.0061314255,0.05166752,0.03,0.036
729,0.008211446,0.0504,0.006,0.06
730,0.007080026,0.050661925,0.006,0.072
731,-0.0024482068,0.05690875,0.018,0.06
732,0.0057215174,0.0518506,0.024,0.012
733,0.0026028836,0.06719739,0.006,0.084
734,0.014925154,0.05263309,0.024,0.024
735,0.006983786,0.047330715,0.036,0.012
736,0.0060667107,0.05133402,-0.006,0.084
737,0.006657075,0.051637355,-0.018,0.102
738,0.005656407,0.051550522,-0.03,0.102
739,-0.0030196817,0.050473295,0.006,0.048
740,-0.03856708,0.052454527,0.03,0.048
741,0.0072599035,0.050766587,0.03,0.06
742,0.005765586,0.051476568,0.036,0.024
743,0.0064841965,0.050829194,0.024,0.024
744,0.0063802237,0.051206715,0.006,0.084
745,0.0060419207,0.05109754,0.012,0.012
746,0.005853602,0.05098611,0.0,0.012
747,0.007398331,0.054427005,0.018,0.06
748,0.005959614,0.05102501,0.012,0.012
749,0.006195708,0.05082985,0.03,0.036
750,0.01042687,0.05157618,0.036,0.012
751,0.0034440816,0.05555465,0.036,0.012
752,0.0058453595,0.05101058,0.006,0.048
753,0.010028504,0.05580769,0.018,0.072
754,0.0043239454,0.050286274,0.006,0.072
755,0.0035908865,0.051847287,0.006,0.072
756,0.005601145,0.051934496,0.006,0.096
757,0.0053176503,0.05225281,-0.018,0.102
758,0.0044797496,0.051929597,0.006,0.048
759,0.016360726,0.05067977,0.042,0.048
760,-0.009043096,0.038015604,0.042,0.06
761,0.0006303992,0.056888286,-0.006,0.072
762,0.005520788,0.05296829,-0.006,0.084
763,0.005876819,0.051034495,-0.006,0.036
764,0.0055782874,0.05544372,0.0,0.012
765,0.006117401,0.050879914,-0.006,0.072
766,0.005984748,0.050757397,0.03,0.048
767,0.0050593494,0.05207351,0.006,0.072
768,0.009079536,0.04022023,0.0,0.012
769,0.005916983,0.052199513,0.0,0.012
770,-0.0036210823,0.048201665,-0.018,0.036
771,0.0044069774,0.05238401,0.018,0.036
772,0.023336979,0.04890855,-0.03,0.102
773,0.005355781,0.052350536,0.0,0.012
774,0.006209586,0.052002333,-0.006,0.048
775,0.007522251,0.050510384,-0.018,0.072
776,0.0037031977,0.05499643,0.042,0.048
777,0.0056175822,0.051247466,-0.018,0.048
778,-0.012081916,0.045838468,-0.006,0.084
779,0.0074308976,0.05053561,0.0,0.024
780,0.0058263065,0.051084213,-0.03,0.102
781,-0.0029442152,0.043134026,0.018,0.036
782,0.0058262413,0.051360834,-0.018,0.102
783,0.005756259,0.05295305,0.042,0.048
784,0.006526211,0.051735383,0.006,0.084
785,0.0058874832,0.05190089,-0.024,0.024
786,0.0065780957,0.051034298,-0.012,0.024
787,0.0046521765,0.052087728,-0.006,0.072
788,0.0043735076,0.05382255,0.0,0.024
789,0.005705003,0.050733875,-0.018,0.048
790,0.0056980657,0.050976757,0.006,0.048
791,0.0048186434,0.052234806,-0.018,0.09
792,0.006380863,0.05052438,0.006,0.06
793,0.006477742,0.05083585,0.006,0.072
794,0.0031578797,0.05331158,0.006,0.084
795,0.0069993213,0.05196602,0.018,0.084
796,-0.006909842,0.04953566,0.0,0.012
797,0.0053394595,0.05252984,0.018,0.036
798,0.004882185,0.05307123,-0.006,0.048
799,0.0059153065,0.05113428,-0.006,0.096
800,-0.004084634,0.052548096,-0.006,0.084
801,0.007202867,0.050573215,-0.018,0.102
802,0.005943641,0.051995613,-0.018,0.036
803,0.0062274067,0.051031448,0.024,0.012
804,0.0049525527,0.04147886,0.018,0.084
805,0.0044524134,0.053031262,-0.012,0.024
806,0.00618714,0.05178615,0.006,0.084
807,0.005300355,0.051956605,-0.006,0.096
808,0.005658703,0.051936153,-0.006,0.084
809,0.00600537,0.05081858,-0.006,0.072
810,0.014546804,0.059270907,-0.006,0.036
811,0.005911901,0.053633068,0.012,0.024
812,0.0049839346,0.052807324,-0.024,0.024
813,0.003769279,0.051890798,0.006,0.036
814,0.0077257133,0.04149515,-0.006,0.084
815,0.0059532695,0.051884245,0.012,0.012
816,0.005723748,0.051611885,-0.006,0.084
817,-0.009260876,0.04683141,0.012,0.024
818,-0.0067310347,0.05045371,0.018,0.072
819,0.00873545,0.050611753,0.006,0.084
820,0.00649246,0.050968364,0.0,0.024
821,0.0029263063,0.05742418,0.024,0.012
822,0.0073257685,0.05047687,0.006,0.072
823,0.005695521,0.051738426,-0.018,0.09
824,0.0088017965,0.054721832,0.012,0.024
825,0.005076225,0.052005623,0.018,0.06
826,0.0009167176,0.058012515,-0.018,0.09
827,-0.01940955,0.069361016,0.006,0.096
828,-0.0034387293,0.05170711,-0.006,0.036
829,0.00544269,0.05183427,0.006,0.096
830,0.0046278164,0.05301626,0.03,0.036
831,0.0063397354,0.05606601,0.036,0.024
832,-0.00070811715,0.051865954,0.03,0.06
833,0.010060668,0.05180609,-0.006,0.072
834,0.006350644,0.051323093,0.03,0.036
835,0.0059711477,0.056392,0.018,0.036
836,0.004602698,0.052899614,0.018,0.036
837,0.0049681775,0.051838007,-0.006,0.048
838,0.0059821894,0.051668495,0.036,0.024
839,0.004981814,0.05162556,0.018,0.036
840,0.00424789,0.053406365,0.018,0.084
841,0.024749812,0.075792655,-0.018,0.036
842,0.004916301,0.052819967,0.03,0.048
843,0.0003544772,0.048920207,0.024,0.024
844,0.0079515865,0.05265543,0.024,0.012
845,0.00592886,0.0518381,-0.018,0.036
846,0.006837231,0.054262277,0.018,0.036
847,0.0049114665,0.05298819,-0.018,0.06
848,0.0005409252,0.051625866,-0.018,0.048
849,0.0046899416,0.051649064,-0.018,0.06
850,0.0065231435,0.050963037,0.0,0.024
851,0.0048328587,0.05125078,0.036,0.012
852,0.0059020016,0.050749745,-0.006,0.036
853,0.0048417673,0.052210618,0.036,0.024
854,0.005673989,0.051830538,0.03,0.048
855,0.004725581,0.050832413,-0.006,0.048
856,-0.0019034678,0.046101578,0.018,0.06
857,0.006831604,0.050794106,0.012,0.012
858,0.006534786,0.05259814,0.012,0.012
859,0.0034530675,0.050951336,0.0,0.024
860,0.0068081478,0.051007036,0.006,0.072
861,0.0054000095,0.05191172,-0.006,0.084
862,-0.0015353798,0.051894262,-0.018,0.072
863,0.006747007,0.051352337,0.03,0.048
864,0.0070826733,0.050525136,-0.018,0.06
865,0.004425619,0.053457607,-0.018,0.048
866,0.00429589,0.05544741,0.006,0.06
867,0.006415528,0.050892353,0.024,0.012
868,0.005804344,0.05117825,-0.018,0.048
869,0.006279888,0.052022547,-0.018,0.048
870,0.005794729,0.052004725,0.018,0.036
871,0.0061092274,0.051129535,-0.006,0.072
872,0.006444052,0.050959054,-0.006,0.048
873,0.0073964857,0.050469376,-0.012,0.024
874,0.006339808,0.050366387,0.03,0.048
875,0.0064375456,0.050584216,-0.006,0.084
876,0.0062675234,0.05144329,-0.018,0.102
877,0.0057339226,0.050899263,0.012,0.012
878,0.005884022,0.05288028,0.006,0.048
879,0.0047860947,0.0528519,0.042,0.06
880,0.007541717,0.05034189,0.006,0.06
881,0.007632418,0.05504772,0.018,0.072
882,0.0077904603,0.043967202,0.012,0.012
883,0.0069460645,0.05098747,0.03,0.036
884,0.034042034,0.091438934,0.018,0.084
885,0.006741323,0.05102813,-0.024,0.024
886,0.006081838,0.05108133,0.006,0.06
887,0.0059506577,0.051943682,0.006,0.084
888,0.005422256,0.0523426,0.006,0.072
889,0.0059205974,0.05199583,-0.006,0.096
890,0.006179313,0.050628807,0.006,0.096
891,0.0052570365,0.0526672,0.0,0.012
892,0.006069723,0.05172553,0.024,0.012
893,0.006812994,0.050574385,0.006,0.036
894,0.009113288,0.040779196,-0.018,0.09
895,0.0062709516,0.05162242,0.0,0.012
896,0.0107883625,0.05347308,-0.018,0.072
897,0.0016050804,0.037008394,0.018,0.084
898,0.011072731,0.052173667,0.0,0.024
899,0.005979808,0.05131861,0.018,0.072
900,0.0061919703,0.05131166,0.03,0.06
901,0.0051768487,0.052665908,0.006,0.036
902,0.0025341786,0.055636685,-0.006,0.06
903,0.002036144,0.05123842,0.012,0.012
904,0.0072195036,0.050587956,-0.006,0.06
905,0.0063078916,0.052247792,-0.018,0.06
906,0.007465467,0.047840126,-0.018,0.048
907,-0.0027657147,0.06104046,0.006,0.06
908,0.009585875,0.052146032,0.036,0.012
909,0.0053571416,0.052546717,-0.006,0.084
910,0.0066884356,0.05087974,0.006,0.072
911,0.005328242,0.055179268,-0.006,0.084
912,0.0054819873,0.052233055,-0.018,0.09
913,0.0063373866,0.051024318,-0.006,0.072
914,0.018747859,0.047673438,0.006,0.036
915,0.0072616953,0.0504888,-0.006,0.072
916,0.005973291,0.050960377,-0.006,0.048
917,0.005652188,0.05233822,0.042,0.048
918,0.0046144715,0.05225686,0.0,0.012
919,0.0028879936,0.050343137,0.024,0.024
920,-0.0066287653,0.05009211,0.018,0.036
921,0.005374157,0.055289038,0.042,0.048
922,0.0045632324,0.05258688,-0.006,0.084
923,0.0011700322,0.04658787,0.024,0.024
924,-0.010219663,0.061928757,0.036,0.024
925,0.0068007205,0.05067406,-0.018,0.102
926,0.009071287,0.039305624,-0.018,0.06
927,0.005493989,0.051742185,0.0,0.012
928,0.005628081,0.05167751,0.024,0.024
929,0.0072542615,0.050974224,-0.006,0.048
930,0.0067153056,0.05068925,-0.03,0.102
931,0.0030610994,0.051249564,-0.006,0.048
932,0.0051196,0.05234963,-0.006,0.096
933,0.016325798,0.07137665,-0.006,0.048
934,-0.040907264,0.050950322,0.024,0.024
935,0.0066415807,0.051618643,-0.012,0.024
936,-0.047405712,0.040854428,-0.018,0.036
937,0.009474111,0.05121071,0.03,0.06
938,0.012079425,0.05803394,0.006,0.048
939,0.010135863,0.052754443,-0.006,0.048
940,0.005736069,0.052458853,-0.018,0.072
941,0.011128036,0.062138103,-0.012,0.024
942,0.0052309358,0.05211688,0.024,0.024
943,0.006018546,0.051513724,0.006,0.096
944,0.0062396,0.05256166,-0.006,0.072
945,0.02053871,0.06561997,-0.024,0.024
946,0.0064067817,0.05075222,-0.03,0.102
947,0.004186664,0.042611286,-0.006,0.06
948,0.005997232,0.050935607,-0.03,0.102
949,0.004890361,0.05298125,0.0,0.012
950,0.0049126674,0.052831113,0.03,0.036
951,0.0048173135,0.05292287,-0.018,0.048
952,0.0062515894,0.051889226,0.03,0.048
953,0.006166614,0.051690236,0.024,0.012
954,0.014335809,0.052230753,0.036,0.024
955,0.0063528344,0.05098361,0.024,0.024
956,0.0039123166,0.05639285,-0.006,0.096
957,0.0063523483,0.05057782,0.018,0.036
958,0.0062034247,0.052129637,0.042,0.048
959,0.005634119,0.051989432,0.006,0.06
960,0.005694624,0.051476117,0.018,0.036
961,0.006115444,0.050607543,0.03,0.06
962,0.0045764386,0.05258338,-0.024,0.024
963,0.0064010425,0.051899385,0.036,0.012
964,0.0048316913,0.052663833,0.006,0.06
965,0.02687099,0.049315594,0.03,0.06
966,0.0052538407,0.052110136,-0.018,0.102
967,0.0125438515,0.04504334,0.03,0.036
968,-0.0006257016,0.06277189,-0.006,0.06
969,-0.010711293,0.05553805,-0.018,0.09
970,0.0019488381,0.04822642,-0.012,0.024
971,0.005741394,0.052134607,-0.018,0.048
972,0.0041215285,0.05054473,0.006,0.084
973,0.0076705944,0.051855233,0.006,0.072
974,0.0059573026,0.051078524,0.006,0.096
975,0.007765521,0.051010113,0.018,0.072
976,0.0035089594,0.050685022,0.024,0.012
977,0.004633668,0.05285359,0.006,0.096
978,0.005570518,0.051768947,-0.012,0.024
979,0.00538272,0.05143218,0.042,0.048
980,0.005532113,0.05588045,0.012,0.024
981,0.0053866087,0.051658195,0.018,0.072
982,0.005541747,0.052286286,-0.018,0.102
983,0.0045099743,0.05342623,0.006,0.06
984,0.005630295,0.052684225,0.012,0.012
985,-0.011069791,0.041671682,0.03,0.06
986,0.014296491,0.059406936,0.042,0.048
987,-0.001762277,0.06749144,0.018,0.072
988,0.012633228,0.05242887,-0.006,0.06
989,0.0055220257,0.05105519,0.036,0.024
990,0.011866979,0.007384561,0.0,0.012
991,0.012562209,0.051879942,0.024,0.024
992,0.0054183165,0.046125576,0.006,0.084
993,0.0038364283,0.053545542,-0.018,0.072
994,0.0049601956,0.052199498,0.018,0.036
995,0.0046146605,0.053307798,0.024,0.012
996,0.0064101047,0.050635062,-0.018,0.072
997,0.013199983,0.05171011,0.03,0.036
998,0.0062129544,0.052133996,0.036,0.012
999,0.00575231,0.051159468,0.018,0.072
1000,0.006047102,0.05118047,-0.018,0.036
1001,0.0057045463,0.051816646,-0.024,0.024
1002,-0.0061608055,0.058684103,-0.006,0.06
1003,0.0050517935,0.052311644,-0.012,0.024
1004,0.0044822926,0.05247135,0.0,0.024
1005,0.01062857,0.0514007,0.024,0.012
1006,0.0049893092,0.052749097,0.0,0.024
1007,0.010628379,0.059468523,-0.006,0.036
1008,0.0057434468,0.051291805,0.042,0.048
1009,0.0059493794,0.052512653,-0.006,0.096
1010,0.00024892623,0.05013871,0.0,0.024
1011,0.004189079,0.053894103,0.042,0.06
1012,0.005695482,0.05203815,-0.018,0.048
1013,0.003684408,0.050922126,0.006,0.048
1014,0.010399585,0.053537957,0.0,0.024
1015,0.004108799,0.052751433,-0.018,0.036
1016,0.008781697,0.056165732,0.036,0.012
1017,0.011582529,0.05201435,-0.006,0.096
1018,0.0056799836,0.05181543,-0.006,0.048
1019,0.004560235,0.05414237,0.042,0.06
1020,0.0057298876,0.05135781,0.03,0.06
1021,0.0007944056,0.060348578,0.036,0.024
1022,0.005586391,0.053272955,0.012,0.024
1023,0.014651027,0.052363604,0.018,0.072
1024,0.0051780352,0.051453963,0.006,0.036
1025,0.0034752344,0.05185802,0.036,0.012
1026,0.0045463867,0.052716643,0.012,0.012
1027,0.005264215,0.052599072,0.03,0.036
1028,0.005709118,0.052175544,0.018,0.036
1029,0.0050527034,0.053136215,0.0,0.024
1030,0.006609902,0.05139817,-0.024,0.024
1031,0.00627265,0.051053513,-0.018,0.036
1032,-0.010382539,0.031667277,0.036,0.024
1033,0.0049341293,0.051827513,-0.018,0.09
1034,0.0056652236,0.052168794,-0.018,0.09
1035,0.005603932,0.05143257,-0.024,0.024
1036,-0.0059817946,0.06267429,-0.018,0.072
1037,0.0067232195,0.0531681,-0.006,0.096
1038,0.01586324,0.05337707,-0.024,0.024
1039,-0.0034994725,0.06251426,0.018,0.072
1040,-0.009698155,0.050306287,-0.018,0.036
1041,0.00457302,0.052561026,-0.018,0.09
1042,0.004722729,0.05172926,-0.018,0.06
1043,0.006087537,0.05110209,-0.012,0.024
1044,0.02351933,0.054067057,0.03,0.06
1045,0.004992077,0.052870817,0.018,0.06
1046,0.004980358,0.05170426,0.03,0.036
1047,0.03528439,0.04323724,0.006,0.06
1048,0.006011306,0.051857535,-0.006,0.036
1049,0.0076106945,0.051746298,-0.006,0.084
1050,0.0069889533,0.05115952,0.03,0.036
1051,0.0066409055,0.051036876,0.03,0.036
1052,0.006116691,0.051465128,-0.006,0.084
1053,0.005720283,0.051550973,0.03,0.036
1054,0.0053560166,0.052306157,0.006,0.072
1055,0.0054892395,0.053454064,0.036,0.024
1056,0.007506041,0.05361338,-0.018,0.072
1057,0.004658433,0.052524228,0.006,0.048
1058,0.008921396,0.050850537,-0.024,0.024
1059,0.0104169585,0.05239738,-0.024,0.024
1060,0.007984713,0.043452576,-0.018,0.09
1061,0.0006224429,0.0483783,0.024,0.024
1062,0.005294985,0.05150693,0.006,0.096
1063,0.014556212,0.052552972,0.012,0.024
1064,0.0064355237,0.052076463,0.006,0.072
1065,0.02531251,0.047632333,0.018,0.072
1066,0.0051824767,0.05261007,0.006,0.06
1067,0.004668439,0.05342651,0.018,0.06
1068,0.0071276235,0.050728384,0.018,0.072
1069,0.005765807,0.05231081,-0.006,0.06
1070,0.005941173,0.051933803,-0.006,0.036
1071,0.02747322,0.051933378,-0.018,0.048
1072,0.042782355,0.04324835,-0.006,0.036
1073,0.011225779,0.051802248,0.024,0.012
1074,0.006826051,0.050756995,0.0,0.024
1075,0.0062070633,0.051480368,-0.018,0.072
1076,0.012679932,0.050383803,0.006,0.084
1077,0.0068868143,0.05087286,-0.006,0.06
1078,0.0075454973,0.056473836,-0.024,0.024
1079,0.0052886438,0.05198746,0.006,0.036
1080,-0.03735019,-0.016859654,0.0,0.012
1081,0.00991706,0.05251464,0.024,0.024
1082,0.005920841,0.052051343,0.018,0.084
1083,0.011390757,0.046146892,0.036,0.024
1084,0.005753441,0.051864292,0.0,0.012
1085,0.0074821142,0.052244604,0.0,0.012
1086,0.006315589,0.05113675,-0.006,0.048
1087,0.0054590674,0.0543645,-0.018,0.036
1088,0.0060231853,0.052090146,-0.024,0.024
1089,0.00653937,0.0512547,0.012,0.012
1090,-0.01360943,0.050907727,0.006,0.072
1091,0.006838168,0.05125216,0.036,0.024
1092,0.0116534345,0.047176644,0.042,0.06
1093,-0.00376787,0.044079226,0.036,0.024
1094,0.005557112,0.052551813,0.012,0.012
1095,0.00595124,0.05189281,0.024,0.012
1096,0.008733887,0.042628452,0.03,0.06
1097,0.007907074,0.060501613,0.006,0.084
1098,0.0067761084,0.051834017,-0.018,0.09
1099,0.007021269,0.051196903,-0.006,0.072
1100,0.010897066,0.052318648,0.042,0.06
1101,0.0049601956,0.05356654,-0.006,0.048
1102,0.00310673,0.047102846,0.012,0.012
1103,0.0074831774,0.044700652,-0.024,0.024
1104,0.006577573,0.05085222,0.012,0.024
1105,0.0055268845,0.052555516,-0.03,0.102
1106,0.0068455855,0.05131342,0.03,0.048
1107,0.006383025,0.05191278,0.006,0.048
1108,0.006012054,0.05140691,0.018,0.072
1109,0.007564132,0.050497625,-0.006,0.072
1110,0.0062499642,0.051856585,0.012,0.012
1111,0.009637874,0.055737693,0.006,0.048
1112,0.0034725778,0.050118737,-0.024,0.024
1113,0.009613087,0.05961182,0.012,0.024
1114,0.0052085333,0.051676426,0.036,0.012
1115,0.013896832,0.053499475,-0.018,0.072
1116,0.0063063293,0.051602725,0.03,0.036
1117,0.005981902,0.052414693,0.018,0.084
1118,0.0054814164,0.05237858,0.03,0.048
1119,-0.024157766,0.04960462,-0.018,0.072
1120,0.0079238415,0.051344823,-0.006,0.072
1121,0.0017550499,0.061152156,-0.018,0.06
1122,0.005597758,0.05209547,0.018,0.084
1123,0.00684893,0.050602496,-0.018,0.102
1124,-0.014373597,0.053470176,-0.006,0.096
1125,0.005665994,0.051528893,0.006,0.06
1126,0.0061029256,0.051896285,-0.006,0.084
1127,0.0007734536,0.04806279,-0.018,0.09
1128,0.005604094,0.053228445,-0.006,0.06
1129,0.0026317206,0.050648853,0.036,0.012
1130,0.0048011243,0.055184312,-0.018,0.06
1131,-0.00030757627,0.049617168,0.036,0.012
1132,0.0070576156,0.05088335,0.024,0.024
1133,0.012511653,0.0513512,0.006,0.072
1134,0.016277147,0.06160284,-0.006,0.048
1135,0.00667588,0.050400823,0.018,0.036
1136,0.010910246,0.058105394,0.018,0.06
1137,0.0065974644,0.051042486,0.018,0.036
1138,0.009396898,0.048698254,0.018,0.084
1139,0.00554981,0.052199464,-0.012,0.024
1140,0.0068358947,0.050325155,0.0,0.012
1141,0.007202789,0.050825577,-0.006,0.096
1142,0.0054777423,0.05238947,-0.018,0.048
1143,0.0052608065,0.05144395,0.03,0.036
1144,0.005968909,0.05181861,-0.006,0.096
1145,0.005023621,0.052909955,0.03,0.06
1146,0.0043895557,0.0570118,-0.018,0.09
1147,0.006125416,0.05120835,0.03,0.048
1148,-0.012507571,0.06948547,0.0,0.024
1149,0.0069435737,0.05168723,0.024,0.024
1150,0.005670376,0.051845778,0.0,0.012
1151,0.006009991,0.051440667,-0.012,0.024
1152,0.020801807,0.047607373,0.042,0.048
1153,0.0060245954,0.05236244,-0.018,0.06
1154,0.017663334,0.05446907,0.006,0.072
1155,0.005676159,0.051710013,0.006,0.036
1156,-0.0072536394,0.06431685,-0.012,0.024
1157,0.006493677,0.05056625,0.018,0.072
1158,0.009146159,0.050845057,-0.006,0.084
1159,-0.005285872,0.050503228,0.006,0.096
1160,0.0064379545,0.051555645,-0.018,0.036
1161,0.0059916195,0.051705938,0.018,0.036
1162,0.00812317,0.05394348,-0.018,0.06
1163,0.00552353,0.051883563,-0.018,0.06
1164,-0.0010564537,0.050002933,0.024,0.012
1165,0.0066744685,0.05068574,0.036,0.024
1166,0.038805936,0.047771882,0.018,0.072
1167,0.006058079,0.051628042,0.042,0.048
1168,0.0051952945,0.051813286,0.012,0.024
1169,0.006562616,0.051472943,-0.024,0.024
1170,0.0030253143,0.059561484,-0.006,0.096
1171,0.0058955494,0.050783,-0.018,0.072
1172,0.0056747934,0.051929682,0.024,0.024
1173,0.007346057,0.050498743,0.006,0.06
1174,0.006403096,0.05159353,0.036,0.012
1175,0.0047829943,0.05221617,0.03,0.06
1176,0.006373373,0.050778054,0.012,0.012
1177,0.006763412,0.05125509,0.042,0.048
1178,-0.004178411,0.052822776,-0.018,0.06
1179,0.0060873064,0.052853692,0.006,0.072
1180,4.325714e-05,0.041713305,0.018,0.036
1181,0.00485273,0.051543847,0.012,0.024
1182,0.0072240904,0.05714681,-0.018,0.048
1183,0.002439817,0.049741115,-0.03,0.102
1184,-0.002063821,0.060822066,-0.012,0.024
1185,0.0050046686,0.052057672,0.006,0.06
1186,0.006353777,0.050671674,0.018,0.06
1187,0.00081550237,0.051400613,-0.024,0.024
0,-0.0044985013,0.06843728,0.03,0.036
1,0.005518003,0.052235477,0.018,0.084
2,0.004972343,0.05216192,0.036,0.024
3,0.0072489586,0.05068565,0.006,0.036
4,0.0061012874,0.051083624,0.036,0.024
5,0.006781712,0.051157348,-0.006,0.036
6,0.010081552,0.05204943,-0.024,0.024
7,0.0076448084,0.05205866,0.018,0.06
8,0.006173943,0.051450554,-0.006,0.084
9,0.009781098,0.033523217,-0.024,0.024
10,0.009881447,0.053711053,0.03,0.06
11,0.0044888174,0.05345074,0.036,0.024
12,0.0065888166,0.05323427,-0.006,0.06
13,0.0055872416,0.051874578,0.042,0.048
14,0.007958038,0.052787717,0.024,0.024
15,0.006196285,0.05117694,0.024,0.012
16,0.0065952,0.051560275,0.036,0.012
17,0.0073248525,0.05145257,-0.018,0.102
18,0.0061788335,0.047084294,-0.018,0.072
19,-0.004058086,0.049853925,0.012,0.012
20,0.005988595,0.052686706,0.03,0.048
21,0.005764898,0.05282331,-0.006,0.048
22,0.0047365017,0.05265667,-0.018,0.06
23,0.005957836,0.050949395,-0.018,0.09
24,-0.0018836549,0.049848065,0.036,0.024
25,0.0063498765,0.051953923,-0.006,0.084
26,0.006244083,0.050600473,-0.024,0.024
27,0.005389396,0.052199204,0.006,0.036
28,0.00474423,0.05622963,0.024,0.012
29,0.007969632,0.0554311,-0.018,0.102
30,0.0036467768,0.056052946,0.006,0.048
31,-0.009225016,0.050240796,0.006,0.084
32,0.0054213125,0.051444806,0.036,0.024
33,0.013933022,0.066282496,0.036,0.012
34,0.0215031,0.052286517,-0.018,0.09
35,0.0053675147,0.052482307,0.024,0.024
36,0.00590457,0.051954567,-0.006,0.072
37,0.014262781,0.05846891,0.03,0.036
38,0.0014684908,0.047825597,0.024,0.012
39,0.010687299,0.05293225,0.03,0.06
40,0.006714704,0.0517074,0.03,0.036
41,0.0065803714,0.051280435,-0.018,0.102
42,0.006412985,0.05146845,-0.03,0.102
43,0.006557896,0.050584186,0.042,0.048
44,0.0048330734,0.053064704,0.006,0.06
45,0.022048026,0.048633136,-0.006,0.084
46,0.010005322,0.044530537,-0.006,0.096
47,0.0048575085,0.051572107,0.018,0.06
48,0.006961611,0.052008323,0.042,0.048
49,-0.0056823133,0.050985273,-0.018,0.06
50,0.0058406657,0.05199982,-0.006,0.084
51,-0.008171428,0.04813634,0.006,0.084
52,0.0057025556,0.05281656,-0.006,0.096
53,0.005154271,0.051830534,0.018,0.036
54,0.0045398166,0.053170398,0.042,0.06
55,0.0048645567,0.05458966,0.006,0.036
56,0.0061357818,0.054512016,-0.006,0.036
57,0.006042161,0.05204592,-0.018,0.072
58,0.0050103385,0.051730104,-0.018,0.06
59,0.005199704,0.05150199,-0.018,0.09
60,0.0048193033,0.05230541,0.018,0.072
61,0.002984901,0.054133978,0.036,0.024
62,0.0058071343,0.051543947,0.006,0.06
63,0.0048973844,0.052109122,0.03,0.036
64,0.0055166613,0.052164223,0.018,0.084
65,0.0041316263,0.062344432,-0.018,0.102
66,0.029244259,0.049832005,-0.024,0.024
67,0.0068438724,0.05071182,0.042,0.048
68,0.0039824033,0.053052485,0.018,0.036
69,0.0057929563,0.05123624,0.012,0.012
70,0.019288942,0.06612629,0.012,0.024
71,0.007106265,0.050980065,0.036,0.012
72,0.0057367017,0.051496614,0.012,0.012
73,0.016627133,0.06529411,0.03,0.036
74,0.0053760046,0.052275047,-0.018,0.036
75,0.002167136,0.04843488,0.03,0.06
76,0.0053203264,0.053185213,-0.006,0.048
77,0.005895394,0.051486082,-0.006,0.06
78,0.005622288,0.051644333,0.018,0.084
79,-0.026015945,0.0340965,0.006,0.048
80,0.0102573605,0.05160274,0.012,0.024
81,0.005312116,0.05143413,0.006,0.048
82,0.007320931,0.051904745,0.018,0.06
83,-0.018816903,0.053421456,0.018,0.036
84,0.005994031,0.051516507,-0.006,0.096
85,0.0069106417,0.05075784,-0.018,0.072
86,0.018582014,0.052913465,0.006,0.072
87,0.0006519826,0.061332174,0.006,0.036
88,0.0037629372,0.052946664,0.018,0.072
89,0.0053251293,0.051275168,0.006,0.06
90,0.0048669414,0.052403774,0.006,0.096
91,0.005028855,0.051893495,0.036,0.024
92,0.0060920715,0.047011543,-0.018,0.072
93,0.0052088406,0.05228975,0.042,0.06
94,0.045125797,0.04054558,0.018,0.072
95,0.0049025565,0.05201392,-0.018,0.048
96,0.0057320474,0.05113105,0.012,0.012
97,0.009179321,0.051713772,-0.012,0.024
98,0.0058802497,0.05137571,0.024,0.012
99,0.007967068,0.05493914,0.018,0.072
100,-0.0040762452,0.04463713,-0.012,0.024
101,0.006807368,0.05105624,-0.03,0.102
102,-0.0227164,0.04494703,-0.006,0.084
103,0.015025879,0.048127938,0.006,0.06
104,0.0058071124,0.051288057,0.0,0.024
105,0.004487375,0.052174754,-0.018,0.102
106,0.003870532,0.05182,0.024,0.012
107,0.0061204927,0.050902158,0.024,0.024
108,0.022544868,0.051966343,-0.006,0.072
109,0.0056696106,0.05290447,0.018,0.084
110,0.012813006,0.05330758,-0.018,0.102
111,0.011653165,0.052766334,0.036,0.012
112,0.0060409093,0.05110058,0.03,0.06
113,0.006931033,0.051190678,0.006,0.084
114,0.005221957,0.05181948,0.0,0.024
115,0.007636147,0.05163287,0.018,0.06
116,0.005712933,0.05117906,0.036,0.012
117,0.008982603,0.053003874,-0.012,0.024
118,0.0055876197,0.051297393,-0.018,0.048
119,0.007077322,0.050531916,-0.018,0.072
120,0.0058624153,0.05154942,-0.006,0.084
121,0.0056761587,0.051930714,0.006,0.06
122,0.005168018,0.05188174,-0.018,0.102
123,0.0032893897,0.048594322,0.036,0.024
124,0.008197524,0.051925857,-0.018,0.06
125,0.008873366,0.05346612,-0.006,0.096
126,0.014321475,0.052462764,0.006,0.084
127,0.0062675476,0.051056843,0.042,0.06
128,0.0032056612,0.050842937,0.018,0.084
129,0.0109201735,0.05520164,0.0,0.012
130,0.008012207,0.0530384,0.006,0.072
131,0.0034928627,0.05007476,0.024,0.012
132,0.0050098915,0.0511727,0.018,0.036
133,0.008600482,0.052586984,0.036,0.012
134,0.003812721,0.053217266,-0.006,0.096
135,0.005125195,0.05123896,0.03,0.036
136,0.006006606,0.05146027,-0.018,0.102
137,0.0050835265,0.052221835,0.03,0.06
138,0.005796016,0.05712239,-0.018,0.09
139,0.006327163,0.05168112,-0.018,0.102
140,0.0061356993,0.051301405,-0.006,0.084
141,0.0059409216,0.051215105,-0.018,0.072
142,0.0053232685,0.052013546,0.024,0.012
143,0.0064475304,0.050884794,0.018,0.072
144,0.0054420717,0.052216265,0.006,0.036
145,0.0046165013,0.05188702,-0.018,0.102
146,0.0039432324,0.055048525,0.024,0.024
147,0.005502536,0.05160776,0.024,0.024
148,0.004446017,0.051512893,0.0,0.024
149,0.006551019,0.050844077,0.03,0.06
150,0.0068228333,0.051071975,0.006,0.072
151,0.005872747,0.051117823,-0.018,0.048
152,0.013384419,0.03971463,0.006,0.06
153,0.001156989,0.04781345,0.036,0.012
154,-0.0126852095,0.046014063,0.024,0.012
155,0.008385992,0.050983172,0.018,0.06
156,0.005035263,0.051028073,0.0,0.012
157,0.005556395,0.05164272,0.036,0.012
158,-0.005397327,0.034446828,0.0,0.012
159,0.0048330384,0.052784037,0.006,0.072
160,0.0054940213,0.051515296,0.006,0.096
161,0.0033762248,0.052597344,0.0,0.012
162,0.0043742955,0.051796265,-0.018,0.09
163,0.006099904,0.051057994,-0.018,0.036
164,0.0071705533,0.05510014,-0.012,0.024
165,0.0053299144,0.051549748,-0.018,0.036
166,0.005170906,0.053230785,0.0,0.024
167,0.0054956926,0.051908195,0.0,0.024
168,0.005087371,0.05256345,0.0,0.024
169,0.0061848713,0.048848733,0.006,0.072
170,0.005189333,0.050878484,-0.018,0.072
171,0.00019170716,0.046938498,0.0,0.012
172,0.009423811,0.051839065,-0.006,0.048
173,0.004790156,0.051763378,0.036,0.012
174,0.0069011594,0.0522574,0.036,0.024
175,0.004170269,0.052288093,0.006,0.036
176,0.0044253482,0.049965445,0.006,0.084
177,0.0048976014,0.05248657,-0.03,0.102
178,0.004498749,0.05388498,0.006,0.096
179,0.004708494,0.05129271,0.012,0.012
180,0.006172766,0.05087618,0.006,0.048
181,0.0052412967,0.05153655,0.036,0.012
182,0.0062736035,0.05165165,-0.018,0.072
183,0.007054538,0.050627835,-0.006,0.072
184,0.005088732,0.052230813,0.006,0.048
185,0.0070324717,0.05285576,0.006,0.084
186,0.008834227,0.051687,-0.03,0.102
187,0.005039028,0.051230974,-0.018,0.102
188,0.006739285,0.055075962,-0.012,0.024
189,0.013525836,0.051642135,-0.006,0.048
190,0.005139727,0.051351,0.006,0.06
191,0.0070572,0.050552644,0.006,0.072
192,0.0059420005,0.05112357,-0.006,0.06
193,0.005291975,0.051494412,0.018,0.084
194,0.006328802,0.050499644,0.024,0.012
195,0.019211413,0.05905652,-0.006,0.048
196,-0.00012293691,0.06890143,-0.018,0.072
197,0.007137621,0.050466485,0.006,0.096
198,0.0014976808,0.060488213,0.0,0.012
199,0.005675046,0.050594337,0.006,0.06
200,0.0066379183,0.051382337,0.03,0.048
201,-0.016017457,0.06565297,0.006,0.084
202,0.007202915,0.05188276,0.012,0.012
203,0.006312557,0.05081496,-0.006,0.072
204,0.009411237,0.037577156,0.042,0.06
205,0.0047870474,0.051254846,-0.006,0.096
206,0.00536453,0.051405884,-0.006,0.072
207,0.007434954,0.054468475,0.03,0.06
208,0.008836619,0.043163504,0.018,0.072
209,0.004664515,0.052453954,0.018,0.036
210,0.0041099475,0.05095095,0.018,0.06
211,0.005380214,0.050880343,0.042,0.048
212,0.007773415,0.053102203,-0.018,0.06
213,0.0095284525,0.06695952,0.012,0.012
214,0.0045876266,0.05290767,0.03,0.048
215,0.006339954,0.05176002,0.042,0.048
216,-0.01590945,0.06678708,0.036,0.024
217,0.006282776,0.051288813,0.012,0.012
218,0.007897376,0.054370344,-0.024,0.024
219,0.010467421,0.05183668,0.018,0.036
220,0.0051259925,0.050944343,0.012,0.012
221,0.0055437153,0.051375676,0.006,0.06
222,0.006060506,0.050404757,-0.018,0.06
223,0.0037084916,0.053121045,-0.024,0.024
224,0.006053064,0.06500531,-0.018,0.102
225,0.001434416,0.05863069,-0.018,0.036
226,0.0051263645,0.0520801,0.006,0.048
227,0.0045413747,0.052150816,-0.006,0.048
228,0.0063789557,0.051536106,0.012,0.024
229,0.0057624173,0.0511059,-0.024,0.024
230,0.006028107,0.050617572,0.006,0.06
231,0.0058974237,0.051438782,0.0,0.012
232,0.0065801707,0.0513444,0.006,0.084
233,0.0065162606,0.051272325,0.036,0.012
234,-6.493693e-05,0.06044452,-0.024,0.024
235,0.006459267,0.05252439,-0.03,0.102
236,0.020931678,0.07084258,-0.018,0.102
237,0.0057073333,0.05187375,-0.006,0.072
238,0.0066054496,0.05031448,0.006,0.072
239,-0.0038989368,0.062385254,-0.006,0.072
240,-0.024107626,0.06382793,0.042,0.06
241,0.00303869,0.04903798,-0.006,0.084
242,0.011931311,0.042409327,-0.006,0.06
243,0.020395476,0.049360912,-0.024,0.024
244,0.01757602,0.050747015,-0.006,0.036
245,0.005296513,0.05203034,0.024,0.024
246,0.0055861087,0.052029844,0.0,0.024
247,0.0041416665,0.05097063,-0.018,0.036
248,0.005733634,0.051866323,-0.006,0.072
249,0.0037048375,0.05085358,0.006,0.048
250,0.012047049,0.08210837,-0.018,0.102
251,0.0029604854,0.055295046,0.042,0.048
252,0.004846117,0.054897755,-0.018,0.048
253,0.0040189484,0.05158426,0.006,0.072
254,0.007220302,0.050510515,0.006,0.084
255,0.00662718,0.050378345,-0.006,0.096
256,0.0060303453,0.051573902,0.006,0.06
257,0.008136669,0.0510572,0.006,0.036
258,0.017761685,0.06860882,-0.018,0.072
259,0.005642028,0.05131366,-0.018,0.036
260,0.0009123953,0.06315169,0.018,0.036
261,0.009764072,0.06206609,0.018,0.036
262,0.0066464934,0.05143594,0.018,0.036
263,0.0034558363,0.05455976,-0.018,0.036
264,0.006158752,0.0503369,0.018,0.06
265,0.0069031375,0.04617929,0.006,0.072
266,0.012301024,0.051358998,0.006,0.036
267,0.0058460236,0.05047273,-0.006,0.096
268,0.0064441874,0.050727114,0.006,0.084
269,0.016667742,0.052030608,0.036,0.024
270,0.002478784,0.05912845,0.03,0.048
271,0.009489698,0.051112905,-0.018,0.036
272,-0.011660198,0.04896245,-0.006,0.06
273,0.016208332,0.050549988,0.006,0.048
274,0.005424061,0.049647197,-0.006,0.036
275,0.0075166887,0.05200314,-0.018,0.072
276,0.012338141,0.056837358,-0.018,0.036
277,0.0072760615,0.039416805,-0.006,0.06
278,0.005620056,0.051194727,-0.018,0.072
279,0.0044632144,0.051022947,0.03,0.036
280,0.02056901,0.053757165,-0.024,0.024
281,0.006907253,0.05005794,0.018,0.084
282,0.005364312,0.050320983,0.018,0.06
283,0.006543841,0.049825013,-0.018,0.072
284,0.0043816315,0.055153534,0.018,0.072
285,0.0060003,0.050863866,0.03,0.048
286,0.0047798213,0.056805927,0.012,0.012
287,-0.0045002643,0.048445877,0.006,0.096
288,0.006431182,0.05072282,0.036,0.012
289,0.0060935197,0.051271938,0.018,0.072
290,0.006193466,0.05113079,0.036,0.024
291,0.030190518,0.056219302,0.036,0.012
292,0.006600391,0.051260695,0.006,0.06
293,0.0070629907,0.050112274,0.036,0.024
294,0.0020897533,0.050698597,-0.006,0.048
295,0.010739605,0.050753567,0.03,0.06
296,0.0070253257,0.050629497,-0.03,0.102
297,0.006374419,0.051283274,-0.006,0.096
298,-0.013774214,0.0815229,0.024,0.024
299,0.0009951512,0.04837546,0.012,0.024
300,0.0068349023,0.05150897,-0.018,0.072
301,-0.016847715,0.04680728,0.006,0.072
302,0.0063089007,0.049958095,-0.018,0.09
303,0.005231794,0.051448226,0.024,0.024
304,0.005702675,0.05073424,0.024,0.024
305,0.0053873584,0.051703393,0.006,0.084
306,0.0078140525,0.05211034,-0.006,0.096
307,0.0043225293,0.05494942,-0.006,0.072
308,0.016175881,0.050125808,0.006,0.072
309,-0.0002942658,0.07108806,0.018,0.084
310,0.005384074,0.05123375,-0.012,0.024
311,0.018752346,0.05183264,-0.018,0.102
312,0.0055026193,0.055064954,0.024,0.012
313,0.00019048806,0.063077964,0.036,0.012
314,0.0066351066,0.050398953,0.0,0.024
315,0.0028867647,0.047929514,0.036,0.012
316,0.0058503356,0.05085945,-0.018,0.072
317,0.0068698176,0.050639458,0.042,0.06
318,-0.015935745,0.048741505,0.018,0.072
319,0.0026339418,0.058452096,0.006,0.096
320,0.0036124587,0.05064029,0.018,0.072
321,0.0016016867,0.05032258,-0.024,0.024
322,0.006672592,0.050337188,-0.018,0.102
323,0.006395816,0.05040413,0.006,0.048
324,0.005941632,0.05209455,-0.018,0.048
325,0.0072997254,0.0504472,0.006,0.096
326,0.006534539,0.05142175,-0.018,0.072
327,0.01618809,0.0613442,-0.018,0.036
328,0.044003695,0.08945035,0.024,0.012
329,0.0062246965,0.051811244,0.018,0.084
330,0.008175125,0.05127591,0.006,0.036
331,0.04028157,0.09491812,0.036,0.012
332,0.0059120697,0.052091643,-0.006,0.096
333,0.0059221545,0.05106498,0.03,0.06
334,-0.014809893,0.061122406,-0.018,0.048
335,0.01227944,0.06690438,0.006,0.036
336,0.01623184,0.051123656,-0.006,0.072
337,0.023391921,0.052034624,0.006,0.096
338,0.0061459136,0.052285627,0.012,0.012
339,0.004963982,0.051819965,0.036,0.024
340,0.006110806,0.05151193,0.018,0.036
341,0.0036265447,0.050363384,0.006,0.072
342,0.003634286,0.05124765,0.012,0.012
343,0.005786079,0.051418174,-0.006,0.06
344,0.004151174,0.048961796,0.006,0.096
345,0.0061717536,0.051143475,0.018,0.06
346,-0.01419791,0.050152235,0.03,0.048
347,0.005952102,0.05162542,-0.006,0.096
348,0.005276095,0.052042097,0.03,0.06
349,0.004206021,0.050302833,0.006,0.072
350,-0.01774534,0.08141549,-0.018,0.036
351,0.00940212,0.05210167,-0.006,0.072
352,0.0062369285,0.051401123,0.042,0.048
353,0.006252668,0.051627073,-0.018,0.072
354,0.0061272075,0.0513969,0.018,0.084
355,0.007245239,0.050649595,-0.018,0.09
356,0.0070480565,0.050875638,0.018,0.072
357,0.0065204785,0.051487383,0.0,0.024
358,0.005095248,0.05209777,-0.018,0.06
359,0.005763321,0.051919457,-0.006,0.072
360,0.0050517484,0.051716067,0.006,0.096
361,0.009499487,0.051413327,0.006,0.06
362,0.0076552634,0.053505283,-0.018,0.048
363,0.008268714,0.0545194,0.0,0.012
364,0.0064354264,0.051019378,-0.006,0.048
365,0.0047954707,0.052288268,0.012,0.024
366,0.0069665583,0.05069384,0.006,0.072
367,0.0062038046,0.05252898,0.042,0.06
368,-0.022688359,0.07082338,0.042,0.06
369,-0.027220285,0.025241533,-0.018,0.048
370,-0.0006896751,0.05159816,-0.03,0.102
371,0.0060425703,0.050967462,-0.018,0.036
372,0.008575942,0.043787785,-0.006,0.036
373,0.008538498,0.05796938,-0.006,0.084
374,0.006979867,0.05080668,-0.006,0.096
375,0.006580982,0.050649047,0.006,0.036
376,0.0058286367,0.051568437,0.0,0.012
377,0.0063052145,0.051287696,0.006,0.048
378,-0.0015870444,0.051090334,-0.03,0.102
379,0.0054552946,0.05167413,0.024,0.012
380,0.005393723,0.05288972,0.024,0.024
381,0.0073268884,0.05058413,0.018,0.084
382,0.005521318,0.052191425,0.042,0.06
383,0.005723941,0.05216123,-0.018,0.09
384,0.0026737968,0.059784904,-0.024,0.024
385,0.0051766424,0.05316819,0.036,0.024
386,0.008432672,0.05195749,-0.018,0.048
387,0.0062469365,0.05152949,0.006,0.036
388,0.013299666,0.054298382,0.03,0.06
389,0.006602229,0.05087293,-0.018,0.048
390,0.006215878,0.051752225,0.0,0.024
391,0.0010749465,0.07168512,0.018,0.072
392,-0.013805295,0.042046897,-0.024,0.024
393,0.010042245,0.051192082,0.006,0.06
394,0.0071787303,0.05063188,0.0,0.024
395,0.02225847,0.06990746,0.0,0.024
396,-0.038181577,0.017122496,-0.006,0.06
397,0.0063585816,0.051166482,-0.018,0.06
398,0.009109587,0.054901164,-0.018,0.036
399,0.007157395,0.05089121,-0.006,0.084
400,0.005533957,0.05175259,0.024,0.012
401,0.005922122,0.051725592,0.006,0.048
402,0.0065417415,0.054733418,-0.012,0.024
403,0.006027448,0.051058657,0.012,0.024
404,0.0062792283,0.05169218,0.042,0.048
405,0.0055215256,0.052345235,0.042,0.06
406,-0.0019823443,0.0512852,0.006,0.06
407,0.0074607674,0.04782005,0.006,0.036
408,0.008324419,0.053956892,-0.006,0.048
409,0.0020770822,0.08990356,-0.018,0.048
410,0.00681771,0.050121777,0.03,0.06
411,0.012620751,0.048925612,-0.03,0.102
412,0.0056337696,0.052032117,0.018,0.072
413,0.0016601002,0.04871899,0.036,0.024
414,0.006187814,0.05101544,0.042,0.048
415,0.006117516,0.05114484,0.012,0.024
416,0.0074332207,0.051770255,0.018,0.084
417,-0.0017201728,0.05149318,0.042,0.048
418,0.006927434,0.050800618,0.03,0.048
419,0.0054689897,0.052324157,-0.006,0.06
420,0.0069703283,0.050773174,0.018,0.072
421,0.00041160453,0.053926863,0.042,0.048
422,0.006509565,0.051008794,-0.018,0.102
423,0.0040633343,0.053409312,0.012,0.024
424,0.0069837184,0.051823802,0.012,0.012
425,0.008845438,0.051193025,0.024,0.012
426,0.00538541,0.053662345,0.006,0.072
427,0.010820212,0.050292738,0.036,0.012
428,0.0060599456,0.051174823,-0.006,0.084
429,0.0047264923,0.05357783,0.036,0.012
430,0.0060976977,0.051786773,-0.018,0.06
431,0.009928617,0.060215477,-0.018,0.09
432,0.0064508496,0.050992683,0.018,0.084
433,0.0056886934,0.051688556,0.03,0.048
434,0.0054578325,0.052586652,0.006,0.072
435,0.005880324,0.051553287,0.024,0.012
436,-0.0012061051,0.052522402,-0.03,0.102
437,0.018560879,0.051045027,0.006,0.06
438,0.006007811,0.051902793,0.018,0.072
439,0.005846692,0.051675256,0.018,0.06
440,0.0067764185,0.050958175,0.024,0.012
441,0.0056884047,0.052432854,-0.018,0.09
442,0.00546394,0.052706704,-0.018,0.036
443,0.0058715898,0.052558836,0.03,0.048
444,-0.006314357,0.05639204,0.006,0.084
445,0.0029331967,0.06924684,-0.024,0.024
446,-0.011946501,0.04853379,0.0,0.024
447,0.0017322549,0.046621583,-0.024,0.024
448,0.005787045,0.051169384,0.006,0.036
449,0.0044965167,0.05005377,0.006,0.096
450,-0.0046927244,0.073628806,-0.024,0.024
451,0.0039800396,0.053164396,0.018,0.072
452,-0.0067426553,0.0676518,0.006,0.06
453,0.006565062,0.050955806,0.018,0.036
454,0.0012110192,0.05117518,-0.012,0.024
455,0.0068835234,0.05103408,0.0,0.024
456,0.0036068389,0.05582464,0.024,0.024
457,0.0048223487,0.052899458,-0.006,0.084
458,0.012804585,0.04619036,0.036,0.024
459,0.01897815,0.05368242,0.024,0.024
460,0.0055093644,0.052018136,0.042,0.06
461,0.0056422306,0.0514943,0.012,0.012
462,0.005352075,0.05205686,0.036,0.024
463,-0.0054041846,0.05088809,0.036,0.024
464,0.006042138,0.051584173,-0.018,0.102
465,0.0051452275,0.051858574,0.006,0.072
466,0.010770233,0.057950757,0.018,0.072
467,0.0049030418,0.05196148,-0.018,0.102
468,0.0074871765,0.05179372,0.018,0.036
469,-0.009616902,0.05040419,0.006,0.096
470,0.013957956,0.053131703,0.0,0.012
471,0.010198147,0.044434883,0.024,0.012
472,0.006378604,0.045642637,0.024,0.024
473,0.0042307302,0.061464757,-0.018,0.072
474,0.0012513255,0.06612252,-0.03,0.102
475,0.0049513383,0.05419649,0.012,0.012
476,0.0058542285,0.05209932,-0.018,0.048
477,0.0055340882,0.051837765,0.03,0.06
478,0.0052425493,0.053055264,0.024,0.024
479,0.006256253,0.05105366,-0.012,0.024
480,0.007862903,0.055542387,0.006,0.06
481,0.008470792,0.052355286,0.0,0.012
482,0.004796533,0.05388527,-0.006,0.036
483,0.0060324436,0.05160803,0.006,0.096
484,0.0059815394,0.05176825,0.036,0.012
485,0.006927484,0.05159013,0.006,0.072
486,0.005627067,0.051164486,0.006,0.06
487,0.0059657586,0.05195198,0.042,0.048
488,0.005784902,0.05161902,0.018,0.084
489,0.006047125,0.051158294,-0.018,0.048
490,0.0062914975,0.05120705,0.012,0.012
491,0.0054380125,0.051784832,0.006,0.036
492,0.0053632623,0.0521116,0.018,0.06
493,0.017549979,0.062195644,0.024,0.012
494,0.005160178,0.05214231,-0.018,0.102
495,0.005457945,0.05014906,0.036,0.024
496,0.004404154,0.0562621,0.006,0.048
497,-0.00056110555,0.046949588,0.03,0.036
498,0.0052673966,0.051659245,-0.006,0.048
499,0.0066115484,0.05079636,-0.018,0.06
500,0.0070152343,0.05074478,0.006,0.06
501,0.0097577,0.056787573,-0.006,0.036
502,0.008387591,0.053128194,0.024,0.012
503,0.005540438,0.052883625,-0.018,0.06
504,0.0048479117,0.051993847,0.036,0.012
505,0.005846818,0.05115017,0.006,0.072
506,0.005127145,0.05145949,-0.024,0.024
507,0.005700507,0.052026942,0.006,0.06
508,0.0054471707,0.05186514,0.006,0.048
509,0.005275625,0.05206075,-0.018,0.048
510,0.0047197207,0.05122866,0.0,0.024
511,0.0069921287,0.050823074,0.036,0.024
512,0.0048820963,0.05214503,-0.006,0.06
513,0.0051510483,0.051580913,0.0,0.012
514,0.006363034,0.051631834,-0.006,0.072
515,0.006040598,0.051134914,-0.006,0.036
516,0.00686258,0.051045056,-0.006,0.048
517,0.009909939,0.052416544,0.042,0.06
518,0.0055297543,0.05203644,0.03,0.06
519,0.005996135,0.051616658,0.006,0.084
520,0.005660417,0.051726792,-0.018,0.102
521,-0.00092482613,0.06630462,0.0,0.024
522,0.0054214057,0.052077964,0.03,0.036
523,0.0034550184,0.053571135,0.006,0.06
524,0.004785876,0.05223664,0.012,0.012
525,0.0051700054,0.050258394,0.042,0.048
526,0.004467545,0.049803343,0.006,0.072
527,0.012147002,0.06482752,0.03,0.036
528,0.0017795386,0.05076989,-0.006,0.072
529,0.00590094,0.05172003,0.03,0.048
530,0.0065371525,0.051074702,0.018,0.036
531,0.002520599,0.0489274,0.006,0.048
532,0.0053234315,0.051705867,0.018,0.084
533,0.006330181,0.056643873,0.018,0.084
534,0.0058752503,0.051241677,-0.006,0.084
535,0.0060778074,0.052507512,0.024,0.012
536,0.006187872,0.05118081,-0.018,0.048
537,0.0020297398,0.05060688,-0.018,0.048
538,0.01195096,0.054522544,-0.006,0.072
539,0.008080161,0.05183231,-0.006,0.048
540,0.004242654,0.052655496,-0.018,0.102
541,0.0048210695,0.052466422,-0.018,0.072
542,0.004261931,0.05262423,0.006,0.06
543,0.0010031848,0.049774684,-0.018,0.036
544,0.0054577235,0.052632593,0.036,0.012
545,0.0058491197,0.051852975,-0.018,0.072
546,0.00732861,0.05360195,-0.006,0.036
547,-0.0069542746,0.047819316,-0.006,0.036
548,0.0060827443,0.051040377,-0.018,0.102
549,0.0038197176,0.05306469,-0.006,0.084
550,0.008082328,0.0508715,0.042,0.048
551,0.0040470553,0.053852558,0.012,0.024
552,0.0056441994,0.051720526,0.018,0.072
553,0.0045340545,0.051473875,-0.018,0.102
554,0.0055936933,0.05173573,0.012,0.012
555,0.012491263,0.053932503,0.012,0.024
556,0.007377467,0.053232826,0.03,0.036
557,0.0065940465,0.051351637,0.0,0.012
558,0.006531861,0.054323755,0.006,0.096
559,0.004590384,0.053045355,-0.012,0.024
560,0.004417563,0.0525708,-0.018,0.06
561,0.0051560374,0.052904308,0.0,0.012
562,0.0059742373,0.0526513,0.024,0.012
563,0.003190882,0.05012084,-0.018,0.072
564,0.005929445,0.05146237,-0.006,0.072
565,0.0051597683,0.05259431,0.018,0.084
566,0.0066667097,0.051304135,0.018,0.036
567,0.0059626615,0.05139899,-0.006,0.036
568,0.011485299,0.05395123,0.006,0.084
569,0.0051832846,0.05080294,0.018,0.036
570,0.017610265,0.059880454,-0.03,0.102
571,-0.00048508774,0.05056354,0.042,0.048
572,0.0028171516,0.054236703,-0.006,0.036
573,0.0054285144,0.051869873,0.042,0.06
574,0.013008087,0.052711558,0.006,0.06
575,0.00470383,0.05141705,0.036,0.024
576,0.0045886333,0.053663988,0.0,0.024
577,0.004874316,0.052737527,-0.006,0.096
578,0.0055426047,0.052097246,0.042,0.048
579,0.04088079,0.06085998,0.042,0.048
580,0.023405569,0.07581787,-0.03,0.102
581,0.0071269264,0.050731633,0.006,0.06
582,0.004863485,0.050478913,0.006,0.072
583,0.0066221827,0.051195458,-0.018,0.06
584,0.008414765,0.06241995,-0.018,0.06
585,0.0046969033,0.052064504,0.03,0.06
586,0.011769477,0.05335931,0.006,0.084
587,0.005451462,0.052086398,-0.03,0.102
588,0.007242067,0.05298815,0.03,0.036
589,0.008853798,0.052246664,0.036,0.012
590,0.0044941963,0.052037723,-0.006,0.096
591,0.01398228,0.06717553,0.0,0.024
592,-3.9210077e-05,0.061194003,-0.006,0.036
593,-0.0014140196,0.075520486,-0.006,0.048
594,0.00451555,0.052053772,-0.012,0.024
595,0.006314327,0.051939484,0.006,0.036
596,0.003973418,0.053197943,0.03,0.048
597,0.0044932226,0.053067304,-0.006,0.048
598,0.007000719,0.05109658,-0.006,0.036
599,0.0054224897,0.05228767,-0.006,0.072
600,0.0045270603,0.052750293,-0.018,0.036
601,0.0047849324,0.05225865,-0.03,0.102
602,0.0055590584,0.05179049,0.018,0.084
603,0.0039558923,0.06340011,-0.006,0.096
604,0.0027635596,0.05161634,0.03,0.036
605,0.006090836,0.051850073,-0.006,0.048
606,0.006141807,0.051570714,0.03,0.06
607,-0.0073655755,0.060560256,0.024,0.024
608,0.006088268,0.05201676,-0.006,0.06
609,0.005944095,0.051381532,-0.006,0.06
610,0.005887884,0.052005164,0.012,0.024
611,0.0060695726,0.051593184,-0.018,0.06
612,0.008274769,0.054100674,0.042,0.06
613,0.005468895,0.05205461,-0.018,0.06
614,0.008250162,0.051741384,-0.012,0.024
615,0.008052645,0.051550012,0.018,0.072
616,0.0061844112,0.052462842,0.006,0.096
617,0.0060503543,0.051817328,0.0,0.012
618,0.005054675,0.052246924,-0.024,0.024
619,0.022003919,0.04624816,0.006,0.06
620,0.006356704,0.051538344,0.012,0.024
621,0.005855636,0.051476166,-0.018,0.09
622,0.003115172,0.05640883,-0.018,0.036
623,0.006932167,0.05137747,0.018,0.072
624,0.0066459025,0.050950494,0.006,0.096
625,0.0046314355,0.049539555,0.0,0.012
626,0.005581693,0.052376848,0.042,0.06
627,0.01336428,0.05246849,-0.012,0.024
628,0.005865571,0.052006356,0.03,0.036
629,0.006070567,0.051773127,-0.018,0.036
630,0.0139669925,0.050073825,-0.018,0.072
631,0.0073740827,0.050347302,0.012,0.012
632,0.012492657,0.051868103,0.012,0.024
633,0.0041928375,0.052752893,-0.012,0.024
634,0.006339603,0.0524874,0.018,0.06
635,0.00726978,0.05080327,0.03,0.048
636,0.0067845467,0.05331967,-0.018,0.102
637,0.0074731824,0.05268681,0.018,0.036
638,0.018352062,0.06645434,0.03,0.036
639,0.045258854,0.060069367,0.018,0.06
640,0.011357701,0.05116373,0.012,0.012
641,-0.007927146,0.050831225,0.006,0.072
642,0.0034506626,0.051554356,0.018,0.072
643,0.0046595945,0.051861692,0.03,0.036
644,0.005131931,0.051988725,-0.006,0.036
645,0.005904823,0.051941123,0.012,0.024
646,0.00016927067,0.036262527,0.018,0.084
647,0.00604936,0.052150864,0.042,0.048
648,0.0046141464,0.051931094,-0.024,0.024
649,0.0059336005,0.05169305,0.0,0.012
650,0.008081238,0.05051517,-0.018,0.048
651,0.0008097128,0.07411341,0.006,0.048
652,0.006961779,0.051157676,-0.018,0.072
653,-0.017623676,0.051031243,-0.024,0.024
654,0.0069219735,0.05359147,-0.018,0.036
655,-0.0047462354,0.04775139,0.0,0.024
656,0.0032171924,0.05248375,0.0,0.024
657,0.0055112117,0.051788155,0.03,0.036
658,0.008600227,0.0545405,0.042,0.06
659,0.0026458553,0.051710755,0.0,0.024
660,0.0058868662,0.052358843,-0.006,0.048
661,0.010571003,0.052145157,0.006,0.06
662,0.071009524,0.08018683,-0.018,0.09
663,0.0050223814,0.051959775,0.018,0.072
664,0.0056159785,0.052250948,-0.006,0.072
665,0.0050266474,0.052250378,-0.018,0.036
666,0.0040485496,0.053760175,0.0,0.012
667,0.005532616,0.0524064,0.024,0.024
668,0.005086823,0.0516358,0.042,0.048
669,0.009714168,0.057825167,0.006,0.096
670,0.00654708,0.048717484,0.006,0.06
671,0.0057987804,0.05236088,0.018,0.06
672,-0.0013345028,0.05135582,0.024,0.024
673,-0.0023474414,0.05698322,0.012,0.012
674,-0.008580289,0.04124263,0.018,0.084
675,0.005589401,0.052482627,0.006,0.036
676,0.0064840736,0.05126378,0.03,0.06
677,0.005071817,0.052811008,-0.006,0.048
678,0.0045677926,0.05317624,0.006,0.036
679,0.005849171,0.053756494,0.006,0.06
680,0.0052587218,0.05221127,-0.006,0.072
681,0.006361604,0.052206565,0.012,0.012
682,0.004998849,0.052289978,0.012,0.024
683,0.009568577,0.052386865,0.018,0.06
684,0.0053638285,0.052022513,0.018,0.036
685,0.0048801606,0.053449597,0.018,0.036
686,0.004522497,0.053271476,-0.018,0.09
687,0.0038053615,0.05279466,0.036,0.024
688,0.006116222,0.051875964,0.03,0.036
689,0.0041210456,0.056512576,0.006,0.072
690,0.010498226,0.051617183,-0.024,0.024
691,0.0071906745,0.04738524,-0.018,0.102
692,0.012738448,0.0559424,0.006,0.036
693,-0.0052521527,0.0736078,-0.03,0.102
694,0.011113194,0.050222415,-0.006,0.072
695,0.007085631,0.051048055,0.006,0.084
696,0.0059040994,0.05251417,-0.03,0.102
697,0.0072694123,0.05109985,-0.006,0.084
698,0.010103342,0.057450596,-0.006,0.084
699,0.006932784,0.051135436,-0.03,0.102
700,0.0034245094,0.050495826,0.006,0.096
701,-0.003273462,0.041273344,0.018,0.072
702,0.0014922754,0.061325353,-0.024,0.024
703,0.01770367,0.06492634,-0.018,0.102
704,0.005821717,0.05199605,0.036,0.024
705,0.010134819,0.05772824,-0.018,0.072
706,0.0061329566,0.052111298,0.036,0.012
707,0.006837882,0.051287908,-0.018,0.072
708,0.005617024,0.052075133,0.024,0.024
709,0.004933837,0.05363758,-0.018,0.06
710,0.0010460056,0.07108846,-0.03,0.102
711,-0.01234794,0.06561403,-0.006,0.036
712,0.005136772,0.052954707,-0.018,0.06
713,0.0062840134,0.052454673,-0.006,0.096
714,0.0016888957,0.061314378,-0.006,0.048
715,0.0061870115,0.05209887,0.006,0.048
716,0.0042512296,0.050212763,0.03,0.048
717,0.001048835,0.049251042,0.006,0.072
718,0.006669555,0.051630013,0.024,0.024
719,0.0054430882,0.05345599,-0.006,0.084
720,0.006280593,0.052217126,0.036,0.024
721,0.006473545,0.051879913,0.024,0.012
722,-0.026783409,0.051670793,0.018,0.084
723,0.010657679,0.052780874,-0.006,0.048
724,0.006108534,0.051749215,-0.03,0.102
725,0.0054800347,0.053026125,-0.018,0.09
726,0.007224767,0.05198666,0.018,0.072
727,0.0059471773,0.051860716,-0.018,0.036
728,0.006099788,0.051772654,0.006,0.06
729,0.0063186265,0.051647097,-0.018,0.072
730,0.0056661335,0.052244324,0.03,0.06
731,0.0053151986,0.053112138,-0.024,0.024
732,0.005657757,0.053088736,0.006,0.084
733,0.005706533,0.054606237,0.03,0.036
734,0.017086565,0.061621755,0.018,0.084
735,0.007014037,0.05114851,-0.006,0.06
736,0.0033926936,0.048845194,0.03,0.048
737,0.0071698586,0.05102859,-0.012,0.024
738,0.0055134636,0.052320983,-0.018,0.072
739,-0.0018053474,0.050323002,-0.006,0.084
740,0.006209746,0.05188092,0.024,0.024
741,0.013776794,0.05454705,-0.018,0.072
742,0.005306375,0.052727938,0.018,0.036
743,-0.0021176334,0.0524106,-0.006,0.036
744,0.0043719076,0.05285879,0.024,0.024
745,-0.009309933,0.046937216,0.012,0.024
746,0.005980041,0.05208942,-0.006,0.072
747,0.0056658145,0.052099817,-0.012,0.024
748,0.005544969,0.052324384,0.024,0.012
749,0.022369733,0.08244476,-0.024,0.024
750,0.005348809,0.05064985,-0.012,0.024
751,0.00662261,0.051334932,0.018,0.072
752,0.00635388,0.051324625,0.018,0.084
753,0.0050494503,0.05207868,-0.018,0.06
754,0.0049500023,0.052318405,-0.03,0.102
755,0.006861035,0.05074721,-0.006,0.096
756,-0.0016706749,0.05057909,0.03,0.036
757,0.0040513575,0.05215501,-0.006,0.036
758,0.0071231076,0.051056758,0.0,0.012
759,0.0065202634,0.04957815,0.006,0.036
760,0.0060215937,0.052327186,-0.006,0.084
761,0.0045925146,0.053822298,0.006,0.036
762,0.005335177,0.052424885,0.0,0.012
763,0.0050056092,0.052623864,0.006,0.084
764,0.009378507,0.06023366,0.03,0.048
765,0.0053921435,0.052102074,0.006,0.048
766,0.0055627767,0.05237211,0.006,0.06
767,0.012682499,0.053877905,0.006,0.084
768,0.004945942,0.053029034,-0.024,0.024
769,0.0062216567,0.051319633,0.042,0.048
770,0.006489717,0.051680744,0.03,0.048
771,0.013742061,0.06324803,0.024,0.012
772,0.0075530345,0.045939054,0.006,0.06
773,0.0044079493,0.052274812,-0.018,0.06
774,0.0059621325,0.05199707,0.024,0.024
775,0.0071636173,0.05273919,-0.018,0.09
776,0.0062451023,0.052322265,-0.006,0.048
777,0.0060313633,0.05195106,-0.024,0.024
778,0.0060054995,0.051330805,-0.018,0.102
779,0.005442488,0.051645637,0.006,0.048
780,0.006378374,0.0515115,-0.006,0.096
781,0.004765615,0.052014973,0.0,0.024
782,0.005483387,0.05215472,-0.018,0.048
783,0.0038341796,0.053056367,-0.018,0.036
784,0.006535597,0.051679112,0.012,0.024
785,0.004724101,0.05264367,-0.018,0.048
786,0.011396779,0.058922358,-0.006,0.036
787,0.0055935364,0.051458802,0.042,0.06
788,0.0043897983,0.051443502,0.042,0.048
789,0.0050822105,0.052477553,-0.012,0.024
790,0.0023328904,0.048651397,0.018,0.036
791,0.006571031,0.0519684,-0.006,0.096
792,0.0030575283,0.054821715,0.006,0.084
793,-0.0048643653,0.05923269,-0.018,0.102
794,0.006166184,0.05184587,-0.018,0.036
795,0.0064169485,0.051254876,0.018,0.072
796,0.006445325,0.05304736,-0.024,0.024
797,0.0049701314,0.05179507,0.042,0.048
798,0.005827411,0.05227098,-0.006,0.084
799,0.011806118,0.054903597,-0.006,0.084
800,0.0016797055,0.048470102,0.012,0.024
801,0.0063905134,0.05130654,-0.012,0.024
802,0.0014260937,0.0601755,-0.006,0.06
803,0.005236835,0.052692506,-0.018,0.102
804,-0.014900053,0.04253691,0.012,0.024
805,0.005718535,0.05293716,-0.018,0.048
806,0.0059083407,0.05165567,0.03,0.048
807,0.0052100467,0.052200213,-0.012,0.024
808,0.007890517,0.043675415,-0.018,0.06
809,0.022054914,0.062947564,-0.006,0.084
810,0.008821603,0.04455532,0.018,0.06
811,0.0049450905,0.05234221,-0.03,0.102
812,-0.0037892521,0.047358394,0.036,0.024
813,0.006434993,0.05214513,-0.006,0.048
814,0.0059297583,0.051744394,0.006,0.072
815,0.07414621,0.06699445,-0.018,0.048
816,0.0038307467,0.054566156,-0.024,0.024
817,0.0019227541,0.05120111,-0.018,0.06
818,0.0050676297,0.05214826,0.006,0.084
819,-0.0022993283,0.05151002,0.042,0.048
820,0.006577117,0.051484678,0.006,0.036
821,0.008135373,0.044816747,0.006,0.036
822,0.005765414,0.052222814,0.024,0.024
823,0.0055045723,0.051972713,0.018,0.036
824,0.0046148156,0.053311296,0.03,0.036
825,0.0045243665,0.05346696,0.018,0.084
826,0.021233507,0.056690946,0.006,0.096
827,0.005480835,0.05265468,0.042,0.06
828,0.006324164,0.0529471,0.024,0.012
829,-0.012243899,0.058153957,0.018,0.084
830,-0.0365507,0.04877816,0.018,0.072
831,0.0010882625,0.048323788,0.042,0.048
832,0.006865784,0.052362233,0.042,0.06
833,0.0065418063,0.052171677,-0.03,0.102
834,-0.009006865,0.048079208,0.0,0.012
835,0.0054283813,0.052536402,0.042,0.06
836,0.0058525354,0.052733053,-0.006,0.084
837,0.0032328619,0.05514678,0.0,0.012
838,-0.003615893,0.063803375,-0.006,0.084
839,0.010792121,0.054152623,0.036,0.012
840,0.0100397365,0.03619101,-0.018,0.09
841,0.0072173337,0.05233794,0.006,0.096
842,0.015919548,0.06078645,-0.018,0.048
843,0.007926527,0.052766766,0.036,0.024
844,0.004432133,0.053513043,0.018,0.072
845,0.0071565597,0.048782382,0.006,0.048
846,0.0065085203,0.051666476,-0.018,0.06
847,0.0067589832,0.051548373,0.006,0.06
848,0.0035689306,0.057345085,0.012,0.024
849,0.0007018461,0.047333144,0.036,0.012
850,0.005020358,0.052742876,0.036,0.012
851,0.0055286298,0.05328089,0.036,0.012
852,0.0053861947,0.053663947,0.006,0.06
853,0.006175312,0.051828742,0.042,0.048
854,0.0052680974,0.05300841,-0.018,0.072
855,0.006085732,0.05209722,0.03,0.036
856,0.005858044,0.052216116,-0.018,0.06
857,0.005182189,0.052573435,0.012,0.012
858,0.0068049226,0.051529083,0.03,0.048
859,-0.0016572452,0.056072492,0.018,0.072
860,-0.004849878,0.04368042,0.03,0.048
861,-0.017804181,0.05064936,0.03,0.036
862,0.0056732846,0.05312695,0.024,0.012
863,0.005166121,0.05276597,0.018,0.084
864,0.0065021114,0.05193085,0.036,0.012
865,0.0070235296,0.05127325,0.012,0.024
866,0.011595365,0.051128298,0.042,0.06
867,0.0062661627,0.05181098,0.024,0.024
868,0.008799539,0.052482717,-0.006,0.048
869,0.0052534556,0.052768372,0.012,0.024
870,0.0054563936,0.052049182,0.018,0.084
871,-0.00910209,0.05118577,0.018,0.072
872,0.006366963,0.051399253,0.03,0.036
873,0.0058537405,0.052729245,-0.006,0.072
874,0.0057824478,0.051907774,-0.018,0.102
875,0.005930613,0.051827904,0.036,0.024
876,0.005066073,0.05353171,0.024,0.012
877,-0.00885628,0.048909485,0.006,0.036
878,0.007240788,0.052514926,0.0,0.012
879,0.0053035384,0.052110314,0.006,0.036
880,-0.0003633583,0.04857394,0.036,0.024
881,0.005812562,0.052676674,0.012,0.012
882,0.0135335475,0.052665234,0.03,0.048
883,0.00504193,0.05199896,0.018,0.072
884,0.0062451274,0.05218519,-0.018,0.072
885,0.0056390874,0.05230544,0.018,0.036
886,-0.0113818925,0.06776001,-0.018,0.036
887,0.0057804966,0.051825803,-0.006,0.06
888,0.0052317213,0.053307228,0.018,0.084
889,0.006367571,0.05159485,0.024,0.024
890,0.007350563,0.05159354,0.006,0.036
891,0.0059237196,0.05347351,0.03,0.048
892,0.011574017,0.05310345,-0.006,0.048
893,0.0072476612,0.051225353,-0.03,0.102
894,0.0061965156,0.05172527,-0.006,0.06
895,0.00688437,0.05266879,-0.018,0.036
896,0.023116395,0.055617422,-0.006,0.072
897,0.005517069,0.05285235,-0.018,0.048
898,0.0062580267,0.05150393,0.018,0.036
899,0.0039721597,0.050927654,-0.024,0.024
900,0.0057356535,0.05258833,-0.012,0.024
901,0.0049833213,0.053392358,0.012,0.012
902,0.005920659,0.0462292,0.006,0.06
903,0.0007310868,0.052750174,-0.018,0.072
904,0.006646407,0.05199876,0.006,0.036
905,0.006026398,0.052349508,0.018,0.072
906,0.006050239,0.04704709,-0.006,0.048
907,0.006106343,0.05370191,-0.018,0.072
908,0.0059315125,0.05280253,-0.006,0.048
909,0.0052133687,0.05287556,0.03,0.036
910,0.005971873,0.051805787,-0.006,0.072
911,0.005972021,0.05246689,0.012,0.024
912,0.006664856,0.051553126,0.018,0.072
913,0.02836978,0.058188144,0.03,0.036
914,0.0047291513,0.054598477,0.042,0.048
915,0.008227066,0.053729236,-0.006,0.096
916,0.00570978,0.05219413,0.006,0.072
917,0.0014348486,0.070954114,0.042,0.048
918,-0.0022968734,0.051588185,-0.018,0.036
919,-0.003200177,0.05150961,-0.006,0.048
920,0.006028741,0.05175472,-0.018,0.036
921,0.006211825,0.052179743,-0.006,0.072
922,0.0062989467,0.051746488,-0.018,0.102
923,0.0061214007,0.051891405,-0.006,0.036
924,0.006466396,0.05212811,-0.006,0.072
925,0.0073892265,0.051256794,0.042,0.06
926,0.006472777,0.051334176,-0.03,0.102
927,0.004397532,0.05289069,0.036,0.024
928,0.0004880866,0.0474427,0.036,0.024
929,-0.006176332,0.052098885,-0.018,0.048
930,0.0060262433,0.052023195,-0.018,0.036
931,-0.015384132,0.07014487,0.006,0.072
932,-0.0014370903,0.04706423,-0.018,0.072
933,0.00491055,0.05258636,0.042,0.06
934,0.008712317,0.052194938,0.018,0.084
935,0.004769287,0.05253016,0.024,0.012
936,0.004673515,0.052427642,0.042,0.048
937,0.0042600343,0.04896766,0.024,0.024
938,0.0066305823,0.050945424,-0.006,0.06
939,0.002602927,0.05906537,-0.012,0.024
940,0.0038043496,0.050094277,0.03,0.06
941,0.0058300276,0.052299228,0.012,0.012
942,-0.019534238,0.053727042,0.006,0.06
943,0.005580581,0.051650383,0.018,0.06
944,0.0054422487,0.052002773,0.03,0.048
945,0.0070893033,0.051156156,-0.03,0.102
946,0.006735967,0.049797498,0.0,0.024
947,-0.003684647,0.044424158,0.042,0.06
948,0.0055204104,0.052724995,0.018,0.06
949,0.006182372,0.052587662,0.006,0.06
950,0.0051911827,0.052332647,-0.018,0.036
951,0.007111866,0.0516078,-0.006,0.048
952,-0.014873011,0.049810052,-0.024,0.024
953,0.009013716,0.052115336,0.024,0.012
954,0.0064018015,0.051358685,-0.018,0.102
955,0.0067506023,0.05117881,0.006,0.072
956,0.0065607037,0.05143538,-0.018,0.072
957,0.015334914,0.062674016,-0.018,0.102
958,0.0066511473,0.051782906,0.006,0.096
959,0.008183166,0.052255526,-0.006,0.072
960,0.006328483,0.051925015,0.042,0.048
961,0.0053992146,0.052369088,0.0,0.012
962,-0.0011859024,0.04741299,0.006,0.096
963,0.026465429,0.05265193,0.03,0.048
964,0.0054834792,0.050853,0.006,0.036
965,0.005680591,0.052338373,0.018,0.036
966,0.0056612203,0.052404612,-0.006,0.06
967,0.006063742,0.051610183,-0.006,0.096
968,0.0060491534,0.052093692,0.042,0.06
969,0.0062668454,0.05135393,0.018,0.06
970,0.0061378255,0.05110911,0.018,0.084
971,0.018611057,0.065667026,-0.018,0.102
972,0.0071024937,0.05087782,-0.03,0.102
973,0.0058610076,0.05181946,0.024,0.024
974,0.006322069,0.051107425,-0.018,0.072
975,0.0061966972,0.050786186,-0.018,0.102
976,0.006714232,0.05107728,0.012,0.024
977,0.006988474,0.051019818,0.018,0.072
978,0.0064771962,0.05154763,-0.018,0.048
979,0.0065075383,0.05230835,0.006,0.06
980,0.006855981,0.051181152,0.006,0.084
981,0.010007065,0.051528838,0.012,0.024
982,0.0058791814,0.0512364,0.03,0.048
983,0.0060892194,0.051046964,-0.006,0.048
984,0.01396586,0.04891108,0.036,0.024
985,-0.0021874774,0.0513685,-0.012,0.024
986,0.0062165903,0.05149175,0.024,0.024
987,-0.0092964675,0.052112896,-0.006,0.096
988,-0.0071916496,0.054976847,0.042,0.048
989,0.0072946423,0.053628627,0.018,0.084
990,0.006626481,0.050909862,0.006,0.048
991,0.0071989717,0.051139954,0.036,0.012
992,0.0052726623,0.052582867,0.03,0.06
993,0.007789937,0.05237005,-0.018,0.102
994,0.006010627,0.05185939,0.018,0.072
995,0.0067197653,0.05174784,0.006,0.048
996,0.002464396,0.050645225,0.042,0.048
997,0.007834801,0.052510947,-0.006,0.084
998,0.01601155,0.06067207,-0.006,0.06
999,0.0043145176,0.055588968,0.006,0.072
1000,0.0067581357,0.05173376,0.042,0.048
1001,0.002352025,0.05164684,0.036,0.012
1002,0.006867501,0.051100317,-0.006,0.048
1003,0.009962022,0.051901534,-0.018,0.102
1004,0.0073706633,0.050890207,0.012,0.024
1005,0.009718819,0.052072924,-0.018,0.036
1006,0.0061915233,0.051538296,-0.006,0.084
1007,0.0059114476,0.05142258,-0.006,0.06
1008,0.005500972,0.05537113,0.018,0.036
1009,0.07308321,0.10455085,-0.006,0.036
1010,-0.012260815,0.05190427,-0.018,0.06
1011,0.006011481,0.052499115,0.024,0.024
1012,0.006099674,0.051242128,0.036,0.024
1013,0.0074797967,0.051236097,0.006,0.084
1014,0.0025232784,0.047714114,0.03,0.06
1015,0.006562889,0.054596458,-0.018,0.048
1016,0.006988535,0.052792646,0.006,0.084
1017,-0.011894003,0.045797624,-0.018,0.048
1018,0.0053735794,0.05249562,-0.018,0.09
1019,0.006498306,0.051038776,0.006,0.036
1020,0.017414728,0.065961875,-0.006,0.084
1021,0.0062652715,0.051283136,-0.018,0.09
1022,0.007377698,0.052401535,0.03,0.036
1023,0.006145228,0.05133179,0.03,0.036
1024,0.0075799166,0.04492692,0.006,0.048
1025,0.0006466913,0.048403308,0.012,0.024
1026,-0.012411362,0.08885639,-0.03,0.102
1027,0.0057703773,0.052137185,0.036,0.012
1028,0.007009543,0.050982304,-0.006,0.084
1029,0.0068993038,0.050778374,0.03,0.036
1030,0.0072995625,0.05091239,-0.018,0.09
1031,0.006530039,0.051242314,-0.018,0.048
1032,0.006794525,0.05110951,0.042,0.06
1033,0.0068256147,0.051222306,-0.018,0.036
1034,0.008171877,0.050055053,-0.018,0.06
1035,0.00574351,0.051735967,0.006,0.072
1036,0.0068343254,0.05068295,0.006,0.084
1037,0.006019337,0.051171016,0.024,0.012
1038,0.0067216535,0.051362425,0.006,0.048
1039,0.013104967,0.052303407,0.036,0.024
1040,0.005817213,0.051559903,0.018,0.072
1041,0.00711474,0.050725948,0.006,0.072
1042,0.0062441695,0.051360033,0.03,0.036
1043,0.0063806036,0.05155903,0.012,0.012
1044,0.0050800336,0.050158065,0.006,0.096
1045,0.0071568,0.050877426,0.018,0.036
1046,0.008633042,0.051047087,0.03,0.06
1047,0.006640368,0.05124972,-0.006,0.048
1048,0.005483558,0.05180294,0.036,0.012
1049,0.0074647274,0.0513558,0.024,0.024
1050,0.006060955,0.051350936,0.006,0.036
1051,0.01095315,0.05267258,-0.024,0.024
1052,0.009907855,0.055992022,0.042,0.06
1053,0.0125184525,0.059606522,0.0,0.012
1054,-0.0067251464,0.04793949,0.024,0.024
1055,0.005762493,0.051652264,0.018,0.06
1056,0.0057632113,0.051914178,0.006,0.096
1057,-0.0006268532,0.08781458,0.036,0.012
1058,0.005464385,0.052085333,-0.012,0.024
1059,0.00571944,0.051631037,-0.018,0.06
1060,0.002347771,0.056895647,-0.018,0.102
1061,0.0068061436,0.051217146,0.018,0.036
1062,0.00642265,0.05162099,0.006,0.048
1063,0.0063344953,0.051069852,-0.006,0.084
1064,0.0061243353,0.05194421,0.006,0.072
1065,0.0064399648,0.05234643,0.012,0.024
1066,0.0060850387,0.052308515,0.0,0.024
1067,0.005753755,0.051907692,0.0,0.024
1068,0.008336831,0.053052202,0.006,0.036
1069,0.012078024,0.057697073,0.042,0.06
1070,0.0069005564,0.051112957,0.024,0.024
1071,0.005857355,0.052256446,-0.018,0.072
1072,0.012613646,0.053047676,-0.018,0.102
1073,0.006468639,0.052596852,-0.006,0.036
1074,0.0060322937,0.05207589,0.018,0.072
1075,0.0049874717,0.05399576,-0.006,0.096
1076,0.0062730704,0.052561913,0.024,0.012
1077,0.006133638,0.052289806,-0.006,0.084
1078,0.008454034,0.051609322,0.018,0.036
1079,0.006610617,0.051875636,0.006,0.096
1080,-0.0020893617,0.060273826,-0.012,0.024
1081,0.0069520483,0.052438073,-0.018,0.036
1082,0.006001278,0.052415084,-0.018,0.036
1083,0.0067870882,0.052034717,0.018,0.06
1084,0.013782753,0.05335357,0.036,0.012
1085,0.009697765,0.05238954,-0.006,0.036
1086,0.0071474984,0.051314153,-0.006,0.096
1087,0.0065856776,0.051360402,-0.018,0.06
1088,0.0040438976,0.052363466,0.018,0.036
1089,0.0036841254,0.060236823,0.0,0.012
1090,0.0063217906,0.052323084,0.042,0.06
1091,0.0062262686,0.05185334,-0.024,0.024
1092,-0.0065500177,0.041650176,-0.018,0.072
1093,0.0063999007,0.052153204,0.036,0.012
1094,0.006720824,0.051865812,0.03,0.048
1095,0.02086417,0.06648656,0.006,0.096
1096,0.0059514544,0.052838337,0.006,0.072
1097,-0.0017851535,0.046353713,0.036,0.024
1098,0.0065469425,0.051818226,0.024,0.024
1099,0.0022469852,0.0514768,-0.03,0.102
1100,0.0065232646,0.051793408,0.024,0.012
1101,-0.0023064432,0.058217946,-0.006,0.072
1102,0.010173655,0.053516664,0.006,0.084
1103,-0.004249638,0.051344212,0.006,0.06
1104,0.009425482,0.0523963,-0.018,0.072
1105,0.0048148427,0.05289046,-0.024,0.024
1106,0.0063314447,0.05189823,-0.018,0.036
1107,0.005758691,0.052170523,-0.006,0.048
1108,0.00576186,0.052044623,-0.012,0.024
1109,0.0037918745,0.058250774,0.006,0.084
1110,0.016660854,0.0651709,0.006,0.06
1111,0.0056024613,0.05169218,-0.018,0.06
1112,0.011337951,0.05212342,-0.006,0.096
1113,0.0060115512,0.05157606,0.0,0.024
1114,0.005695753,0.051985256,-0.018,0.036
1115,0.016086658,0.063355856,0.018,0.084
1116,0.008578307,0.053364877,0.012,0.012
1117,0.00724643,0.050952457,0.006,0.084
1118,0.0069149025,0.051536802,-0.018,0.036
1119,0.006917526,0.051572908,-0.012,0.024
1120,0.0068230927,0.051677532,0.006,0.072
1121,0.0049247826,0.058285654,-0.018,0.072
1122,0.008668484,0.05193896,-0.006,0.048
1123,0.00581678,0.051529966,-0.018,0.06
1124,0.005119618,0.052181628,0.036,0.012
1125,0.0058526774,0.051346827,0.006,0.072
1126,0.006305015,0.051546417,-0.006,0.036
1127,0.006339236,0.050916832,0.006,0.084
1128,0.004551687,0.052794356,-0.03,0.102
1129,0.006480487,0.051238254,-0.018,0.102
1130,0.016370967,0.06401613,0.006,0.036
1131,-0.006963956,0.04816741,-0.012,0.024
1132,0.00300114,0.047609065,-0.006,0.048
1133,0.009502193,0.051797472,0.006,0.096
1134,0.006495533,0.05128287,0.018,0.072
1135,0.006889085,0.050853606,0.036,0.024
1136,0.0049930313,0.0527087,0.024,0.012
1137,0.006439998,0.050511915,0.03,0.048
1138,0.0051173703,0.051832065,0.042,0.06
1139,0.004906865,0.05403647,0.006,0.036
1140,0.00477161,0.05338058,0.006,0.084
1141,0.005996735,0.051588807,-0.018,0.102
1142,0.006546163,0.050582014,0.03,0.036
1143,0.0057753082,0.051041268,0.006,0.072
1144,0.0066583445,0.05122124,0.036,0.012
1145,0.0059931795,0.05195883,0.036,0.024
1146,0.0063732653,0.05123929,0.036,0.024
1147,0.006264221,0.05082419,0.03,0.06
1148,0.009051466,0.068263926,-0.018,0.06
1149,0.006292895,0.05169628,-0.006,0.06
1150,0.006404269,0.0517299,0.0,0.024
1151,0.006280526,0.051739506,-0.018,0.06
1152,0.005904218,0.051777676,-0.018,0.102
1153,0.0023327102,0.050456513,0.012,0.024
1154,0.0067209685,0.051292583,-0.018,0.036
1155,0.0072710663,0.052016053,0.03,0.06
1156,0.0065660346,0.050961897,-0.006,0.06
1157,0.00669587,0.05087235,0.006,0.084
1158,0.0063186046,0.051006883,0.006,0.036
1159,0.006558256,0.050859552,0.018,0.084
1160,0.0064795217,0.0517568,-0.006,0.036
1161,-0.008341238,0.06612966,0.0,0.012
1162,0.006222258,0.050949093,0.006,0.048
1163,0.007114816,0.050943695,-0.006,0.06
1164,0.010478094,0.05181762,-0.006,0.048
1165,0.007170827,0.050852135,-0.006,0.096
1166,0.0064220484,0.050807975,-0.018,0.036
1167,0.0064260727,0.050620507,-0.006,0.036
1168,0.006465083,0.05111621,0.0,0.024
1169,0.0063775973,0.050373085,0.03,0.048
1170,0.007184195,0.050853945,0.006,0.096
1171,0.0067079524,0.05121458,-0.018,0.102
1172,0.006940256,0.051112466,0.012,0.012
1173,0.009877742,0.05141026,0.018,0.072
1174,-3.2428652e-06,0.050358213,-0.018,0.036
1175,0.0067029526,0.05079534,0.018,0.084
1176,-0.0019202679,0.049904563,-0.018,0.09
1177,0.004946202,0.053454373,-0.03,0.102
1178,0.006517784,0.050963428,0.03,0.048
1179,0.006110923,0.051621243,0.024,0.024
1180,0.016251981,0.055779107,0.012,0.012
1181,0.002960648,0.05922774,0.018,0.072
1182,0.0070828274,0.051034685,0.042,0.06
1183,0.0068131145,0.05078472,0.006,0.048
1184,0.029894419,0.04760937,-0.018,0.102
1185,0.0062629804,0.052823987,0.0,0.012
1186,0.0062363287,0.052207287,0.024,0.012
1187,0.0074197897,0.050650932,0.012,0.012
0,0.005805003,0.05205339,0.018,0.06
1,0.007160906,0.050986752,0.012,0.012
2,0.0068249875,0.051408052,0.036,0.024
3,0.0058098948,0.05120009,-0.024,0.024
4,0.012730525,0.05189624,0.018,0.072
5,0.0071863434,0.051202584,-0.006,0.096
6,0.0041534724,0.056090165,0.042,0.048
7,-0.010615064,0.049527295,-0.006,0.048
8,0.007004039,0.05128742,0.036,0.024
9,-0.0013653669,0.04891918,0.006,0.036
10,0.006846697,0.05152057,0.024,0.012
11,0.00055456115,0.0472528,0.03,0.036
12,0.0064461958,0.050688002,-0.018,0.102
13,0.006603635,0.051393803,0.018,0.084
14,0.006549988,0.05190517,0.036,0.024
15,0.005412587,0.05187525,-0.006,0.06
16,0.0067796325,0.051432844,-0.018,0.09
17,0.00630869,0.051945247,0.018,0.036
18,0.0047781663,0.052755255,0.03,0.06
19,0.005067423,0.05219722,0.03,0.06
20,-0.008616005,0.050796513,-0.018,0.072
21,0.006653845,0.05171615,-0.024,0.024
22,0.0061308956,0.051679723,0.036,0.012
23,0.016064301,0.06260749,0.018,0.036
24,0.0061114766,0.051753994,-0.024,0.024
25,0.021743007,0.06919103,0.006,0.036
26,0.00555104,0.052530997,-0.018,0.06
27,0.0065343613,0.05388503,-0.018,0.072
28,0.0048863986,0.052665494,0.024,0.012
29,0.006900482,0.04920305,0.042,0.06
30,0.0066551804,0.05092443,0.024,0.024
31,0.005831075,0.05160254,0.036,0.024
32,0.018768698,0.053282272,0.018,0.06
33,0.0063160798,0.052005596,0.006,0.048
34,0.006054788,0.051566087,0.036,0.024
35,0.018610679,0.066594504,-0.018,0.048
36,0.0056315064,0.051554807,0.006,0.048
37,0.009582469,0.05142651,-0.006,0.036
38,0.005508243,0.051414464,0.018,0.06
39,0.0017416468,0.051411815,0.03,0.048
40,-0.0061942055,0.07958476,0.042,0.048
41,0.0052018203,0.052783567,0.018,0.036
42,0.007137562,0.051059466,0.0,0.024
43,0.019628271,0.06889728,-0.018,0.09
44,-0.00072024995,0.04724408,0.018,0.06
45,-0.0109850615,0.04757652,0.042,0.048
46,0.0028247344,0.04919936,0.006,0.096
47,0.006158848,0.05141809,-0.012,0.024
48,0.007978884,0.05600688,-0.006,0.048
49,0.0028031878,0.05371845,-0.006,0.096
50,0.005918553,0.051602688,-0.006,0.036
51,0.0069434447,0.051355064,-0.012,0.024
52,0.0064193546,0.051164843,-0.006,0.096
53,0.0060325474,0.05143552,-0.018,0.072
54,0.0050164275,0.049374685,-0.024,0.024
55,0.0010807812,0.052470587,0.018,0.084
56,0.0064349608,0.05215734,0.03,0.06
57,0.0064355866,0.05166156,0.036,0.024
58,0.00577604,0.052001063,0.006,0.084
59,-0.005632762,0.062977955,-0.018,0.102
60,0.0048433035,0.053749762,0.018,0.06
61,0.006600041,0.05196118,0.006,0.072
62,0.0055985316,0.051844638,-0.006,0.048
63,0.0065904534,0.051717598,-0.024,0.024
64,0.0052248193,0.052105658,-0.006,0.06
65,0.005689934,0.052334122,0.018,0.06
66,0.005337962,0.051790964,0.042,0.06
67,0.0051305946,0.051999763,0.012,0.024
68,-0.0011455216,0.056017525,-0.006,0.096
69,0.0014398852,0.060150318,-0.006,0.048
70,0.0060020615,0.051281195,0.024,0.012
71,0.0094849095,0.05206068,0.006,0.06
72,0.006104664,0.050816216,0.018,0.06
73,0.0058059404,0.05100239,0.012,0.012
74,0.0061814543,0.050800603,0.036,0.012
75,0.013695803,0.05194663,-0.006,0.096
76,0.007584,0.043658398,-0.018,0.048
77,0.006803077,0.0511585,0.024,0.024
78,-0.010307471,0.050273497,-0.018,0.036
79,0.006202541,0.051309817,0.018,0.084
80,0.005758943,0.0515376,0.006,0.096
81,0.007620399,0.053195145,0.0,0.024
82,0.0063099167,0.05095761,0.006,0.096
83,0.004545437,0.05256248,-0.018,0.036
84,0.0065677576,0.05157099,-0.03,0.102
85,0.020386271,0.0711218,0.006,0.084
86,0.0051308163,0.051999584,-0.006,0.084
87,0.0056996774,0.051271085,-0.024,0.024
88,0.0047825435,0.052030403,0.018,0.036
89,0.006852275,0.051409006,0.024,0.024
90,0.006902217,0.050006803,-0.006,0.072
91,0.006099478,0.05254045,0.042,0.06
92,0.0062464443,0.051981624,-0.018,0.048
93,0.0052110413,0.05302567,-0.006,0.096
94,0.0051935315,0.05238227,-0.006,0.072
95,0.005322196,0.052194968,0.006,0.048
96,0.0071638715,0.050866075,-0.018,0.072
97,-0.0037957733,0.045095414,0.012,0.012
98,0.0069230096,0.051211093,0.03,0.06
99,0.0054621287,0.05140687,0.042,0.048
100,0.006173197,0.04698056,0.036,0.024
101,0.0042186314,0.050059624,-0.006,0.084
102,0.0042061456,0.054791927,0.018,0.084
103,0.0061502513,0.051368702,0.0,0.012
104,0.0061915666,0.05308411,0.012,0.024
105,0.005552445,0.051704824,0.006,0.036
106,0.014731204,0.0619386,0.018,0.072
107,0.0068579107,0.05140121,-0.024,0.024
108,0.0065853903,0.052290108,0.036,0.012
109,0.0056777354,0.051888123,-0.03,0.102
110,0.005282675,0.052258354,0.012,0.012
111,-0.011390145,0.049733393,0.006,0.048
112,0.0053684595,0.051903155,-0.03,0.102
113,0.005551826,0.05223138,0.018,0.084
114,-0.0012092427,0.05054349,0.006,0.084
115,0.0051288754,0.052360874,0.042,0.06
116,0.0052402867,0.052349813,-0.006,0.036
117,0.0036068764,0.06096801,0.03,0.06
118,0.0053674644,0.05214234,-0.018,0.102
119,0.005839596,0.05246661,0.018,0.036
120,0.009156199,0.051745452,-0.006,0.072
121,0.03251869,0.04872795,-0.006,0.06
122,0.0066228467,0.05176722,0.006,0.036
123,0.002192845,0.05068969,-0.018,0.09
124,0.0060104365,0.052523877,0.03,0.06
125,0.006023068,0.051433578,0.006,0.06
126,0.007046444,0.051167507,0.03,0.048
127,0.005869014,0.05223299,-0.006,0.096
128,0.0053402204,0.05190259,0.006,0.048
129,-0.0030481387,0.05295599,-0.018,0.048
130,0.0106013045,0.052360486,-0.018,0.048
131,0.0058368766,0.051588587,0.018,0.06
132,0.007854378,0.05253629,0.03,0.06
133,0.0047977725,0.051591393,0.042,0.06
134,0.0059751775,0.051851388,0.006,0.084
135,0.006725374,0.051917017,-0.018,0.06
136,-0.0078567825,0.05036972,-0.024,0.024
137,-0.0048036445,0.052019637,0.03,0.048
138,0.05516059,0.042764176,0.006,0.06
139,0.003973906,0.057608753,-0.006,0.036
140,0.005215111,0.0528216,0.042,0.048
141,0.0059778024,0.05313356,-0.018,0.048
142,0.0052334303,0.052479424,0.042,0.048
143,0.005128517,0.053197794,0.006,0.084
144,0.015397528,0.050641943,-0.006,0.036
145,0.005728226,0.05282553,0.012,0.024
146,0.0068422514,0.0514913,0.024,0.012
147,0.010252176,0.05475349,0.018,0.084
148,0.0066895033,0.05108396,0.036,0.024
149,0.0063020233,0.051167518,0.012,0.024
150,0.006390456,0.051033217,0.012,0.024
151,0.00700565,0.051210824,0.024,0.012
152,0.0054078493,0.051725168,-0.006,0.048
153,0.0039528823,0.05348904,-0.024,0.024
154,0.005246192,0.0519639,-0.006,0.072
155,0.0067767324,0.05126356,0.042,0.06
156,0.0057989224,0.05187939,0.012,0.024
157,0.0067226538,0.051533654,-0.006,0.036
158,0.031555787,0.07034165,0.036,0.024
159,0.0059739742,0.051647127,0.03,0.036
160,0.01316019,0.052503753,-0.018,0.036
161,0.006546956,0.050933246,0.018,0.036
162,0.0068692537,0.0511788,-0.006,0.096
163,0.006076097,0.052979343,-0.012,0.024
164,0.005387553,0.051890668,0.036,0.024
165,0.0062262607,0.051058616,-0.006,0.06
166,0.0055346806,0.05198546,0.024,0.012
167,0.0056344336,0.051710915,0.006,0.084
168,0.0064832265,0.05140187,-0.006,0.084
169,0.0027839807,0.06245437,0.036,0.012
170,0.005593359,0.05174756,0.018,0.072
171,0.0068086684,0.050762706,-0.006,0.048
172,0.006866662,0.051430646,-0.03,0.102
173,0.0049263537,0.05247739,0.012,0.012
174,-0.013997383,0.046353918,0.018,0.084
175,0.007309472,0.051569514,-0.006,0.096
176,0.00038749631,0.05107146,0.024,0.024
177,0.005499505,0.05445379,-0.006,0.084
178,0.0062549203,0.05138671,0.036,0.012
179,0.009788715,0.05127236,0.036,0.024
180,0.007166907,0.05069347,0.006,0.048
181,0.0051454045,0.05134731,0.042,0.06
182,0.004897515,0.05189186,0.006,0.096
183,0.011564531,0.060035236,0.006,0.084
184,0.008725119,0.055465337,0.018,0.06
185,0.0060314443,0.051154125,0.018,0.06
186,0.005003129,0.051461767,-0.018,0.048
187,0.0101421755,0.056673095,0.03,0.06
188,0.006054382,0.0514671,0.024,0.012
189,0.0025942684,0.04762037,-0.024,0.024
190,0.006715428,0.050894484,0.018,0.06
191,-0.008634982,0.06508979,-0.006,0.048
192,0.003299831,0.050924137,0.024,0.012
193,0.0057122735,0.051146153,-0.006,0.048
194,0.0062491265,0.050981376,0.006,0.084
195,0.005597286,0.051398057,0.018,0.036
196,0.010084944,0.05137032,0.012,0.012
197,0.008150079,0.051726177,0.012,0.024
198,0.006415355,0.05169518,0.006,0.036
199,0.006845993,0.05069582,-0.006,0.06
200,0.006733422,0.051082525,-0.006,0.048
201,0.005996087,0.05117234,-0.018,0.072
202,0.0034030755,0.0567494,-0.018,0.036
203,0.005604037,0.05162893,0.018,0.036
204,0.0028270842,0.0596036,-0.006,0.084
205,0.0070491955,0.05078745,0.042,0.06
206,0.00068946276,0.05064801,0.006,0.084
207,0.014601845,0.052825954,-0.006,0.096
208,0.0046195136,0.052360732,0.006,0.084
209,0.005726048,0.051522713,0.006,0.06
210,0.0068663964,0.05099688,0.018,0.072
211,0.012501201,0.060691126,-0.006,0.06
212,0.01610076,0.06222,-0.024,0.024
213,0.0050568674,0.05236367,-0.024,0.024
214,0.0058633494,0.051281113,0.012,0.012
215,0.00042424025,0.05839288,-0.018,0.036
216,0.0051521114,0.051464904,0.018,0.072
217,0.004582679,0.05252308,0.006,0.084
218,-0.002755011,0.056363467,0.012,0.012
219,0.04003489,0.04159011,0.03,0.048
220,0.0018332694,0.051830206,-0.006,0.084
221,0.020921873,0.060050555,-0.006,0.048
222,0.005766254,0.052155167,-0.012,0.024
223,0.0054689776,0.051439323,0.012,0.012
224,0.005329217,0.0529494,0.03,0.036
225,0.0063454984,0.060374707,0.018,0.036
226,0.0018616761,0.05090519,0.018,0.072
227,0.0060041253,0.051462643,-0.006,0.06
228,0.010040002,0.056400973,0.024,0.024
229,0.008599337,0.057909712,-0.006,0.096
230,0.0062084547,0.051509265,0.0,0.024
231,0.028097562,0.056957047,0.0,0.024
232,0.015205037,0.053924117,0.006,0.072
233,0.006560921,0.051782206,-0.012,0.024
234,0.013583052,0.052136645,-0.012,0.024
235,0.0073915794,0.052722763,0.03,0.06
236,0.0066924365,0.05102919,-0.03,0.102
237,0.006274657,0.05116573,0.012,0.012
238,0.003964752,0.057317343,-0.006,0.084
239,0.006508072,0.051351212,0.0,0.012
240,0.006951533,0.05303971,0.036,0.012
241,0.00956283,0.05583822,0.006,0.084
242,-0.0026224093,0.04735357,0.006,0.084
243,0.013424193,0.05958066,-0.006,0.048
244,0.005234561,0.05249695,-0.018,0.06
245,0.0046785683,0.05315956,0.006,0.096
246,0.0051543894,0.05284564,0.03,0.036
247,0.0024456736,0.05036056,0.0,0.024
248,0.041218095,0.060778398,0.024,0.024
249,0.006950125,0.05093917,-0.006,0.072
250,0.0021196213,0.04868951,0.006,0.084
251,0.0061898762,0.05332526,0.018,0.06
252,0.005454611,0.052334778,0.012,0.012
253,0.0049370425,0.05505876,0.024,0.012
254,0.0040548574,0.053380203,0.018,0.084
255,0.0054109558,0.051921614,0.03,0.06
256,0.009494458,0.057055626,0.018,0.072
257,0.008967457,0.05073533,-0.006,0.048
258,0.005888026,0.04837997,0.018,0.084
259,0.008833085,0.052325554,-0.012,0.024
260,0.006214822,0.05147603,0.018,0.072
261,0.0039265975,0.05334921,-0.006,0.036
262,0.008061769,0.057024345,-0.006,0.084
263,0.0031016762,0.051898524,0.006,0.084
264,-0.007459085,0.051049303,0.024,0.012
265,0.0044418317,0.052968394,0.006,0.084
266,0.0048330016,0.052453898,0.012,0.024
267,0.0054260883,0.051493246,0.018,0.084
268,0.0038013672,0.051394492,0.018,0.084
269,0.0043688524,0.05196621,0.006,0.072
270,0.004882306,0.05198438,0.036,0.012
271,0.0048208395,0.05227706,0.03,0.036
272,0.005947239,0.051279042,0.006,0.084
273,0.0069670086,0.04626998,0.018,0.036
274,0.0053674793,0.052821767,-0.018,0.09
275,0.005949103,0.05125058,0.024,0.024
276,0.004653657,0.05232496,-0.03,0.102
277,0.004625393,0.051977284,-0.006,0.072
278,0.0068296185,0.05084939,-0.018,0.09
279,0.008594148,0.053113732,-0.006,0.048
280,0.005378867,0.051578525,0.012,0.024
281,0.0071621556,0.05454857,0.006,0.048
282,0.005041181,0.0516801,0.006,0.084
283,0.0065367483,0.05235139,0.042,0.06
284,0.00597258,0.05181012,0.0,0.012
285,0.006346859,0.051667955,-0.018,0.09
286,0.008338441,0.059099674,0.006,0.048
287,0.0057194517,0.05198002,0.006,0.048
288,0.006218378,0.051854845,0.006,0.036
289,0.006417351,0.052055344,-0.018,0.102
290,0.006094734,0.052886363,0.006,0.072
291,0.0064556687,0.05118122,-0.018,0.072
292,0.009871263,0.055707205,0.03,0.036
293,0.0062749293,0.05269772,-0.006,0.048
294,0.006194321,0.052488633,0.0,0.024
295,0.0054006465,0.051852554,-0.018,0.09
296,0.006058284,0.05219637,0.006,0.096
297,0.004867237,0.05259215,-0.018,0.072
298,0.034885045,0.05330454,0.018,0.084
299,0.0062019313,0.05157326,0.006,0.072
300,0.0046551833,0.05303157,0.018,0.084
301,0.005298913,0.053209253,0.006,0.096
302,0.0069647254,0.05099385,0.042,0.06
303,0.0030006147,0.04678085,0.0,0.012
304,0.0049084784,0.05272382,-0.018,0.102
305,0.004086396,0.05177788,0.018,0.084
306,0.004606698,0.0528371,-0.03,0.102
307,0.009897312,0.052960113,-0.006,0.06
308,0.0053855237,0.052166883,-0.006,0.072
309,0.0066839093,0.051432673,-0.006,0.048
310,0.0066457074,0.052583475,-0.006,0.096
311,0.005422058,0.05184825,0.024,0.024
312,0.005597908,0.052461304,-0.018,0.072
313,0.005758859,0.051694907,0.0,0.012
314,0.009588992,0.052940246,-0.006,0.072
315,0.0043389658,0.053160243,0.03,0.06
316,0.0046514035,0.05275948,-0.006,0.096
317,-0.025255984,0.07398997,-0.006,0.096
318,0.028780378,0.049116265,0.018,0.072
319,0.0038716728,0.05422054,-0.006,0.06
320,0.004585946,0.052483063,0.006,0.072
321,0.003018945,0.056560405,0.018,0.06
322,0.0054949303,0.051750503,0.006,0.036
323,0.0054738293,0.051633663,-0.006,0.096
324,0.004772594,0.052410565,0.0,0.012
325,0.006995783,0.043477684,0.036,0.012
326,0.010836387,0.05324216,0.012,0.024
327,0.005633523,0.05175272,0.024,0.024
328,0.0067137424,0.051113304,-0.018,0.09
329,0.0050774263,0.051975112,-0.006,0.036
330,0.0053976867,0.051729076,0.018,0.036
331,0.00618778,0.051929735,-0.006,0.036
332,-0.012095757,0.04742213,0.012,0.012
333,0.0061868066,0.051532835,-0.006,0.036
334,0.0047339196,0.05242534,-0.024,0.024
335,0.0050046276,0.052034862,0.006,0.048
336,0.006297438,0.051523212,-0.03,0.102
337,0.0048497724,0.051028684,0.036,0.024
338,0.003067846,0.05145983,0.042,0.06
339,0.0076690177,0.051433995,-0.024,0.024
340,0.008013145,0.05149355,0.018,0.036
341,0.006001133,0.050973225,-0.018,0.102
342,0.0063504516,0.04723908,0.03,0.036
343,0.004090397,0.05087957,-0.006,0.096
344,0.0068511097,0.046637077,0.018,0.06
345,0.009159216,0.051810477,0.006,0.084
346,0.0055775773,0.052000064,-0.006,0.048
347,0.00600054,0.052499603,0.012,0.012
348,0.006862717,0.05100936,-0.006,0.06
349,0.0155781405,0.07172018,0.018,0.036
350,0.006946648,0.05477646,0.018,0.084
351,0.0045570955,0.05129387,0.042,0.048
352,0.0063279755,0.05141362,0.024,0.024
353,0.0055206595,0.051489007,0.012,0.012
354,0.0057321712,0.051528357,-0.006,0.072
355,0.0052373465,0.052404113,-0.012,0.024
356,0.0030028042,0.051492486,0.018,0.06
357,0.006704685,0.05175039,-0.03,0.102
358,0.0027914946,0.05707585,-0.006,0.096
359,0.010186039,0.051669225,0.018,0.036
360,0.007963154,0.051504347,-0.006,0.048
361,0.0057787723,0.05119214,0.03,0.06
362,0.005826722,0.051208332,0.006,0.072
363,0.005661785,0.051467985,0.012,0.024
364,0.008131632,0.051507723,0.006,0.06
365,0.0061482047,0.05150593,-0.006,0.096
366,0.0057571037,0.051972374,-0.024,0.024
367,0.0047953697,0.05297995,-0.018,0.06
368,-0.011377458,0.038441252,0.006,0.036
369,0.015086425,0.06094259,-0.018,0.048
370,0.0058421176,0.05211839,0.006,0.048
371,0.0062667364,0.051471934,-0.006,0.084
372,0.006711546,0.05135519,-0.03,0.102
373,0.0010977294,0.054553,-0.03,0.102
374,0.0058929976,0.05183138,-0.018,0.072
375,0.005178191,0.05244152,0.018,0.036
376,0.0057500424,0.05171235,-0.018,0.06
377,0.005765764,0.05184633,-0.018,0.072
378,0.015303573,0.06970974,-0.018,0.06
379,0.004312617,0.05682995,0.0,0.024
380,0.00038162433,0.050732143,0.036,0.012
381,0.005841474,0.05144577,0.036,0.012
382,0.005908013,0.052048452,0.036,0.024
383,0.006580336,0.05226274,0.006,0.072
384,0.008444682,0.049717825,-0.018,0.102
385,0.0040069185,0.050930746,0.042,0.06
386,0.005912328,0.05210969,-0.024,0.024
387,0.006177496,0.051771965,-0.018,0.072
388,0.012206476,0.057693258,-0.024,0.024
389,-0.0023643258,0.05397542,0.012,0.012
390,0.018706769,0.07535956,0.018,0.072
391,0.006254693,0.051482912,-0.006,0.036
392,0.0058725895,0.053770922,-0.018,0.09
393,0.0057231276,0.05221273,0.03,0.06
394,0.01159625,0.06471868,-0.018,0.06
395,0.0051978603,0.054081697,0.006,0.096
396,0.009037707,0.053406145,-0.006,0.048
397,0.0059930584,0.05143168,0.03,0.036
398,0.0060809525,0.051957775,0.006,0.096
399,-0.009500969,0.049162343,-0.006,0.072
400,0.005164225,0.053332634,0.024,0.024
401,0.006883652,0.051589876,0.042,0.048
402,0.005574248,0.05217287,0.024,0.024
403,0.005323287,0.051167343,0.03,0.06
404,0.005652724,0.05193607,-0.018,0.072
405,0.0039514457,0.05354788,-0.006,0.084
406,0.0061368733,0.052306693,-0.006,0.06
407,0.0058028502,0.052142847,0.03,0.048
408,0.009513807,0.0509492,0.03,0.036
409,0.00066255685,0.050761923,0.018,0.084
410,0.01628748,0.051658653,0.006,0.096
411,-0.0037927134,0.051325694,0.012,0.012
412,0.0054351115,0.05217791,-0.018,0.048
413,0.005011424,0.052390713,0.006,0.084
414,-0.008673943,0.02522295,-0.006,0.084
415,0.0035224478,0.05070498,0.006,0.048
416,0.006491972,0.051452447,-0.018,0.048
417,0.004795716,0.052576672,0.018,0.06
418,0.00575744,0.052172232,0.03,0.06
419,0.0054333154,0.051892135,0.006,0.06
420,0.010190936,0.052016318,0.036,0.012
421,0.005228978,0.05225747,0.03,0.048
422,0.0085766595,0.053653076,0.018,0.084
423,-0.011748316,0.05298419,-0.006,0.048
424,0.005278916,0.052326597,0.036,0.024
425,0.006249939,0.051928215,0.018,0.072
426,0.0058704526,0.052698772,0.036,0.024
427,0.009033903,0.051881496,0.018,0.06
428,0.005305412,0.052685093,0.018,0.06
429,0.01096952,0.055620447,0.012,0.012
430,0.0052929725,0.05309315,-0.006,0.084
431,0.005984487,0.052262962,0.036,0.024
432,0.008919662,0.040825173,0.024,0.024
433,0.006943269,0.051251758,0.024,0.012
434,0.006376232,0.051658075,0.0,0.012
435,0.004363862,0.05369956,-0.018,0.06
436,0.0046038427,0.05790411,0.012,0.012
437,0.013636608,0.052770376,0.018,0.06
438,0.00703344,0.051211916,0.006,0.072
439,0.006077138,0.052378993,0.018,0.06
440,0.0067018513,0.051575612,0.012,0.024
441,-0.007875556,0.05113261,0.006,0.096
442,-0.007368796,0.053178497,0.03,0.048
443,0.009084702,0.037857432,-0.018,0.072
444,0.0068562413,0.050170604,0.006,0.084
445,0.0049553467,0.053514134,-0.018,0.102
446,0.01249731,0.053500354,0.006,0.096
447,0.006546443,0.051517434,-0.018,0.036
448,0.0045524742,0.055952713,-0.018,0.102
449,0.006288346,0.05162044,0.018,0.06
450,0.0062541924,0.051693823,-0.018,0.102
451,0.0067659505,0.052034073,-0.006,0.06
452,0.013961977,0.06549302,-0.006,0.072
453,0.005774702,0.052744336,0.006,0.036
454,0.0052928957,0.05334134,-0.006,0.096
455,0.006561867,0.051726874,0.018,0.036
456,0.00709418,0.051087685,0.036,0.024
457,0.00460646,0.05162269,0.006,0.036
458,0.00704962,0.054519877,0.036,0.012
459,0.006525789,0.051492043,0.018,0.084
460,0.007044991,0.051577043,-0.006,0.096
461,0.0068361154,0.052326463,0.036,0.012
462,0.008275227,0.052612983,0.018,0.072
463,0.008086637,0.04369498,0.024,0.012
464,0.005920181,0.05218144,0.03,0.06
465,0.006476444,0.051608082,0.006,0.06
466,0.0052769277,0.05096594,0.006,0.06
467,0.00518668,0.052378356,-0.012,0.024
468,0.0051049963,0.053210173,0.036,0.012
469,0.0119128395,0.029582243,0.024,0.024
470,0.0060180584,0.051865194,0.018,0.072
471,0.0062941546,0.051640324,-0.006,0.084
472,0.0071260547,0.050893944,-0.006,0.096
473,0.0054503116,0.052005466,-0.018,0.048
474,0.006021148,0.052127965,0.036,0.012
475,0.006130072,0.05169041,0.006,0.06
476,0.0043485686,0.049331572,-0.018,0.036
477,0.0117141865,0.053074367,-0.006,0.06
478,-0.003260363,0.04917992,-0.018,0.072
479,0.00939677,0.05589815,-0.006,0.072
480,0.005647217,0.051943563,-0.018,0.048
481,-0.012450689,0.048972983,-0.018,0.102
482,0.007105319,0.05088801,0.024,0.012
483,0.009270741,0.052721735,-0.006,0.036
484,0.0052525643,0.052009843,0.006,0.036
485,0.006487341,0.052025337,0.03,0.048
486,0.0071528186,0.052075893,0.012,0.024
487,0.006735368,0.05198165,-0.018,0.09
488,0.006195334,0.051812947,-0.006,0.06
489,0.0062304405,0.05245909,0.042,0.048
490,-0.00063485745,0.06585993,0.03,0.048
491,0.023841042,0.04615914,-0.006,0.06
492,0.006461302,0.052231573,0.03,0.06
493,0.00630122,0.051846437,-0.006,0.084
494,0.010649436,0.05151312,0.03,0.036
495,0.00561474,0.052088283,0.042,0.06
496,0.006935927,0.051200926,0.006,0.06
497,0.0043642805,0.05361917,-0.006,0.06
498,0.0055930195,0.05185677,0.012,0.024
499,0.017931484,0.06480633,0.042,0.048
500,-0.005066271,0.054350145,0.036,0.012
501,0.006218627,0.051576085,0.0,0.024
502,0.0048721563,0.051503357,0.024,0.012
503,0.0056047854,0.052527923,0.0,0.024
504,0.0063089,0.051722802,0.036,0.012
505,0.005428545,0.052879136,-0.012,0.024
506,0.0063569127,0.054490834,-0.024,0.024
507,0.006802778,0.051744502,-0.018,0.102
508,0.00618459,0.052334234,-0.018,0.102
509,-0.0057087573,0.050327085,0.018,0.084
510,0.007014077,0.051284973,-0.006,0.036
511,0.056187842,0.05484458,0.0,0.024
512,0.0020414148,0.061675932,0.03,0.06
513,0.0070103714,0.055927493,0.036,0.024
514,0.00563909,0.051954463,0.012,0.012
515,0.005838397,0.05240136,0.0,0.012
516,0.005564019,0.05233211,0.03,0.06
517,0.005835044,0.052651912,0.006,0.084
518,0.0048205787,0.053041156,-0.006,0.06
519,0.011700589,0.060207833,-0.012,0.024
520,0.005157252,0.051959716,0.012,0.012
521,0.014147975,0.059468616,0.006,0.084
522,0.005916659,0.05021023,0.012,0.012
523,0.007354985,0.051971048,0.018,0.084
524,0.006694019,0.05177112,0.036,0.024
525,0.0044374526,0.05319551,-0.006,0.048
526,0.0044684624,0.05276353,-0.006,0.084
527,0.0069802064,0.0511695,0.024,0.012
528,0.0057830177,0.052036066,0.042,0.048
529,0.008078687,0.051385842,-0.018,0.09
530,-0.0034318184,0.050805237,0.006,0.048
531,0.005409921,0.052063487,0.024,0.024
532,0.015773516,0.05144476,-0.03,0.102
533,0.005604465,0.052160174,0.006,0.036
534,0.0069002723,0.051455043,0.006,0.036
535,0.004352829,0.052809957,0.024,0.012
536,0.006837513,0.05217718,0.006,0.096
537,0.0046296474,0.053012867,0.0,0.024
538,0.00491885,0.05289551,0.03,0.048
539,0.0066541354,0.05153514,0.006,0.048
540,0.0010006363,0.047172334,-0.006,0.084
541,0.007142303,0.051202506,0.024,0.024
542,0.008964285,0.051811673,-0.006,0.084
543,0.0021741996,0.06290524,0.006,0.072
544,0.005143567,0.05270456,-0.018,0.09
545,0.006842787,0.051375125,0.024,0.012
546,-0.0060744258,0.05086393,0.012,0.024
547,0.0055846768,0.05202591,-0.03,0.102
548,0.006242512,0.05200527,0.03,0.06
549,-0.0007663318,0.055839222,0.042,0.048
550,0.005307781,0.05282345,0.03,0.036
551,0.005828445,0.051925085,-0.018,0.036
552,0.0054579047,0.052682377,0.006,0.084
553,0.0067823282,0.051699817,-0.018,0.102
554,0.0068730577,0.051333386,0.006,0.06
555,0.005541892,0.052098215,-0.018,0.102
556,0.014966272,0.06771707,0.03,0.036
557,0.005216943,0.052867964,0.012,0.012
558,0.005852269,0.051591348,0.012,0.024
559,0.012663232,0.07602301,0.018,0.072
560,0.0047951527,0.05236992,-0.006,0.084
561,0.006133581,0.051367726,-0.03,0.102
562,0.00676514,0.053494077,0.018,0.084
563,-0.01446102,0.050253585,0.006,0.036
564,0.0058875843,0.051533453,-0.012,0.024
565,0.00065966183,0.052065194,0.036,0.012
566,0.0062508415,0.05161965,0.042,0.048
567,0.0029563312,0.057948098,-0.006,0.084
568,0.0070220605,0.051083874,-0.012,0.024
569,0.006131431,0.052087516,0.042,0.048
570,0.0060553653,0.05203437,-0.018,0.072
571,0.005920833,0.05236699,0.006,0.084
572,0.0063755917,0.05152773,-0.03,0.102
573,0.007120793,0.051076766,0.018,0.084
574,0.0062007625,0.05202942,0.024,0.012
575,0.0051994263,0.0526881,-0.03,0.102
576,0.014193285,0.052712597,0.018,0.06
577,0.0027947733,0.05903831,0.0,0.012
578,0.0059693838,0.052750535,-0.018,0.048
579,-0.0022682552,0.065378405,0.036,0.024
580,0.013486564,0.061477512,0.036,0.012
581,0.0040658345,0.054173164,0.036,0.024
582,0.018028408,0.05054999,0.006,0.072
583,0.0048589967,0.051486064,0.006,0.072
584,0.006648499,0.05159312,0.03,0.036
585,0.006062449,0.051532313,0.006,0.072
586,0.008625004,0.044301517,0.018,0.036
587,0.023860507,0.050899934,-0.006,0.048
588,0.005622726,0.052091748,-0.006,0.072
589,0.0111734215,0.058868825,0.0,0.024
590,0.007476043,0.05301408,0.03,0.06
591,0.004207513,0.052793637,0.024,0.012
592,0.005677956,0.052618768,0.006,0.036
593,0.013964392,0.053799447,0.006,0.072
594,0.0059298854,0.05243759,-0.018,0.072
595,0.007104014,0.051128287,0.036,0.012
596,0.0064816936,0.051402416,0.036,0.024
597,0.006570044,0.05148681,0.018,0.06
598,0.0039046882,0.050208367,0.042,0.06
599,0.007038695,0.0511626,0.006,0.072
600,0.0050489604,0.052757405,0.006,0.048
601,0.005660017,0.051622476,0.042,0.048
602,-4.6791043e-05,0.05088123,-0.03,0.102
603,0.0066148206,0.051473357,0.03,0.048
604,0.027780864,0.05469311,0.012,0.012
605,0.007639318,0.051291354,0.006,0.048
606,0.005779084,0.052747983,0.018,0.072
607,0.0085091945,0.05227177,0.006,0.036
608,0.005169741,0.052161843,-0.018,0.072
609,0.0057125576,0.051729564,0.018,0.036
610,0.028672636,0.042085964,-0.018,0.048
611,0.0030953083,0.056746107,-0.012,0.024
612,0.005419912,0.051869392,0.042,0.06
613,-0.0026098192,0.04960182,0.03,0.06
614,0.015444538,0.0478658,-0.012,0.024
615,0.0104618445,0.058052473,-0.024,0.024
616,0.008166364,0.052404862,0.03,0.036
617,0.0045986557,0.052426875,-0.006,0.048
618,0.005577989,0.051912226,-0.018,0.06
619,0.0065707504,0.051590167,0.024,0.012
620,0.0057796948,0.05156413,-0.006,0.036
621,0.00561134,0.05265431,0.03,0.06
622,0.006875239,0.05130998,0.0,0.012
623,0.0065924046,0.0513856,0.036,0.012
624,0.0043796888,0.057308752,-0.024,0.024
625,0.005460889,0.05217466,0.012,0.012
626,0.0058239736,0.052828286,-0.018,0.048
627,0.0045886612,0.052464135,0.03,0.06
628,0.00520883,0.052324604,0.018,0.036
629,0.0070630354,0.051046934,0.0,0.012
630,0.008712031,0.0531168,0.036,0.012
631,0.005471335,0.05214211,0.006,0.036
632,0.006510721,0.05154284,0.018,0.036
633,0.0066074133,0.051606208,-0.018,0.102
634,0.0045417715,0.052354757,0.018,0.06
635,0.0054439334,0.051841043,0.006,0.036
636,0.006669481,0.051292222,0.018,0.072
637,0.012052415,0.053486295,-0.006,0.096
638,0.006963457,0.051042106,-0.018,0.048
639,-0.0038364362,0.047614254,0.024,0.012
640,0.006799626,0.05133256,0.018,0.084
641,0.0069540646,0.05107839,0.024,0.012
642,0.004960209,0.05466532,0.03,0.048
643,-0.024940418,0.044308268,0.018,0.084
644,0.00486154,0.054379523,-0.024,0.024
645,0.0058940607,0.052277293,-0.018,0.048
646,0.006412346,0.05179409,0.006,0.084
647,0.009088781,0.051488817,0.024,0.024
648,0.0049976353,0.052303225,0.018,0.036
649,0.0055418564,0.052618932,-0.018,0.036
650,0.006040058,0.051816184,0.036,0.012
651,0.005729325,0.05225174,-0.018,0.09
652,0.0058253338,0.051883373,-0.006,0.048
653,0.0051958803,0.051891956,-0.018,0.09
654,-0.008206079,0.060182497,0.03,0.06
655,0.005852186,0.051438995,0.042,0.048
656,0.0061143693,0.051890478,0.0,0.012
657,0.0055733705,0.052304782,0.036,0.024
658,-0.019807106,0.043109633,0.006,0.084
659,0.0065909526,0.051763956,-0.018,0.102
660,0.00850364,0.0532649,-0.018,0.06
661,0.0059667164,0.05170951,0.042,0.048
662,0.0036224201,0.0499908,0.0,0.024
663,0.0057917954,0.051544085,0.03,0.06
664,0.0055058775,0.05126875,0.006,0.06
665,0.006874257,0.051147453,-0.018,0.09
666,0.0071036774,0.05099562,0.03,0.048
667,0.014316531,0.05224766,0.006,0.084
668,0.0072114207,0.050865576,0.0,0.024
669,0.0052894135,0.053306397,0.03,0.06
670,0.006817934,0.051349107,0.036,0.012
671,0.006069943,0.051358353,-0.006,0.036
672,0.006439534,0.051699422,0.042,0.06
673,0.0054865982,0.052272055,-0.018,0.09
674,0.013950412,0.051555358,0.024,0.012
675,0.0051303348,0.05219993,-0.018,0.036
676,0.0069671343,0.05100148,-0.03,0.102
677,-0.00037031155,0.04744634,0.006,0.06
678,0.006463307,0.051675506,0.03,0.06
679,0.0044762585,0.051735766,-0.006,0.048
680,0.00270076,0.058062527,0.0,0.024
681,0.020823393,0.054389633,-0.03,0.102
682,0.0067696646,0.051330052,0.042,0.048
683,0.0069335923,0.053753536,-0.006,0.072
684,-0.03062335,0.07654008,0.042,0.06
685,-0.00014844723,0.050131492,0.024,0.024
686,0.0059115104,0.05115808,0.03,0.036
687,0.014656558,0.053002838,0.006,0.048
688,0.0102283545,0.05143017,0.018,0.036
689,0.00617004,0.051311314,-0.018,0.102
690,0.016441511,0.06377988,-0.006,0.048
691,-0.017859645,0.048930403,0.0,0.024
692,0.0063095842,0.051047254,0.042,0.048
693,0.008166893,0.043388937,-0.018,0.102
694,0.032502536,0.05673805,-0.006,0.06
695,0.006127373,0.051594436,-0.018,0.072
696,0.011406755,0.05685131,0.006,0.048
697,0.0061152116,0.05161983,0.018,0.072
698,0.006073216,0.05190669,-0.018,0.06
699,0.006318236,0.05129042,0.042,0.06
700,0.00584273,0.051839944,-0.006,0.036
701,0.0069174925,0.051521692,-0.006,0.048
702,0.005795061,0.052246314,0.0,0.024
703,0.004052268,0.059088238,0.006,0.048
704,0.006365147,0.0515867,-0.018,0.036
705,0.006460443,0.051386885,-0.006,0.06
706,0.007477035,0.051501308,-0.018,0.048
707,0.0056829937,0.052107718,-0.018,0.06
708,0.00901305,0.05146002,0.012,0.012
709,0.005967695,0.051551145,0.006,0.084
710,0.0007426096,0.057155892,0.042,0.06
711,0.0049370825,0.050963998,0.018,0.06
712,-0.005941636,0.047472432,-0.006,0.072
713,0.008366822,0.044486515,0.042,0.06
714,0.007245972,0.050851997,0.0,0.024
715,0.0056084613,0.051499303,0.006,0.036
716,0.010231668,0.05253376,-0.006,0.072
717,0.0069470075,0.05120311,0.0,0.012
718,0.0056621805,0.051837232,0.012,0.024
719,-0.0049925093,0.06651342,0.03,0.036
720,0.0076268017,0.052212954,0.006,0.084
721,0.01676656,0.06503029,0.042,0.048
722,0.004712492,0.054028444,-0.018,0.036
723,0.006152104,0.051931445,0.0,0.012
724,0.0066511813,0.052305296,0.042,0.06
725,-0.008029196,0.044275165,0.0,0.024
726,0.01256895,0.050524157,0.03,0.06
727,0.01173922,0.056111753,0.042,0.06
728,-0.009167779,0.051432114,0.006,0.048
729,0.006440595,0.05129921,0.006,0.084
730,0.020274248,0.07878435,0.042,0.06
731,0.0057881977,0.051086813,0.006,0.048
732,0.0059198216,0.0509448,-0.006,0.048
733,0.016454559,0.04985517,-0.006,0.036
734,0.006797348,0.051160596,-0.018,0.06
735,0.0072238953,0.05068164,-0.03,0.102
736,-0.009669844,0.05859361,0.012,0.012
737,0.011162225,0.052040845,0.042,0.048
738,0.007236331,0.05067925,-0.018,0.048
739,0.005038591,0.056754418,-0.024,0.024
740,0.005550164,0.051424764,-0.018,0.072
741,0.009504151,0.06586557,0.03,0.048
742,0.011578414,0.051731776,0.006,0.096
743,0.006461638,0.051144477,0.012,0.024
744,0.009407053,0.051493376,0.018,0.036
745,0.0036819908,0.056473635,0.018,0.072
746,0.0065004756,0.050795592,0.006,0.048
747,0.006836374,0.050834946,-0.018,0.072
748,0.006136999,0.05119253,0.036,0.024
749,0.01010036,0.055525705,0.018,0.036
750,-0.0003044107,0.058993425,-0.018,0.072
751,0.009770475,0.051483423,0.006,0.096
752,0.006024867,0.05131655,-0.006,0.096
753,0.0051223338,0.0500637,0.036,0.012
754,0.0049978243,0.05111732,0.018,0.084
755,-0.0056411405,0.056594886,0.006,0.036
756,0.0063443985,0.051370263,0.006,0.096
757,0.006796741,0.052600782,0.03,0.048
758,0.009508746,0.05420977,0.018,0.072
759,0.013096364,0.05199451,-0.018,0.036
760,0.0048633954,0.05251863,-0.012,0.024
761,0.007232792,0.051104985,0.03,0.048
762,0.006578913,0.051322404,0.018,0.072
763,0.0049373414,0.05209818,0.006,0.084
764,0.012527538,0.057827704,-0.018,0.09
765,0.006344823,0.051379617,0.036,0.012
766,0.0009484682,0.049329534,0.012,0.024
767,0.007296298,0.050870094,0.042,0.06
768,0.005755419,0.052852746,-0.018,0.102
769,0.0061088814,0.051077645,0.012,0.024
770,0.005831753,0.051869456,-0.006,0.048
771,0.00504688,0.050419167,0.018,0.084
772,0.0072705755,0.050966673,0.006,0.072
773,0.0027712411,0.057155546,0.042,0.048
774,0.0072898804,0.050941277,0.03,0.048
775,0.0062805167,0.05169623,0.042,0.048
776,0.00652845,0.05135894,0.018,0.06
777,0.0038489068,0.049982835,0.012,0.024
778,0.01205321,0.05168559,0.018,0.072
779,-0.0017331024,0.04925156,0.042,0.06
780,0.0064564785,0.050995365,0.042,0.048
781,0.0052640876,0.05289451,0.024,0.024
782,0.0064858105,0.051039606,-0.024,0.024
783,0.0062382556,0.051190723,-0.018,0.036
784,-0.011900185,0.045884132,0.018,0.036
785,0.0059822663,0.05187312,0.036,0.012
786,0.0057591265,0.051622532,0.018,0.084
787,0.010324719,0.05816708,-0.006,0.048
788,0.0065605966,0.05124466,0.0,0.012
789,0.0019323151,0.06430227,0.018,0.036
790,0.005812348,0.05123623,-0.018,0.06
791,0.006802041,0.051494054,0.018,0.072
792,0.006924788,0.05228197,0.036,0.012
793,0.0062712682,0.05143196,0.006,0.036
794,0.0062510073,0.052411083,0.03,0.048
795,0.0072311964,0.051133826,0.006,0.06
796,0.008579513,0.052061666,-0.006,0.048
797,0.0064436616,0.05141552,0.036,0.012
798,0.006000356,0.054349165,0.012,0.024
799,0.005358506,0.05246225,-0.006,0.096
800,-0.0010968065,0.06596522,0.036,0.012
801,-0.0005796505,0.0469051,-0.018,0.06
802,0.008268302,0.056522712,-0.018,0.06
803,0.006774525,0.0512083,0.006,0.036
804,0.006159224,0.05175416,0.03,0.036
805,0.0067955274,0.051475067,0.018,0.06
806,0.0061976053,0.052123517,-0.018,0.09
807,0.006551221,0.05140458,0.006,0.048
808,0.0067483336,0.051953502,0.006,0.072
809,0.006702599,0.051112663,0.024,0.012
810,0.006775975,0.051055882,0.024,0.012
811,0.0070792004,0.05114332,0.018,0.072
812,0.018048728,0.04830353,0.042,0.048
813,0.008478152,0.052333847,-0.012,0.024
814,0.005393938,0.05075029,0.042,0.048
815,-0.07726797,0.109158844,-0.006,0.036
816,0.016552404,0.031657215,-0.006,0.096
817,0.0025628,0.047580462,0.006,0.036
818,0.0060533574,0.051576357,-0.024,0.024
819,0.00676269,0.05193321,-0.03,0.102
820,0.0069334293,0.051118266,-0.018,0.09
821,0.0063512027,0.051387757,0.006,0.06
822,0.011224526,0.059013303,0.0,0.024
823,0.006437594,0.051314108,-0.006,0.072
824,0.0067947474,0.051270843,-0.006,0.096
825,0.006937446,0.051576294,-0.006,0.072
826,0.0069622276,0.056885928,-0.006,0.084
827,-0.004876182,0.050347015,0.0,0.012
828,0.0063546128,0.051319584,0.012,0.024
829,0.006866128,0.051555425,0.012,0.024
830,0.005904901,0.051918168,0.03,0.048
831,0.0069516515,0.051322043,0.03,0.06
832,0.0068610413,0.051388886,-0.018,0.072
833,0.009671041,0.05088589,-0.018,0.102
834,0.0071737003,0.051004823,0.03,0.036
835,0.0066223876,0.051820584,0.018,0.084
836,0.00552318,0.052319128,-0.018,0.048
837,0.011302882,0.058698904,0.0,0.024
838,0.005940799,0.051505867,0.006,0.06
839,0.007000622,0.051514894,0.018,0.084
840,0.005759124,0.05186614,-0.006,0.06
841,0.006383952,0.05180556,0.042,0.06
842,0.006843859,0.051540602,0.03,0.06
843,0.0061527933,0.05185792,0.03,0.06
844,0.015067195,0.06130097,-0.006,0.096
845,0.0058577647,0.052356042,-0.006,0.06
846,0.006691976,0.051295687,0.018,0.036
847,0.0070488253,0.052200526,0.0,0.024
848,0.0063083586,0.051738102,0.024,0.012
849,0.0067768414,0.052059952,0.006,0.036
850,0.006601732,0.051656872,-0.006,0.084
851,0.013665751,0.053129308,-0.018,0.09
852,0.006945706,0.05116784,0.006,0.072
853,0.006137033,0.051727686,-0.006,0.084
854,0.0064476486,0.0517856,0.03,0.036
855,0.020844147,0.068137065,0.03,0.036
856,0.0073535973,0.05247309,-0.024,0.024
857,0.0064749527,0.051897753,-0.018,0.036
858,0.008406106,0.051446527,0.0,0.012
859,0.0066537512,0.051607702,-0.024,0.024
860,0.0055075604,0.06802651,0.012,0.012
861,0.006659917,0.05212336,0.042,0.06
862,0.0069802734,0.051347747,0.012,0.012
863,0.0064832615,0.0515778,0.018,0.084
864,0.006538067,0.051948972,0.03,0.036
865,0.0068923375,0.051892854,0.0,0.024
866,0.007140699,0.051454056,0.036,0.012
867,0.0016721203,0.04969032,-0.018,0.102
868,0.005482431,0.05214054,0.012,0.024
869,0.0061901854,0.05172241,-0.006,0.036
870,0.0066275117,0.05151482,0.006,0.048
871,0.0065778717,0.05203142,0.012,0.012
872,0.0049014343,0.052541744,0.03,0.048
873,0.007032017,0.0518153,0.006,0.096
874,0.010502322,0.05119357,-0.012,0.024
875,0.0067852894,0.05137728,-0.006,0.072
876,0.005893941,0.052484553,0.036,0.024
877,0.015894776,0.05289133,0.024,0.024
878,0.010079196,0.05238871,0.036,0.024
879,0.0027494663,0.052222643,0.03,0.048
880,0.013707943,0.057614986,0.006,0.096
881,-0.032437067,0.06977744,-0.012,0.024
882,0.006095253,0.05224149,0.042,0.048
883,0.005857158,0.05236453,0.03,0.06
884,0.0062325182,0.05196228,-0.018,0.048
885,-0.00047969166,0.07387936,-0.018,0.102
886,0.0072074463,0.05207254,0.024,0.012
887,0.0062185144,0.052833207,0.006,0.048
888,-0.0045485944,0.06304882,0.006,0.096
889,0.0045303092,0.07401391,0.0,0.024
890,0.009908667,0.05307075,0.018,0.06
891,-0.012513442,0.06590293,0.024,0.024
892,0.005735938,0.05225612,0.006,0.072
893,0.0075322036,0.052084513,0.006,0.084
894,-0.005078352,0.048221342,-0.018,0.072
895,0.00724159,0.051025998,-0.018,0.036
896,0.0065626334,0.052957244,-0.018,0.048
897,0.0057563754,0.052321143,-0.012,0.024
898,0.005743627,0.052194737,0.018,0.06
899,0.005779411,0.051700465,-0.018,0.072
900,0.00634646,0.051661175,-0.018,0.102
901,0.0063672634,0.051733173,-0.006,0.036
902,0.006188144,0.052018266,-0.006,0.072
903,0.006297547,0.05490368,-0.006,0.096
904,0.007370912,0.052276462,0.006,0.036
905,0.006357854,0.05218404,0.012,0.024
906,0.0062528434,0.05155649,0.018,0.036
907,0.0059335968,0.052230835,-0.006,0.096
908,0.0073253154,0.05392037,0.006,0.096
909,0.009755083,0.052089337,0.036,0.024
910,0.009915421,0.052206818,0.0,0.012
911,0.004000486,0.056351725,0.006,0.06
912,0.008951291,0.05168538,0.018,0.084
913,0.005823667,0.052411962,0.018,0.06
914,0.0056406423,0.052205194,-0.006,0.036
915,0.0054372,0.052342433,0.006,0.06
916,0.006072032,0.052141007,-0.018,0.036
917,0.006638218,0.051739644,-0.006,0.096
918,0.038252875,0.0690083,-0.018,0.048
919,0.0051766657,0.05368403,-0.03,0.102
920,0.0061186804,0.052101497,-0.006,0.048
921,0.0062585175,0.05203061,0.0,0.024
922,0.006493841,0.051618945,-0.018,0.072
923,0.005677854,0.05210755,0.006,0.072
924,0.0061601237,0.05250333,0.006,0.048
925,0.0063730357,0.052189164,0.006,0.084
926,-0.004374248,0.051685322,0.036,0.024
927,0.0061380873,0.052338887,0.006,0.096
928,0.0049921395,0.052854106,0.006,0.06
929,0.00571674,0.052310776,-0.006,0.084
930,0.0055313185,0.053695276,-0.006,0.096
931,0.0087178545,0.051756766,0.03,0.048
932,0.005374853,0.052280325,-0.018,0.06
933,0.008391631,0.053174116,0.042,0.06
934,0.0061573316,0.051837232,-0.006,0.072
935,0.002005543,0.05112712,0.042,0.06
936,0.0050237495,0.053657774,0.03,0.06
937,0.005800997,0.052013353,-0.006,0.036
938,-0.0018038792,0.045959394,0.006,0.06
939,0.0056794826,0.052524045,0.0,0.024
940,0.0050943037,0.052633975,0.042,0.06
941,0.005789096,0.0525348,0.03,0.048
942,0.005352089,0.052566923,0.006,0.036
943,0.0061132065,0.0572803,0.036,0.012
944,0.0064457036,0.051503886,0.006,0.072
945,0.00588347,0.052287858,0.006,0.084
946,0.006843838,0.051557075,-0.018,0.06
947,0.005128869,0.053581398,-0.018,0.072
948,0.013656747,0.07215761,-0.012,0.024
949,0.0038167639,0.053829797,0.03,0.036
950,0.01424904,0.062392943,0.018,0.036
951,0.005861977,0.052042402,-0.006,0.072
952,0.0071299467,0.051234495,-0.006,0.084
953,0.0066540586,0.04964492,0.012,0.012
954,0.003214606,0.061578464,-0.006,0.072
955,-0.011749346,0.0545399,0.018,0.06
956,0.011985974,0.052274715,0.036,0.012
957,0.0069591226,0.054665465,-0.018,0.048
958,0.007175741,0.05122497,0.018,0.036
959,0.0060702544,0.05262067,0.036,0.024
960,0.0049109207,0.053537235,0.018,0.036
961,0.005500882,0.052421372,0.006,0.036
962,0.0142378565,0.049551584,-0.006,0.06
963,0.01573121,0.0647063,-0.006,0.048
964,0.0058687204,0.052216347,-0.012,0.024
965,0.012850208,0.052656095,0.03,0.036
966,0.004575218,0.052947722,0.018,0.036
967,0.0073086456,0.05247706,-0.018,0.06
968,0.0056230323,0.05179521,0.03,0.06
969,0.008290177,0.052486405,0.0,0.024
970,0.006512467,0.051258523,0.042,0.048
971,0.0050255237,0.052586693,0.036,0.024
972,-0.014573178,0.045867547,0.012,0.024
973,0.0068699927,0.050764095,-0.018,0.09
974,0.022736304,0.057061307,0.03,0.036
975,0.0062165963,0.05234755,-0.006,0.048
976,0.0064868927,0.052326787,-0.006,0.084
977,0.0053369934,0.052758135,0.042,0.048
978,0.0071690013,0.051273547,-0.018,0.048
979,0.005983572,0.052043553,-0.006,0.048
980,0.0069496287,0.053007178,0.03,0.06
981,0.029655406,0.044956885,0.042,0.048
982,0.0025373818,0.049956463,-0.018,0.072
983,0.00977457,0.037373126,0.018,0.084
984,0.010910291,0.052549776,0.018,0.084
985,-0.008999583,0.051867288,0.018,0.036
986,0.007507381,0.053478304,-0.006,0.06
987,0.0057400754,0.051579177,-0.018,0.06
988,0.006281605,0.051676508,0.0,0.024
989,-0.00058842776,0.05658761,0.006,0.084
990,0.0054295342,0.051783968,0.024,0.024
991,0.006249695,0.051292285,-0.018,0.06
992,0.0062060044,0.052262664,-0.018,0.09
993,-0.01006332,0.05069462,0.006,0.06
994,0.008674678,0.041644327,0.036,0.024
995,0.0054606963,0.052542023,0.0,0.012
996,0.0047111353,0.051220335,-0.006,0.084
997,0.0056492467,0.052585535,0.03,0.048
998,0.0050185067,0.052332353,0.036,0.012
999,0.0052417116,0.052620232,0.042,0.048
1000,0.005131754,0.05182714,0.03,0.06
1001,0.010310571,0.053101864,-0.018,0.036
1002,0.007816675,0.05261111,-0.006,0.048
1003,0.005911992,0.052095246,0.006,0.048
1004,0.0057858652,0.052941263,0.018,0.06
1005,0.005871146,0.051788274,0.024,0.012
1006,0.00604762,0.05160455,0.03,0.06
1007,0.0056574373,0.0520852,0.0,0.024
1008,0.0059212074,0.05217878,-0.006,0.084
1009,0.006525353,0.051340774,-0.006,0.06
1010,0.004016659,0.0510348,0.018,0.06
1011,0.0014135945,0.051411588,-0.006,0.084
1012,0.0025881347,0.05913251,0.006,0.036
1013,0.0022156215,0.07476865,0.024,0.012
1014,0.010983944,0.06049079,-0.03,0.102
1015,0.0052837254,0.051752366,-0.006,0.06
1016,0.010720279,0.05712892,-0.006,0.06
1017,0.006519974,0.0519555,-0.012,0.024
1018,0.005485055,0.051512938,0.036,0.012
1019,0.0064867493,0.05196679,0.018,0.084
1020,-0.0064162025,0.048232798,-0.006,0.072
1021,0.005937883,0.05205583,0.03,0.06
1022,0.00930649,0.043502778,-0.018,0.036
1023,0.0066338996,0.051865965,0.024,0.024
1024,0.0061663566,0.05131255,-0.006,0.06
1025,0.012685174,0.05877369,0.006,0.096
1026,0.006359317,0.050844356,0.012,0.012
1027,-0.00025115907,0.051880248,0.006,0.072
1028,-0.0051114466,0.059765503,0.0,0.012
1029,0.00628711,0.051335756,0.03,0.048
1030,0.005921954,0.051656336,-0.018,0.048
1031,0.0044307495,0.05151441,-0.018,0.036
1032,0.0053718826,0.051397216,0.018,0.084
1033,0.007411242,0.051842503,0.006,0.084
1034,0.006553992,0.050959297,0.018,0.072
1035,0.0032258797,0.056683324,-0.006,0.096
1036,0.004515431,0.051942706,-0.024,0.024
1037,0.005846005,0.051295117,-0.006,0.084
1038,0.008271705,0.05359063,0.006,0.072
1039,0.0070991684,0.05238189,-0.018,0.048
1040,0.006920786,0.054179553,0.036,0.024
1041,0.008696015,0.053700414,-0.018,0.102
1042,0.0064032865,0.05174424,-0.018,0.036
1043,0.011278029,0.032473437,-0.018,0.09
1044,0.006298824,0.052110724,-0.006,0.084
1045,0.007789936,0.053385295,0.03,0.06
1046,0.012593833,0.05195972,-0.03,0.102
1047,0.0058760038,0.051715925,-0.018,0.102
1048,-0.019582966,0.021034837,0.006,0.036
1049,0.006194507,0.051972505,0.012,0.024
1050,0.00665436,0.04524284,0.006,0.06
1051,0.005933312,0.052412868,-0.012,0.024
1052,-0.0006979108,0.045704868,0.03,0.06
1053,0.005749697,0.05146005,0.006,0.048
1054,0.0059022917,0.051045533,0.042,0.06
1055,0.006676003,0.051338404,-0.03,0.102
1056,0.0032723665,0.0538153,-0.018,0.048
1057,0.0042272545,0.05263841,0.03,0.048
1058,0.005145829,0.051343825,-0.018,0.048
1059,0.008028805,0.053646825,0.036,0.024
1060,0.0010620733,0.04672013,-0.006,0.096
1061,0.0053833034,0.051866435,0.006,0.036
1062,0.009103498,0.03671295,0.018,0.084
1063,0.00569853,0.051804338,0.006,0.06
1064,0.007357183,0.05421234,-0.006,0.072
1065,0.015267158,0.06399139,-0.006,0.036
1066,0.004297222,0.051119514,0.042,0.048
1067,0.0060995175,0.05115781,-0.006,0.048
1068,0.0059089847,0.05215664,0.03,0.06
1069,0.0050383117,0.052137796,0.018,0.072
1070,0.010799073,0.051881555,0.0,0.024
1071,0.005631095,0.051444225,0.042,0.048
1072,0.0050942088,0.0514357,-0.024,0.024
1073,0.007519221,0.069350496,0.036,0.012
1074,0.0055919234,0.051489547,-0.006,0.072
1075,0.0040009357,0.050651386,-0.018,0.048
1076,0.0020321002,0.05547891,-0.018,0.102
1077,0.0050223535,0.05198279,0.006,0.06
1078,0.005987574,0.051950973,0.018,0.036
1079,0.0052813157,0.05292812,-0.03,0.102
1080,0.0059340047,0.05203964,0.018,0.072
1081,0.0046561123,0.05260757,0.036,0.024
1082,0.0060243965,0.051448103,-0.018,0.072
1083,0.0055555273,0.0521387,0.012,0.012
1084,0.006183233,0.052606978,-0.03,0.102
1085,0.00641306,0.051884327,0.006,0.072
1086,-0.001921419,0.05065216,-0.012,0.024
1087,0.0070228856,0.05239709,0.006,0.048
1088,-0.014688961,0.051220223,-0.012,0.024
1089,0.004436215,0.052666515,-0.024,0.024
1090,0.005732254,0.051429164,0.006,0.036
1091,0.0053501604,0.051893342,0.018,0.072
1092,0.0060610506,0.05209276,-0.006,0.096
1093,0.037559066,0.043633476,-0.018,0.09
1094,0.0063452283,0.051295687,-0.006,0.084
1095,0.0058876444,0.05220968,-0.012,0.024
1096,0.009401718,0.0563668,0.018,0.06
1097,0.0058390545,0.05158577,-0.006,0.096
1098,0.008404867,0.044309568,0.024,0.024
1099,0.0057500415,0.051971518,0.03,0.036
1100,0.005243254,0.052622747,0.03,0.036
1101,0.013604043,0.061736085,0.006,0.072
1102,0.005734032,0.052417673,0.006,0.048
1103,0.0056309216,0.05223607,0.018,0.06
1104,0.005580174,0.051933747,0.006,0.048
1105,0.006784146,0.051577535,0.006,0.06
1106,0.005993607,0.052809596,-0.018,0.072
1107,0.0057575195,0.051994324,-0.006,0.072
1108,0.005971181,0.05206282,0.024,0.012
1109,0.007453637,0.05215671,-0.006,0.036
1110,0.0049493806,0.052599195,0.006,0.048
1111,0.0020192792,0.048441384,0.024,0.012
1112,0.002037411,0.051688526,0.03,0.048
1113,0.0058721616,0.052811954,0.036,0.012
1114,0.0053862343,0.051792335,-0.012,0.024
1115,-0.007394397,0.049062286,0.006,0.036
1116,0.0060010348,0.05191262,-0.012,0.024
1117,0.0032051026,0.051198725,-0.018,0.072
1118,0.0055720345,0.052458562,-0.006,0.072
1119,0.0062625315,0.051327396,-0.018,0.072
1120,0.009046056,0.05292912,-0.018,0.102
1121,0.0059634782,0.0516158,-0.006,0.06
1122,0.0048852526,0.052239504,0.006,0.048
1123,-0.00030952506,0.054097187,0.018,0.072
1124,0.0049579106,0.052051254,-0.018,0.06
1125,0.0052445955,0.052025978,-0.006,0.072
1126,0.0063993963,0.049819272,-0.024,0.024
1127,0.005707629,0.052128565,0.0,0.012
1128,0.0069435127,0.051290467,0.006,0.096
1129,0.0058853393,0.05217508,-0.006,0.096
1130,0.0056633875,0.05169658,-0.018,0.09
1131,0.005198313,0.052022114,0.042,0.06
1132,0.0064138006,0.051615033,-0.018,0.036
1133,0.01183752,0.052597374,0.006,0.072
1134,0.009812782,0.05553543,-0.012,0.024
1135,0.007740652,0.054285236,-0.018,0.036
1136,0.0044326554,0.05305334,0.042,0.06
1137,0.0058726184,0.052627664,0.006,0.096
1138,-0.027486637,0.083945826,-0.018,0.06
1139,0.005704244,0.05226313,0.006,0.06
1140,0.0046028364,0.052774593,-0.03,0.102
1141,0.00402455,0.055015616,0.006,0.036
1142,0.006732443,0.051470954,0.024,0.024
1143,0.0058831014,0.052158844,-0.018,0.048
1144,0.0056637404,0.05073754,0.006,0.096
1145,0.0056839124,0.052616477,0.006,0.096
1146,0.004746836,0.052200697,0.006,0.072
1147,0.00624275,0.052104555,-0.018,0.048
1148,0.0062847766,0.051590625,0.012,0.012
1149,0.0055807494,0.051973995,0.018,0.072
1150,0.0061905356,0.051851448,-0.018,0.072
1151,0.0060023414,0.051486954,0.042,0.048
1152,0.0056950315,0.05249872,-0.006,0.06
1153,0.005848094,0.051633675,-0.006,0.06
1154,0.010051642,0.052032348,-0.006,0.048
1155,0.0066922773,0.050547097,0.006,0.084
1156,0.006464511,0.05198648,0.006,0.072
1157,0.0071313563,0.0526944,0.006,0.036
1158,0.010421563,0.05635064,0.03,0.06
1159,0.005762967,0.05168383,0.024,0.012
1160,0.021329176,0.04949443,0.036,0.024
1161,0.0046281153,0.054568663,0.042,0.06
1162,0.0063310037,0.05258802,-0.012,0.024
1163,0.0047915904,0.05129991,0.024,0.024
1164,0.0058354074,0.051445093,-0.006,0.06
1165,0.004361608,0.05199819,-0.012,0.024
1166,0.006609464,0.051675115,0.0,0.012
1167,0.0059214216,0.050930932,-0.006,0.072
1168,0.0048676427,0.053386584,0.006,0.036
1169,0.0110326195,0.058522105,0.024,0.024
1170,0.0056601334,0.051576234,0.0,0.024
1171,0.005300146,0.052925553,0.042,0.048
1172,0.0063560847,0.05077287,0.012,0.024
1173,0.0058721155,0.051573005,0.03,0.048
1174,0.0061429855,0.051150933,-0.018,0.072
1175,-0.00036720978,0.049554087,0.036,0.024
1176,-0.0074101496,0.057204727,0.03,0.06
1177,0.006101504,0.05133433,0.006,0.072
1178,0.006922941,0.051235355,-0.018,0.06
1179,0.0120418575,0.053785518,0.006,0.096
1180,0.0044549056,0.052038204,-0.006,0.096
1181,0.006432277,0.051921897,-0.018,0.06
1182,0.005314951,0.052806664,-0.006,0.072
1183,0.008172071,0.054979,0.012,0.024
1184,0.005840746,0.051506847,-0.006,0.084
1185,0.005501293,0.051643465,0.018,0.06
1186,0.005071122,0.05183392,-0.012,0.024
1187,0.0035457546,0.06067453,-0.018,0.036
0,0.0058767325,0.05165966,-0.018,0.09
1,0.0066600367,0.051245626,-0.024,0.024
2,0.005774217,0.051789105,-0.006,0.084
3,0.0057561547,0.051598143,0.03,0.048
4,0.0051061865,0.051674705,0.006,0.072
5,0.009109575,0.059118886,-0.006,0.036
6,0.005103386,0.05173995,0.006,0.048
7,0.004403077,0.05319344,0.006,0.048
8,0.005057632,0.0520005,-0.018,0.048
9,0.007714476,0.051828913,0.042,0.06
10,0.0063101635,0.052682035,-0.024,0.024
11,0.006145538,0.051805183,-0.024,0.024
12,0.006787079,0.051331583,0.006,0.084
13,-0.026349956,0.09137811,-0.018,0.072
14,-0.002172945,0.04718493,-0.018,0.072
15,0.008820297,0.050508127,0.018,0.06
16,0.01177603,0.051349718,-0.006,0.06
17,0.0068991226,0.051194083,0.012,0.012
18,0.0035118866,0.053008277,-0.03,0.102
19,0.005833159,0.051109124,0.012,0.024
20,-0.0032132268,0.047543332,0.018,0.06
21,0.0026052836,0.05754861,0.006,0.084
22,0.0059349295,0.051205155,-0.006,0.06
23,0.0055722864,0.052116785,0.042,0.048
24,0.0058855377,0.051788706,-0.006,0.096
25,0.0062976726,0.052059155,0.03,0.06
26,0.0047095916,0.052687075,0.0,0.012
27,0.009189852,0.052907087,-0.018,0.036
28,0.0058189216,0.051748097,0.018,0.06
29,0.015372818,0.05413614,-0.024,0.024
30,0.0068664686,0.051213153,-0.018,0.09
31,0.0051100403,0.05143099,0.018,0.084
32,0.004406021,0.052345537,0.006,0.06
33,0.004467681,0.052931417,-0.018,0.06
34,0.002916333,0.059854224,0.006,0.06
35,0.0053142244,0.051623862,-0.006,0.072
36,0.0048115,0.05229341,-0.018,0.072
37,0.006170419,0.051991604,0.03,0.036
38,0.0052327504,0.052078903,0.024,0.024
39,-0.001276074,0.05399432,-0.018,0.036
40,0.005888757,0.051266186,0.024,0.024
41,0.0065965233,0.051597625,-0.018,0.048
42,0.005549471,0.051446144,-0.018,0.072
43,-0.0016223765,0.0459989,0.0,0.024
44,0.011199125,0.057885714,0.006,0.048
45,-0.004421355,0.051281694,-0.006,0.072
46,0.0054192753,0.05184211,-0.006,0.072
47,0.0060219867,0.051860005,0.018,0.084
48,0.0053229732,0.05332748,-0.006,0.06
49,0.0052040536,0.05164499,0.012,0.012
50,0.006352212,0.051810913,0.006,0.06
51,0.0068987915,0.051078115,0.0,0.024
52,0.005799037,0.05202942,0.0,0.012
53,0.004880702,0.05262281,-0.006,0.06
54,0.0071033575,0.047116295,0.024,0.024
55,-0.0040030596,0.051382847,0.024,0.012
56,0.0032568604,0.061249785,0.018,0.036
57,0.0063298903,0.05174244,-0.006,0.036
58,0.005215564,0.052021813,0.006,0.036
59,0.005954286,0.051451948,0.024,0.012
60,0.00577046,0.05196986,0.006,0.048
61,0.0055388417,0.05095312,0.018,0.036
62,0.004991271,0.052015267,-0.018,0.09
63,0.005381516,0.051831424,-0.006,0.084
64,0.009541782,0.08157001,0.006,0.096
65,0.0063434686,0.047974315,-0.018,0.09
66,0.013653407,0.053845555,0.024,0.024
67,0.008859813,0.052925766,0.012,0.024
68,0.0130252205,0.060510043,0.024,0.012
69,0.0049326196,0.051466618,-0.018,0.048
70,0.005392549,0.05125422,0.006,0.084
71,0.0059746956,0.0519191,-0.018,0.09
72,0.02254153,0.05000565,0.03,0.048
73,-0.0010138466,0.07166336,-0.006,0.06
74,0.0055720494,0.051115856,-0.03,0.102
75,0.0048809233,0.05323258,-0.018,0.102
76,0.004893694,0.05171767,-0.012,0.024
77,-0.02939403,0.04436885,-0.012,0.024
78,0.005168327,0.05195824,0.012,0.012
79,0.011910245,0.0519548,-0.018,0.072
80,0.0055732876,0.05233009,-0.024,0.024
81,0.0061650625,0.052437283,0.024,0.012
82,0.0074861143,0.05185612,-0.024,0.024
83,0.0061345887,0.05109561,0.03,0.048
84,-0.019671036,0.058541268,0.018,0.06
85,0.005394337,0.05146625,0.006,0.036
86,0.0067504984,0.05108868,-0.006,0.06
87,0.0054046693,0.05118325,0.036,0.012
88,0.00026110047,0.06991111,0.024,0.024
89,0.0057955254,0.051451907,0.036,0.012
90,0.0060216645,0.04808268,0.03,0.036
91,0.0051884726,0.052163664,0.0,0.024
92,0.0040325937,0.052017342,-0.018,0.09
93,0.013715583,0.053963006,0.03,0.036
94,0.0051175198,0.05208904,0.006,0.072
95,0.012434384,0.059072334,0.018,0.084
96,0.0067054695,0.05148676,-0.006,0.048
97,0.0043292325,0.049852997,-0.006,0.06
98,0.0050167004,0.05140034,-0.018,0.06
99,0.005584084,0.051283367,0.012,0.024
100,0.005579877,0.051460356,-0.006,0.096
101,0.012185426,0.05055053,-0.018,0.048
102,0.0049437317,0.051598813,-0.018,0.06
103,0.0047796424,0.0517203,0.018,0.06
104,0.010607154,0.057021547,-0.018,0.102
105,0.0071263467,0.05200116,0.0,0.012
106,-0.0010861992,0.052943688,-0.03,0.102
107,0.0057832496,0.05176996,-0.012,0.024
108,0.004021997,0.052862376,-0.006,0.096
109,0.003167457,0.05725988,0.012,0.012
110,0.005994677,0.05168228,0.03,0.06
111,0.0065494454,0.050959338,0.03,0.06
112,0.0080141965,0.051551852,-0.006,0.072
113,0.006572631,0.051496044,0.036,0.012
114,0.0053171352,0.051757876,0.024,0.012
115,0.0056800414,0.05159688,-0.012,0.024
116,0.0042899083,0.0523222,0.018,0.06
117,0.0058180965,0.05165616,-0.018,0.072
118,0.0038086632,0.05999735,0.006,0.084
119,0.0047872933,0.052318335,-0.006,0.06
120,0.006648796,0.051169053,0.024,0.012
121,0.00258371,0.05106003,-0.006,0.06
122,0.012415497,0.06303882,0.018,0.06
123,0.0063889707,0.05114277,-0.006,0.036
124,0.00672248,0.05254742,-0.018,0.036
125,-0.0069826054,0.035175674,0.03,0.036
126,0.0042257835,0.052784313,0.006,0.048
127,0.006871625,0.05102351,0.018,0.084
128,0.007793576,0.05305232,0.006,0.096
129,0.0056138947,0.051748287,-0.018,0.036
130,-0.010584321,0.062361855,0.03,0.06
131,0.0059873825,0.05221979,-0.03,0.102
132,0.006721197,0.051355906,0.042,0.048
133,0.005779851,0.05208771,-0.006,0.072
134,0.006575299,0.05141857,-0.006,0.06
135,0.0009096302,0.061448067,-0.024,0.024
136,0.005557352,0.051461834,0.042,0.048
137,0.007772904,0.051719148,0.03,0.036
138,0.0068896883,0.053306922,-0.012,0.024
139,0.006185,0.051630195,0.012,0.024
140,0.0046644527,0.051941972,0.006,0.096
141,0.0269018,0.05247932,0.042,0.048
142,0.005610021,0.051283743,0.006,0.084
143,0.0052141934,0.053612348,-0.006,0.072
144,-0.005437692,0.048071414,-0.018,0.036
145,-0.007993683,0.047643602,0.018,0.06
146,0.0033339444,0.056839835,0.024,0.012
147,0.005667176,0.051587153,-0.012,0.024
148,0.005225966,0.052139293,-0.018,0.102
149,0.0052748276,0.051800296,0.036,0.012
150,0.006698322,0.051314443,-0.006,0.072
151,-0.0030612354,0.05107821,0.03,0.06
152,0.005038285,0.05165762,-0.006,0.096
153,0.0063356087,0.05149477,-0.012,0.024
154,0.0061964924,0.051427685,0.006,0.096
155,0.020104509,0.050656874,-0.018,0.048
156,0.0058169896,0.051447853,-0.018,0.036
157,0.009632392,0.05724483,0.006,0.06
158,0.0048573595,0.05220183,0.036,0.024
159,0.0057125133,0.05168629,0.018,0.072
160,0.0047059166,0.052730728,-0.024,0.024
161,0.0051025776,0.052239913,0.03,0.036
162,-0.0019871523,0.07755561,-0.006,0.084
163,0.006913304,0.051036343,0.018,0.072
164,0.00615805,0.051322293,0.006,0.084
165,0.0061969794,0.051467296,0.03,0.036
166,0.005451133,0.05166089,0.006,0.084
167,0.004400043,0.055259295,0.036,0.012
168,0.003985849,0.051555723,0.0,0.012
169,0.00521974,0.051582366,-0.012,0.024
170,0.0039023806,0.05233037,0.0,0.012
171,0.008988968,0.041272014,0.024,0.024
172,0.004753346,0.054895345,-0.018,0.102
173,0.005056463,0.051531646,0.006,0.072
174,0.005831055,0.051240094,0.042,0.06
175,0.0062077874,0.05123268,-0.03,0.102
176,0.0054561174,0.05190595,-0.018,0.09
177,0.0053396886,0.051307272,-0.006,0.036
178,0.01686615,0.050463516,-0.006,0.096
179,0.005564517,0.05206967,-0.006,0.036
180,0.0054223607,0.051418297,0.012,0.024
181,0.022156134,0.076907344,0.0,0.024
182,0.006227742,0.05173071,0.012,0.024
183,0.0066621616,0.054880813,-0.018,0.09
184,0.006575151,0.051407546,0.042,0.048
185,-0.003117687,0.053199545,-0.006,0.096
186,-0.0014809389,0.045726925,-0.006,0.084
187,0.006609472,0.051493317,0.018,0.084
188,0.009653708,0.05175454,0.012,0.012
189,-0.0014088061,0.05111766,-0.018,0.072
190,0.004758829,0.052014347,-0.006,0.072
191,0.010691502,0.052688472,0.03,0.048
192,0.005204888,0.052109662,0.006,0.036
193,0.00852837,0.04167676,-0.018,0.036
194,0.00017951103,0.04679612,0.036,0.024
195,0.010066286,0.057664078,0.03,0.036
196,0.010491241,0.052223336,-0.006,0.084
197,0.005948513,0.05096593,0.036,0.024
198,0.0045985077,0.05125146,0.006,0.036
199,0.0060310434,0.052041456,0.036,0.024
200,0.014159284,0.06057753,-0.012,0.024
201,0.0051581333,0.05205971,0.024,0.012
202,0.0048760884,0.053721853,0.0,0.024
203,0.0066172034,0.051423065,-0.018,0.06
204,0.004478414,0.051328953,-0.03,0.102
205,0.0063346857,0.0520935,0.042,0.048
206,0.005932942,0.051310837,0.024,0.012
207,0.0074018985,0.05111696,0.024,0.024
208,0.0053556,0.05176185,0.006,0.048
209,0.007168743,0.052275993,0.042,0.048
210,0.005053858,0.051253133,0.006,0.048
211,0.0009893966,0.048306286,0.0,0.024
212,0.005964029,0.051177975,0.012,0.024
213,0.0053007454,0.05149493,-0.018,0.072
214,0.006842708,0.05142291,0.03,0.048
215,0.0047966423,0.05201957,0.018,0.084
216,0.006405424,0.051204473,0.006,0.036
217,0.027113076,0.051722728,-0.006,0.072
218,-0.012724893,0.010509361,0.006,0.084
219,0.005936304,0.05124104,0.042,0.048
220,0.0030087498,0.048829153,0.006,0.084
221,-0.0054776594,0.06055148,0.018,0.036
222,0.005422644,0.05181596,0.018,0.036
223,0.014873549,0.051487803,-0.006,0.048
224,0.004946354,0.0518362,0.03,0.06
225,0.006329042,0.051319417,0.006,0.084
226,0.004133524,0.05549274,-0.024,0.024
227,0.010337631,0.055141892,-0.018,0.06
228,0.0021189838,0.049418774,0.0,0.012
229,0.012761755,0.06432768,-0.006,0.084
230,0.0054028123,0.052349225,-0.006,0.036
231,-0.007917019,0.06313845,0.018,0.06
232,0.0048985295,0.052135468,-0.006,0.036
233,0.005686322,0.051331405,0.018,0.072
234,0.005058243,0.05104706,0.006,0.048
235,0.0044059684,0.04696199,0.0,0.012
236,0.0058930367,0.05155,-0.03,0.102
237,0.0051356903,0.051638126,0.006,0.072
238,0.0054967785,0.05164236,0.0,0.024
239,0.0064051435,0.051662073,-0.018,0.036
240,0.0048100883,0.051307335,0.018,0.072
241,0.00068551535,0.07104352,-0.006,0.072
242,-0.0037870784,0.050598167,-0.012,0.024
243,0.0062054014,0.05129034,0.03,0.048
244,0.0040613343,0.05144132,0.042,0.06
245,0.0068002357,0.051219393,0.018,0.072
246,0.0062622125,0.05192481,-0.018,0.048
247,0.006772657,0.05219453,-0.006,0.048
248,0.006738981,0.051384304,0.018,0.084
249,0.0038406982,0.053112444,-0.018,0.06
250,0.021184398,0.047047548,-0.018,0.102
251,0.0054303827,0.051564645,0.024,0.012
252,0.0061102887,0.05149266,-0.006,0.096
253,0.006037506,0.051582184,0.006,0.072
254,-0.0003811987,0.051225644,0.012,0.012
255,0.006130465,0.05161178,0.012,0.012
256,0.007037626,0.05409022,0.018,0.06
257,0.005441754,0.052273117,0.042,0.06
258,0.009505869,0.0518627,-0.018,0.036
259,0.00588905,0.05207405,-0.006,0.084
260,0.007445665,0.056312807,-0.006,0.048
261,0.005336915,0.052525047,-0.006,0.06
262,0.006118226,0.051876068,0.036,0.024
263,0.006186339,0.05186101,0.006,0.048
264,0.005978582,0.052312497,-0.006,0.072
265,0.0064959563,0.05209332,0.006,0.048
266,0.0066031325,0.051789217,0.036,0.024
267,0.0068434384,0.048141323,0.018,0.084
268,0.0066870786,0.051580556,0.006,0.084
269,0.005483332,0.05256535,-0.006,0.048
270,0.005425519,0.052769646,-0.012,0.024
271,0.0076335813,0.034316577,0.042,0.06
272,0.006116589,0.05251027,0.0,0.012
273,0.019136298,0.070596494,0.006,0.048
274,0.005739091,0.051758286,0.006,0.06
275,0.0065727923,0.051770624,0.006,0.048
276,0.0066468553,0.051524017,-0.018,0.06
277,0.0062748897,0.05121781,-0.018,0.072
278,0.006703999,0.051238388,0.018,0.036
279,0.006243176,0.051954173,-0.018,0.048
280,0.006133213,0.051443864,0.018,0.084
281,0.018882375,0.07836317,0.042,0.048
282,0.0066688433,0.051486015,0.018,0.06
283,0.006313954,0.051753163,-0.018,0.036
284,0.0063429335,0.051814646,0.036,0.024
285,0.006016301,0.052368425,0.012,0.012
286,-0.00064120954,0.06674519,-0.006,0.06
287,0.02191248,0.06860722,0.03,0.06
288,0.0015537874,0.05183135,-0.018,0.09
289,-4.4939574e-05,0.051755223,0.006,0.06
290,0.0066746967,0.05504911,0.006,0.072
291,0.0057130773,0.05256915,-0.018,0.048
292,0.0075786915,0.0528662,0.0,0.012
293,0.00849528,0.043565065,0.0,0.012
294,0.0233499,0.059495013,0.006,0.072
295,0.006034731,0.05221724,-0.006,0.084
296,0.0049129445,0.051532682,0.024,0.012
297,0.0069801332,0.051980276,-0.018,0.102
298,-0.0048280833,0.05942945,0.018,0.06
299,0.0049875714,0.053117815,-0.024,0.024
300,0.006459846,0.05187454,0.012,0.012
301,0.0060634622,0.05181897,-0.018,0.048
302,0.0068675755,0.05160707,0.024,0.012
303,0.0064388574,0.05176467,-0.006,0.036
304,0.0047476105,0.051988352,0.006,0.036
305,0.006106789,0.05291829,0.042,0.06
306,0.0053785266,0.05272457,0.012,0.012
307,0.006847886,0.051627714,-0.006,0.096
308,0.010863181,0.052680768,-0.024,0.024
309,0.0065170634,0.05211724,0.012,0.024
310,0.005302709,0.05254022,0.0,0.024
311,0.0058989665,0.052047983,0.006,0.072
312,0.0058324793,0.049873155,-0.018,0.102
313,-0.026769169,0.07492836,-0.018,0.09
314,0.003993244,0.053375747,-0.006,0.084
315,0.006325576,0.051656663,-0.006,0.048
316,0.0056957444,0.0518716,-0.018,0.072
317,0.015935162,0.048434053,0.018,0.06
318,0.006634088,0.05192911,0.012,0.012
319,0.006922388,0.051438358,0.036,0.012
320,0.0056204153,0.05220893,0.036,0.024
321,0.0045796023,0.0586595,0.006,0.048
322,0.010358441,0.053827614,0.018,0.036
323,0.0057465597,0.052628953,0.024,0.024
324,0.008236283,0.043471545,0.036,0.012
325,0.0034721626,0.06321622,0.012,0.012
326,0.0022233482,0.04841862,-0.006,0.072
327,0.0066588796,0.051839236,-0.03,0.102
328,0.0053872117,0.052507177,0.036,0.012
329,0.0058579,0.051941756,-0.006,0.072
330,0.0059967623,0.0518269,-0.006,0.084
331,0.0058874404,0.051626418,0.042,0.048
332,0.014990491,0.053656444,-0.018,0.102
333,0.0071986187,0.05247167,0.024,0.012
334,0.00830531,0.051741727,0.03,0.036
335,0.005571755,0.05286635,0.006,0.084
336,0.006957358,0.051546626,-0.024,0.024
337,0.005979905,0.05247828,-0.006,0.096
338,0.006033336,0.052134573,-0.018,0.102
339,0.010210967,0.053052645,0.03,0.06
340,0.0052481205,0.052590195,-0.03,0.102
341,0.0052156746,0.05289237,0.036,0.012
342,0.0071859737,0.05229097,0.006,0.084
343,0.006865543,0.05163407,0.024,0.012
344,0.0048924056,0.052856687,-0.03,0.102
345,0.0043889075,0.05326764,-0.006,0.084
346,0.006842531,0.05158435,-0.012,0.024
347,0.0052424814,0.052634012,0.03,0.048
348,-0.011589452,0.08091472,0.012,0.012
349,0.006553411,0.051595002,0.024,0.024
350,0.009296933,0.05361023,0.018,0.072
351,0.006120844,0.051700708,-0.006,0.048
352,0.0043002283,0.052360084,0.024,0.024
353,0.0054293233,0.054100957,0.024,0.012
354,0.0099712275,0.05190411,0.0,0.012
355,0.0040418175,0.051940385,0.042,0.06
356,0.004742056,0.0530353,-0.018,0.036
357,0.005197734,0.0527047,0.024,0.024
358,0.0070063896,0.051437832,0.03,0.048
359,-0.0014000447,0.057096116,-0.018,0.06
360,0.009615822,0.033313703,0.024,0.012
361,0.01153861,0.052752074,-0.03,0.102
362,0.0035717431,0.051674876,0.006,0.072
363,0.0059214225,0.052549742,-0.018,0.102
364,0.001954686,0.05056881,0.042,0.048
365,0.005691329,0.05249414,0.006,0.096
366,0.0053522596,0.05279797,-0.006,0.072
367,-0.001846219,0.053222883,-0.018,0.072
368,0.004119952,0.0509636,0.018,0.036
369,0.010104714,0.058089323,-0.018,0.072
370,0.001398949,0.06254822,-0.006,0.036
371,0.0072404416,0.05239609,0.03,0.06
372,0.0060839094,0.052511387,0.006,0.084
373,0.0022620596,0.051377174,0.03,0.036
374,0.006214004,0.05175776,0.006,0.084
375,0.005688484,0.052174583,0.036,0.024
376,0.005470181,0.052496284,0.042,0.048
377,0.0047561396,0.05244675,0.036,0.024
378,0.006232361,0.052386776,0.036,0.024
379,0.005312707,0.052829426,0.012,0.012
380,0.0054879775,0.052017227,-0.012,0.024
381,0.0047512995,0.052742075,-0.018,0.09
382,0.00755658,0.053013287,0.03,0.036
383,0.005557336,0.052452046,0.0,0.012
384,0.010429079,0.053087093,0.006,0.096
385,0.0046485625,0.05314914,-0.018,0.06
386,0.006099255,0.05164631,0.042,0.06
387,0.0048171086,0.052717403,0.006,0.048
388,0.0060505224,0.052026037,0.006,0.072
389,0.0062570237,0.051670574,0.006,0.036
390,0.005958953,0.05212229,0.042,0.06
391,0.0060226414,0.052309446,0.024,0.012
392,0.0068079913,0.050174024,0.036,0.012
393,0.0064594457,0.05170112,-0.018,0.102
394,0.0065072556,0.051669713,0.03,0.06
395,0.0068128216,0.051704124,-0.006,0.036
396,0.017574592,0.054603666,0.0,0.024
397,0.006820859,0.051732574,0.006,0.06
398,0.008419188,0.04503962,0.0,0.024
399,0.010726038,0.053656477,0.042,0.048
400,0.0052853366,0.052123263,-0.018,0.048
401,0.0055876467,0.052570116,0.006,0.072
402,0.010631124,0.05712,0.024,0.012
403,0.0050384263,0.052894138,0.006,0.072
404,0.00633358,0.05169407,-0.018,0.09
405,0.006147404,0.052219387,0.012,0.024
406,0.0052978303,0.052239858,0.0,0.012
407,0.005795827,0.052754454,-0.018,0.048
408,0.010260064,0.05098663,-0.018,0.06
409,0.006704938,0.051912084,-0.018,0.048
410,0.009756639,0.048163794,0.042,0.048
411,0.0054159244,0.05199669,-0.018,0.036
412,0.004572863,0.052550495,0.018,0.036
413,0.006897146,0.05133184,0.018,0.072
414,0.0064440058,0.051790226,-0.006,0.06
415,0.006452942,0.05191064,-0.03,0.102
416,0.00589409,0.051689304,0.03,0.048
417,0.036336366,0.048608273,-0.006,0.036
418,0.05932028,0.1301688,-0.006,0.036
419,0.005548765,0.052406996,-0.006,0.096
420,0.0061082263,0.051882602,0.0,0.024
421,0.0060028066,0.05221526,-0.018,0.036
422,0.011971572,0.054051425,-0.006,0.06
423,0.001427894,0.061003394,0.006,0.072
424,0.0059984177,0.05222938,-0.018,0.072
425,0.009335954,0.058045216,0.006,0.06
426,0.0042602494,0.05314755,0.006,0.072
427,0.00527386,0.052381407,0.006,0.048
428,0.0056761056,0.051901218,0.036,0.012
429,-0.025535222,0.035311278,-0.018,0.048
430,0.0056667565,0.05200016,-0.018,0.048
431,0.0048692552,0.05260984,-0.018,0.09
432,0.006269593,0.051812604,0.006,0.048
433,0.005272518,0.052351847,0.006,0.06
434,0.009938861,0.056387484,-0.03,0.102
435,0.006748988,0.056221046,-0.006,0.072
436,0.005034061,0.052964915,0.0,0.012
437,0.007105103,0.05263156,0.03,0.06
438,0.011707487,0.065149486,-0.03,0.102
439,0.0060062855,0.05195354,0.012,0.024
440,0.0060413536,0.051673498,0.03,0.048
441,0.0048451177,0.052616496,0.006,0.072
442,0.006158655,0.051766075,0.006,0.096
443,0.0056784116,0.052284434,0.018,0.06
444,0.0043700524,0.052364297,0.042,0.048
445,0.005749857,0.052082337,-0.018,0.06
446,-0.0013101809,0.051096126,0.03,0.036
447,0.0069996407,0.051216632,0.018,0.084
448,0.00644464,0.05173478,0.042,0.06
449,-0.00684055,0.049289525,0.03,0.048
450,0.006716747,0.05159132,-0.006,0.084
451,0.006297721,0.05172849,-0.018,0.072
452,0.0058967974,0.0520799,-0.018,0.102
453,-0.008607537,0.051700044,0.036,0.012
454,0.0068864953,0.0513341,-0.018,0.06
455,0.0067169094,0.051675115,0.018,0.072
456,0.008994946,0.053294044,0.012,0.012
457,0.0054207062,0.052227255,0.006,0.036
458,0.0055532106,0.055359446,0.036,0.012
459,0.004905422,0.052702013,0.03,0.036
460,0.0065429537,0.051701598,0.042,0.06
461,0.0056410157,0.05258405,-0.018,0.09
462,0.0059133684,0.05197125,0.042,0.048
463,0.0063181208,0.052015357,0.018,0.06
464,0.006732579,0.051614244,-0.006,0.072
465,0.0057324013,0.052689195,0.012,0.012
466,0.025038278,0.04680994,0.006,0.06
467,0.0056613972,0.05204445,0.024,0.024
468,0.0056104464,0.052333374,0.024,0.012
469,0.004037525,0.05597266,-0.018,0.09
470,0.0034946783,0.06291581,0.018,0.036
471,0.007393039,0.04239714,0.006,0.072
472,0.0031922183,0.049584635,0.006,0.084
473,0.0070899175,0.04772085,0.012,0.024
474,0.005484,0.052327327,0.0,0.012
475,0.006307753,0.052025303,-0.018,0.102
476,0.013048664,0.06631931,0.0,0.012
477,0.0060091754,0.05239993,-0.024,0.024
478,-0.003894921,0.05119187,0.03,0.06
479,0.0070319106,0.052171756,0.018,0.084
480,0.006067513,0.052426785,-0.03,0.102
481,0.0022508702,0.049561437,0.012,0.012
482,0.0052905492,0.05273489,0.03,0.036
483,-0.00048099132,0.047890846,-0.024,0.024
484,0.005560628,0.05233791,-0.018,0.09
485,0.005418894,0.05242272,0.024,0.024
486,0.005499487,0.052482426,0.012,0.024
487,0.0053948937,0.05285558,0.012,0.012
488,-0.006197221,0.05008428,0.036,0.024
489,0.005932822,0.051572546,-0.018,0.036
490,0.005982557,0.05191252,0.042,0.06
491,0.006444706,0.05164307,0.006,0.096
492,0.0060481643,0.05190341,0.036,0.012
493,0.0060903616,0.05226351,0.036,0.024
494,0.005594967,0.052743603,-0.006,0.048
495,0.01249261,0.05307318,-0.012,0.024
496,0.005691296,0.051782593,0.018,0.06
497,0.005890546,0.052034214,-0.006,0.048
498,0.0069351033,0.05344076,0.0,0.024
499,0.005376751,0.05251061,0.018,0.06
500,0.006265624,0.051690154,-0.012,0.024
501,0.005812488,0.051631667,0.0,0.012
502,0.005603211,0.05221132,-0.018,0.09
503,0.0033540763,0.05660847,0.006,0.072
504,0.0062329536,0.05201801,0.006,0.06
505,0.0063852486,0.052954376,-0.018,0.09
506,0.018929254,0.056284633,0.03,0.048
507,0.0062910877,0.05194418,0.0,0.024
508,0.0064283228,0.05220814,-0.006,0.036
509,0.0054766713,0.05259223,0.006,0.096
510,0.006391222,0.051837735,-0.006,0.072
511,0.005954166,0.05268447,0.006,0.06
512,0.0057526333,0.05245567,0.006,0.072
513,0.0052666115,0.053621996,-0.006,0.096
514,0.006139288,0.04263516,0.006,0.06
515,0.00511498,0.05328963,-0.006,0.06
516,0.006750871,0.051475693,0.036,0.012
517,0.015289643,0.0708023,0.018,0.06
518,0.0063317968,0.052087624,0.006,0.084
519,0.0052591856,0.053204555,-0.006,0.06
520,0.021606665,0.05548855,0.024,0.012
521,0.005769061,0.052727055,0.036,0.024
522,-0.0039243866,0.04605376,-0.006,0.06
523,-0.0021473342,0.047331892,-0.006,0.036
524,0.01660584,0.067492634,-0.006,0.048
525,0.0071386504,0.051242825,-0.006,0.048
526,0.0138925295,0.04894693,0.036,0.024
527,0.0062332465,0.052305408,-0.03,0.102
528,0.004796801,0.05371283,-0.006,0.036
529,0.0070205294,0.05136677,-0.018,0.06
530,0.0058935634,0.052345376,-0.006,0.048
531,0.002580708,0.052505292,-0.018,0.072
532,0.0060494174,0.05196978,0.018,0.084
533,0.0065796534,0.053778194,0.0,0.024
534,0.00724708,0.047979675,0.018,0.084
535,0.0071008652,0.05127142,0.03,0.048
536,0.00676053,0.051353216,0.006,0.048
537,0.002449689,0.059173997,0.006,0.096
538,0.00531039,0.052619208,-0.018,0.072
539,0.00550509,0.052233055,0.018,0.072
540,0.011192858,0.059805527,-0.018,0.072
541,0.0049086153,0.05336358,0.006,0.048
542,-0.0004626941,0.05044459,-0.006,0.048
543,0.002310934,0.049659375,0.042,0.048
544,0.006040525,0.052346874,-0.018,0.09
545,0.006765807,0.051661126,0.024,0.012
546,0.0057348027,0.052434724,-0.018,0.102
547,-0.010009933,0.050151464,0.024,0.012
548,0.005849365,0.052583784,-0.006,0.096
549,0.011084552,0.062102046,-0.006,0.096
550,0.00692947,0.051473495,0.042,0.048
551,0.01182341,0.05325845,0.036,0.012
552,0.005528176,0.052359436,-0.012,0.024
553,-0.005293793,0.064905755,0.018,0.084
554,0.0056793736,0.051019203,0.042,0.06
555,0.005755018,0.051968154,0.006,0.06
556,0.0071257153,0.051237203,0.018,0.084
557,0.012547782,0.05287665,-0.024,0.024
558,0.005730273,0.0521987,0.018,0.036
559,0.0069616344,0.0514482,0.006,0.06
560,0.007303753,0.047586646,-0.006,0.084
561,0.020352375,0.04617861,-0.018,0.048
562,-0.00076476485,0.07473805,0.006,0.072
563,0.0057404847,0.052405637,0.006,0.084
564,0.0056924215,0.052133698,0.006,0.072
565,0.0052436306,0.053121872,-0.006,0.06
566,0.009153929,0.05104734,0.0,0.012
567,0.0072745113,0.054186177,0.03,0.036
568,0.0070710317,0.05121677,0.012,0.012
569,0.0070734317,0.0512117,0.03,0.036
570,0.00096811634,0.060855135,-0.018,0.036
571,0.005683737,0.054571718,-0.006,0.084
572,-0.000106766354,0.058043096,0.018,0.06
573,0.0036585547,0.04923261,0.018,0.072
574,0.004755356,0.049921565,0.006,0.096
575,0.00580329,0.0522025,-0.018,0.072
576,0.005146229,0.0525074,-0.03,0.102
577,-0.0008439636,0.050345253,-0.018,0.048
578,0.006823061,0.051458575,0.012,0.024
579,0.0056515345,0.05249054,-0.012,0.024
580,0.005879129,0.052397814,0.03,0.06
581,0.012918787,0.04358279,-0.006,0.072
582,-0.027220415,0.043414228,0.036,0.012
583,0.0068747285,0.051428035,-0.006,0.072
584,0.0060435105,0.05199697,0.018,0.072
585,0.006322284,0.05170254,-0.006,0.084
586,-0.00083663734,0.046911195,0.024,0.024
587,0.0060589258,0.051909212,0.042,0.06
588,0.006867585,0.051434297,0.006,0.06
589,0.0068274825,0.052294254,-0.006,0.072
590,0.006292691,0.05171675,-0.006,0.096
591,0.0046508634,0.052354652,0.018,0.036
592,0.003980214,0.052732684,-0.03,0.102
593,0.005334829,0.052621312,0.042,0.06
594,0.0059497757,0.051972236,-0.006,0.072
595,0.0053259553,0.052487664,0.03,0.048
596,0.0057165455,0.05209764,-0.018,0.072
597,0.0054294234,0.052246056,0.024,0.012
598,0.0064954273,0.051781405,-0.018,0.072
599,0.004544613,0.05161413,0.006,0.06
600,0.005655377,0.051679883,-0.006,0.072
601,0.0066430126,0.05165902,0.012,0.012
602,0.0050129835,0.052021943,0.042,0.048
603,0.0046096016,0.052894514,0.006,0.048
604,0.004357187,0.052486293,-0.012,0.024
605,-0.011634864,0.04687213,0.03,0.048
606,0.0067299874,0.051382765,0.036,0.012
607,0.0043681385,0.05227439,-0.018,0.06
608,0.016091917,0.055165708,0.006,0.048
609,0.0062081516,0.052105874,0.006,0.048
610,0.006908282,0.051125947,0.018,0.06
611,0.009438011,0.05068463,0.006,0.096
612,0.0055493377,0.052098874,-0.03,0.102
613,0.0038301954,0.079647295,0.042,0.048
614,0.0055820225,0.051457763,0.0,0.012
615,0.0047318144,0.05332679,0.006,0.06
616,0.006842356,0.0512337,0.012,0.012
617,0.005264023,0.05212104,0.006,0.036
618,0.003704743,0.052623257,0.036,0.024
619,0.0039362228,0.05299641,0.036,0.024
620,0.00984276,0.05241196,0.018,0.084
621,0.0055280635,0.051911347,0.018,0.084
622,0.0051014125,0.052582223,0.0,0.024
623,0.004494054,0.052224316,0.024,0.024
624,0.005181929,0.051947556,0.006,0.096
625,0.0054702843,0.052453537,0.036,0.012
626,0.006074226,0.051628575,-0.006,0.036
627,0.0051796148,0.052189715,-0.018,0.09
628,0.003882851,0.0501839,0.03,0.036
629,0.0043930775,0.05293644,-0.018,0.072
630,0.006189743,0.05154506,0.012,0.012
631,0.006849489,0.05127749,0.012,0.012
632,-0.01720791,0.045843836,0.018,0.072
633,0.0070202164,0.05105902,0.024,0.012
634,0.0043972502,0.052647434,-0.018,0.048
635,0.0066511896,0.051584054,0.006,0.072
636,0.0038904075,0.0509854,0.006,0.036
637,0.0041361,0.058023814,0.018,0.036
638,0.0055464827,0.05240221,-0.006,0.084
639,0.0008213115,0.0616496,-0.018,0.102
640,0.0062070335,0.051292688,0.024,0.024
641,0.006681864,0.05146646,0.03,0.048
642,0.0020097997,0.06240823,-0.006,0.072
643,0.005361837,0.052242965,0.006,0.048
644,0.0027119913,0.06554849,0.012,0.024
645,0.0054132296,0.052204892,0.012,0.012
646,0.005205656,0.05229154,0.006,0.06
647,0.006653928,0.051559124,-0.018,0.06
648,0.005427189,0.051540766,0.036,0.012
649,0.005537652,0.051530417,0.024,0.024
650,0.0026072892,0.06394622,0.018,0.084
651,0.006234778,0.0518026,0.0,0.024
652,0.0052473815,0.051334642,0.006,0.072
653,0.009404562,0.05100592,0.006,0.048
654,0.006657103,0.05101011,-0.006,0.096
655,0.0037411263,0.04942725,0.006,0.06
656,0.006542757,0.051358808,-0.006,0.096
657,0.00557431,0.05427922,0.018,0.072
658,0.004857336,0.05428473,-0.006,0.048
659,0.009354808,0.051446218,0.018,0.06
660,0.0075417673,0.047796305,0.03,0.06
661,-0.0041583143,0.07470371,-0.018,0.09
662,0.005843766,0.05649462,0.03,0.036
663,0.007775766,0.05196677,0.042,0.048
664,0.0054420307,0.051532663,-0.018,0.048
665,-0.01713757,0.061940268,0.03,0.048
666,0.0087375445,0.04376545,-0.024,0.024
667,0.0057365866,0.051507015,0.018,0.072
668,0.0071670315,0.047834247,0.036,0.024
669,0.004347299,0.05054796,0.006,0.096
670,0.022852665,0.050109245,0.006,0.084
671,0.0064786947,0.051200803,0.006,0.084
672,0.0067051738,0.049113706,0.036,0.024
673,0.00637279,0.05123433,-0.006,0.084
674,0.0057269097,0.051416513,-0.012,0.024
675,0.011177142,0.051786132,0.012,0.024
676,0.0019267681,0.050478846,-0.018,0.09
677,0.017009959,0.054043405,0.042,0.048
678,0.006127914,0.052961584,-0.018,0.072
679,0.0067239134,0.051046122,-0.018,0.072
680,0.0072112074,0.05170892,0.012,0.012
681,0.007677058,0.0483314,0.018,0.072
682,-0.00405139,0.05020948,0.006,0.06
683,0.0062615215,0.051942565,0.042,0.06
684,0.0050786505,0.051474668,0.036,0.024
685,-0.013509253,0.037011445,0.036,0.012
686,0.0069559216,0.052327406,-0.018,0.072
687,0.009331318,0.05237709,-0.024,0.024
688,0.007017589,0.05078801,-0.018,0.036
689,0.0057657897,0.051224485,-0.024,0.024
690,0.004713281,0.051974185,0.018,0.06
691,-0.016944312,0.04918513,0.018,0.06
692,0.006680603,0.05131825,-0.006,0.084
693,0.010109967,0.0517671,0.024,0.024
694,-0.0017290567,0.07953672,0.018,0.072
695,0.0058007673,0.05251435,-0.006,0.072
696,0.0074993093,0.051403336,-0.006,0.072
697,7.09123e-05,0.06365175,0.006,0.06
698,0.0064986832,0.051795546,0.006,0.072
699,0.006738889,0.051455494,0.006,0.036
700,0.0070874565,0.051471353,0.03,0.036
701,0.0061002285,0.051328216,-0.03,0.102
702,0.005904582,0.05115342,-0.006,0.084
703,0.0032919399,0.059738666,0.006,0.036
704,0.0023548058,0.049953345,-0.006,0.084
705,-0.01497385,0.058084182,0.018,0.06
706,0.0057168044,0.051766407,0.018,0.084
707,-0.019383077,0.04340002,-0.006,0.06
708,0.009614363,0.051538665,0.018,0.06
709,0.00741337,0.051659774,0.042,0.06
710,0.009130691,0.051295873,0.006,0.036
711,0.008271107,0.05390651,-0.018,0.09
712,0.0065484475,0.05096388,0.018,0.036
713,0.0076478226,0.05174404,0.03,0.048
714,0.010641795,0.033232376,-0.024,0.024
715,0.007862199,0.05150318,0.012,0.024
716,0.008243248,0.051471055,0.03,0.06
717,0.008107989,0.053279527,0.042,0.048
718,0.0066220057,0.041347735,0.006,0.036
719,0.006808496,0.051604446,-0.018,0.048
720,0.005804509,0.051207688,0.03,0.06
721,0.006338876,0.05111976,0.006,0.036
722,0.006298266,0.05117453,0.042,0.048
723,0.005854797,0.05191513,-0.012,0.024
724,0.005045034,0.051896155,-0.03,0.102
725,0.008827459,0.05109507,0.018,0.072
726,-0.00063222833,0.04992197,0.006,0.048
727,0.0069831614,0.051105913,0.036,0.012
728,0.006926389,0.051166162,0.03,0.036
729,0.0009225616,0.057170507,-0.006,0.096
730,0.0053739618,0.051788047,0.024,0.024
731,0.0058546704,0.051964328,-0.006,0.096
732,0.0069604893,0.051976793,-0.03,0.102
733,0.006539365,0.051252596,0.03,0.048
734,0.0068206866,0.051217016,0.018,0.072
735,0.017569102,0.06379573,0.006,0.06
736,-0.010429053,0.05468726,0.042,0.048
737,0.0045348327,0.053469166,0.024,0.024
738,0.010016446,0.052688807,-0.018,0.102
739,0.00824955,0.051330708,0.018,0.084
740,0.0014719791,0.049043134,0.036,0.012
741,0.0041670064,0.053618837,0.018,0.06
742,0.0063711773,0.051599804,0.012,0.024
743,0.0071024597,0.05114856,0.006,0.048
744,0.006033768,0.05221375,-0.006,0.048
745,0.0026853085,0.04991664,-0.006,0.06
746,0.0057485322,0.051897634,0.006,0.072
747,0.0064298683,0.051469672,-0.006,0.096
748,0.0061214813,0.052187297,-0.018,0.06
749,0.0061415024,0.052187074,0.024,0.012
750,0.0059415884,0.052288767,-0.024,0.024
751,0.006184969,0.05172356,-0.018,0.036
752,0.0022351337,0.04563498,0.03,0.06
753,0.0073101455,0.0538115,0.006,0.084
754,0.0034376904,0.05385652,0.03,0.036
755,0.0032706084,0.05165358,0.024,0.024
756,0.0053630117,0.0530153,-0.018,0.048
757,0.007508517,0.051837675,0.0,0.024
758,0.005952322,0.052590635,0.018,0.072
759,0.005615119,0.052040964,0.042,0.048
760,0.006889421,0.052888002,-0.006,0.048
761,0.0050686486,0.05239152,0.012,0.012
762,0.005508445,0.052173886,0.006,0.096
763,0.0063471664,0.051709607,0.018,0.084
764,0.006078348,0.05219882,0.012,0.012
765,0.0011689966,0.055286348,-0.024,0.024
766,0.010859298,0.052078705,0.03,0.048
767,0.0070382254,0.05142922,0.018,0.036
768,0.005995715,0.052266326,-0.006,0.048
769,0.006170665,0.052032463,-0.018,0.102
770,0.00613851,0.05247923,0.006,0.072
771,0.0057013044,0.05253766,-0.006,0.048
772,0.008372412,0.052922457,-0.018,0.09
773,0.0056591174,0.053504877,-0.006,0.036
774,0.020202313,0.050513506,0.018,0.084
775,0.014460189,0.050921828,0.036,0.024
776,0.0024641082,0.05065293,-0.006,0.096
777,0.0053207977,0.051640764,0.018,0.084
778,0.005895604,0.052555807,0.012,0.012
779,0.006591053,0.05230292,-0.018,0.048
780,0.007042394,0.051465906,-0.018,0.048
781,0.00651788,0.05166513,0.006,0.048
782,0.005907515,0.05178535,-0.006,0.06
783,-0.0019514547,0.04688921,0.012,0.024
784,0.0062124287,0.052130483,0.006,0.06
785,0.005228338,0.052698463,-0.018,0.102
786,0.0061014607,0.052048013,-0.03,0.102
787,0.0042751823,0.055929385,0.006,0.048
788,0.0094017545,0.040799588,0.042,0.06
789,0.008437787,0.05324657,0.024,0.024
790,0.010651562,0.05809559,0.006,0.036
791,0.007048997,0.05146806,0.018,0.036
792,0.006427191,0.051589474,0.006,0.048
793,0.005835515,0.052193712,-0.018,0.102
794,0.0058226446,0.051986318,-0.018,0.102
795,0.013495664,0.06024471,0.0,0.024
796,0.0058400594,0.052062158,0.006,0.048
797,0.0050679753,0.052454997,0.006,0.036
798,0.0032005962,0.04915641,0.03,0.036
799,0.005879559,0.05254095,0.0,0.012
800,0.00656165,0.051329643,0.03,0.06
801,0.008208491,0.052437242,-0.03,0.102
802,0.0061585763,0.05167662,-0.03,0.102
803,0.006724098,0.051850375,0.03,0.06
804,0.0061933603,0.05232693,0.036,0.012
805,0.006606532,0.051781587,0.018,0.06
806,-0.0061624777,0.05019112,0.012,0.024
807,0.0051189587,0.05142166,-0.006,0.084
808,0.00654672,0.05233494,0.006,0.048
809,0.0064114537,0.05232071,-0.006,0.048
810,0.007371842,0.051097,-0.006,0.048
811,0.006297055,0.05229928,0.006,0.036
812,0.0063785207,0.052249875,-0.006,0.06
813,0.004716495,0.050100986,-0.018,0.048
814,0.006916503,0.051846802,0.012,0.012
815,0.0060013128,0.052017547,0.0,0.024
816,0.0066056354,0.05437111,0.006,0.072
817,-0.021444207,0.043749195,0.0,0.024
818,0.0061186245,0.05195495,0.036,0.024
819,0.008907041,0.052343633,-0.006,0.06
820,0.0054228515,0.05221871,-0.018,0.09
821,0.006164519,0.05237216,-0.018,0.09
822,0.0067888,0.052059226,-0.018,0.036
823,0.0024743075,0.05256823,0.0,0.024
824,0.006999375,0.05140237,-0.006,0.036
825,0.0064668898,0.051851988,-0.006,0.072
826,0.005380718,0.05285931,0.018,0.036
827,0.012653353,0.059065588,0.006,0.096
828,0.006404056,0.052556958,0.0,0.024
829,0.0055210683,0.05231891,-0.018,0.048
830,0.0068877223,0.05145974,0.024,0.024
831,0.005201499,0.052744105,0.03,0.048
832,0.005030418,0.053678576,-0.024,0.024
833,0.0053584417,0.050948173,-0.006,0.036
834,0.005541598,0.052488156,0.012,0.024
835,0.007231638,0.05452211,0.042,0.048
836,0.0028162817,0.050183155,-0.018,0.06
837,0.019411003,0.0757668,-0.018,0.036
838,0.0056449026,0.052447427,-0.006,0.072
839,0.0063483473,0.051983684,0.042,0.048
840,0.0056714015,0.052377596,0.006,0.096
841,0.0073508755,0.04123299,-0.018,0.06
842,0.007527971,0.052171834,0.012,0.012
843,0.005558354,0.052672286,-0.024,0.024
844,0.005860226,0.052884858,0.036,0.012
845,0.0067579625,0.052159563,-0.018,0.048
846,0.005736733,0.052126102,-0.012,0.024
847,0.0117431525,0.05649796,0.018,0.06
848,0.0065228725,0.052523747,0.018,0.084
849,0.015473936,0.05104736,0.03,0.036
850,0.007096607,0.046516635,-0.006,0.084
851,0.0059217755,0.052485675,-0.006,0.072
852,0.0058248504,0.052715376,0.036,0.012
853,0.006009372,0.051967353,0.006,0.048
854,0.0054453933,0.05264614,0.036,0.024
855,0.010689059,0.053652886,-0.024,0.024
856,0.006074754,0.051961526,0.0,0.012
857,0.005811624,0.052566852,-0.006,0.036
858,0.006587673,0.052438702,0.006,0.048
859,0.0070101856,0.05136259,0.018,0.036
860,0.012062951,0.057009686,-0.018,0.09
861,-0.029753458,0.04126947,0.006,0.036
862,0.005860917,0.052349474,0.012,0.012
863,0.0074079707,0.04732815,0.018,0.084
864,0.0061804205,0.051739976,0.006,0.072
865,0.006505462,0.051418573,-0.006,0.048
866,0.0067447405,0.051364876,-0.018,0.06
867,0.013730205,0.06432019,-0.006,0.096
868,0.0102661615,0.051835664,0.036,0.024
869,0.006419963,0.0518673,-0.006,0.096
870,0.017485956,0.050533623,0.006,0.084
871,0.005136187,0.052878883,-0.018,0.072
872,0.0060357833,0.05263843,0.018,0.072
873,0.0065406035,0.051512588,0.012,0.024
874,0.0041418895,0.056232583,0.012,0.012
875,0.0054981764,0.052979697,0.006,0.048
876,0.0065493067,0.05149316,-0.006,0.06
877,0.013706278,0.05204228,0.0,0.012
878,0.008274403,0.041857317,-0.006,0.036
879,0.0068857404,0.051331706,-0.006,0.084
880,0.005373985,0.05230926,-0.018,0.072
881,0.0059876796,0.05247978,0.018,0.072
882,0.018579556,0.048483387,-0.006,0.06
883,0.006740721,0.051543556,0.03,0.036
884,-0.00042823143,0.056451596,-0.024,0.024
885,0.0129257,0.05057511,-0.018,0.102
886,0.007042306,0.052703228,-0.006,0.036
887,0.0067046857,0.05138753,0.012,0.012
888,0.008655768,0.05264174,0.042,0.06
889,0.006799004,0.051431127,0.042,0.048
890,-0.0027073026,0.044682495,0.03,0.048
891,0.0049198354,0.053177666,-0.018,0.06
892,0.0060973,0.052065533,-0.018,0.06
893,0.005199769,0.05262872,0.03,0.036
894,0.00291938,0.06937989,-0.018,0.09
895,0.006197492,0.052097287,-0.018,0.036
896,0.005698298,0.051799323,0.006,0.048
897,0.004567096,0.051918652,-0.018,0.036
898,0.0054290732,0.053208176,-0.018,0.072
899,0.004447448,0.056819674,-0.012,0.024
900,0.006172932,0.05190713,0.03,0.06
901,-0.00040942198,0.047258914,0.006,0.06
902,0.0027575819,0.050119366,-0.018,0.048
903,0.0067256615,0.051213816,0.018,0.06
904,-0.004119172,0.050767772,0.036,0.024
905,0.0066428073,0.051076543,-0.006,0.084
906,0.009160491,0.05166914,-0.018,0.09
907,0.0067725712,0.05137687,-0.018,0.048
908,0.0017443504,0.052261338,-0.018,0.036
909,0.0057966113,0.052274194,0.006,0.084
910,0.0070128045,0.050920703,0.0,0.012
911,0.005047709,0.051668856,-0.006,0.048
912,0.006809794,0.050111875,0.03,0.036
913,0.0061590904,0.051428206,0.03,0.036
914,0.016200176,0.037645075,0.018,0.06
915,0.019971576,0.07401859,0.0,0.024
916,0.0052673416,0.05169281,-0.006,0.084
917,0.0037270775,0.050919008,-0.018,0.072
918,0.00671082,0.051100142,0.006,0.048
919,0.006322206,0.05171083,-0.018,0.048
920,0.005358957,0.052305732,0.0,0.024
921,0.00713449,0.050960265,-0.018,0.102
922,0.0071092155,0.05108614,0.042,0.048
923,0.0121071655,0.063283026,-0.012,0.024
924,0.0071569094,0.05085536,-0.018,0.06
925,0.006580213,0.05248564,0.042,0.06
926,0.009057608,0.056455888,0.0,0.024
927,0.012034373,0.05335189,0.018,0.036
928,0.005710904,0.05201219,-0.018,0.048
929,0.012587015,0.049210884,-0.03,0.102
930,0.00621753,0.052013364,0.006,0.096
931,0.0062955157,0.05129691,-0.018,0.102
932,0.005774608,0.05133457,0.006,0.096
933,0.0063271276,0.051324278,-0.03,0.102
934,0.0067291586,0.05103333,-0.006,0.048
935,-0.01080093,0.049527988,0.006,0.072
936,0.0058019045,0.051708583,0.018,0.036
937,0.0056435885,0.051618252,0.0,0.012
938,0.006866359,0.051253904,-0.018,0.036
939,0.007102902,0.051391315,0.006,0.096
940,0.0071431804,0.051403336,-0.006,0.096
941,0.0070770807,0.061723594,0.024,0.024
942,0.0015373393,0.047333784,-0.018,0.06
943,0.012503391,0.058312822,-0.006,0.048
944,0.005154481,0.052777454,-0.018,0.036
945,0.006225726,0.052050926,0.03,0.036
946,0.005510312,0.051809564,0.018,0.084
947,0.0077337446,0.055479847,0.03,0.06
948,0.0056350105,0.05194726,-0.018,0.06
949,0.0068506915,0.051188547,-0.024,0.024
950,-0.0153195355,0.044847813,-0.006,0.06
951,0.00689932,0.051278435,0.036,0.024
952,0.0070503955,0.051011205,0.024,0.024
953,0.00654052,0.052620623,0.03,0.048
954,0.0067867474,0.05112175,0.006,0.06
955,0.0129206255,0.06314676,-0.006,0.048
956,0.005883201,0.052230123,0.006,0.084
957,0.010123171,0.054428354,0.03,0.036
958,0.009844246,0.051443897,-0.018,0.072
959,0.0052974066,0.05198698,0.024,0.012
960,0.005211631,0.052599043,0.018,0.084
961,0.005699819,0.05236302,0.006,0.072
962,0.006433071,0.051674437,0.0,0.024
963,0.005553391,0.051645435,0.012,0.012
964,0.0054565724,0.05279345,-0.024,0.024
965,0.005478627,0.052133933,0.006,0.06
966,0.0060127922,0.052159216,0.006,0.072
967,0.0064049377,0.05136082,0.018,0.036
968,0.009220682,0.051892653,0.012,0.012
969,0.0072193807,0.05104793,0.006,0.072
970,0.0066578863,0.051548768,0.036,0.024
971,0.006317546,0.051394764,-0.018,0.072
972,0.00601953,0.05220916,0.024,0.024
973,0.008746089,0.045606952,0.006,0.048
974,0.0056016487,0.051957376,-0.006,0.072
975,0.0056686876,0.04973022,0.006,0.06
976,0.008211378,0.05288753,-0.018,0.06
977,0.0059868153,0.05192986,0.018,0.072
978,0.006713088,0.049735013,0.042,0.048
979,0.0057423706,0.051505875,0.018,0.06
980,0.0036633224,0.056990627,0.006,0.084
981,0.004392445,0.051494896,0.03,0.048
982,0.0051534735,0.05166994,0.042,0.06
983,0.004198694,0.046554312,0.018,0.036
984,0.0060874615,0.052272152,0.006,0.048
985,-0.0020400346,0.056604914,0.006,0.072
986,0.0058064875,0.051338956,0.03,0.06
987,0.0063440474,0.051302817,0.024,0.024
988,0.052999288,0.051214542,-0.006,0.06
989,0.0057900343,0.05161385,-0.006,0.048
990,0.007876601,0.05416069,0.036,0.024
991,0.005274673,0.051917747,0.006,0.084
992,0.0120535735,0.059079856,0.0,0.012
993,0.020216122,0.050346844,-0.006,0.048
994,0.0066491743,0.05164158,-0.018,0.09
995,0.008812024,0.055265483,0.024,0.012
996,0.0021136184,0.061054714,-0.024,0.024
997,0.006577704,0.05107167,-0.006,0.048
998,0.0065220506,0.05111751,0.024,0.024
999,0.009282598,0.051645726,0.012,0.012
1000,0.0071303495,0.05095705,-0.018,0.048
1001,0.0063072643,0.051137723,-0.012,0.024
1002,0.00676694,0.051201586,-0.018,0.102
1003,0.0055729384,0.053366277,-0.018,0.036
1004,0.0058635925,0.051228005,-0.006,0.048
1005,0.0054437034,0.05220826,0.024,0.012
1006,0.0077578137,0.057377554,0.036,0.024
1007,0.008046476,0.042956725,0.03,0.048
1008,0.005211934,0.05135035,-0.018,0.036
1009,0.0062389253,0.050909612,0.03,0.048
1010,0.0065265265,0.05100475,-0.006,0.072
1011,0.0049892934,0.05165115,0.024,0.024
1012,0.0060039596,0.05101034,0.0,0.024
1013,0.0044427454,0.047018792,0.024,0.012
1014,0.006725341,0.05156927,-0.006,0.048
1015,0.005950859,0.051351193,0.006,0.06
1016,0.005646836,0.051325846,0.018,0.084
1017,0.013663171,0.05249902,-0.018,0.06
1018,0.0049985126,0.038536377,0.018,0.072
1019,0.0060926187,0.051408373,0.024,0.012
1020,0.006114794,0.05191231,0.006,0.096
1021,0.0062451004,0.05101982,0.018,0.084
1022,0.0062599895,0.052173857,0.03,0.048
1023,0.0063120024,0.052370656,-0.018,0.048
1024,0.0062386766,0.051805772,0.006,0.072
1025,0.0053801537,0.052402653,0.036,0.012
1026,0.003368396,0.05085533,0.024,0.012
1027,0.008765486,0.040900994,0.006,0.096
1028,0.00056037726,0.048316784,0.03,0.048
1029,0.0056672604,0.052498944,0.006,0.096
1030,-0.0007218942,0.059676483,0.03,0.048
1031,0.008890259,0.052895226,0.006,0.048
1032,0.011145893,0.053165473,-0.018,0.06
1033,0.0062345522,0.051386736,-0.03,0.102
1034,-0.0028857365,0.044638976,-0.018,0.102
1035,-0.0018888856,0.05079245,-0.024,0.024
1036,-0.02556511,0.043786407,0.006,0.048
1037,0.0057074097,0.051871467,-0.006,0.096
1038,-0.000973966,0.080264695,0.018,0.084
1039,0.005248183,0.051877968,0.006,0.036
1040,0.0067761573,0.051088072,0.006,0.06
1041,0.0063349847,0.051167104,0.006,0.084
1042,0.005959935,0.05146965,0.024,0.012
1043,0.005398136,0.05205194,-0.006,0.096
1044,0.0057368176,0.05139423,0.024,0.024
1045,0.003722941,0.055608448,-0.006,0.096
1046,0.005739829,0.051586896,0.018,0.084
1047,0.00797886,0.051207624,0.006,0.036
1048,0.0050097015,0.0522137,0.006,0.06
1049,0.006572022,0.051322248,-0.006,0.072
1050,0.006135198,0.052009676,0.036,0.012
1051,0.008755104,0.039580442,-0.018,0.072
1052,0.005560824,0.05183435,0.0,0.024
1053,0.0062498087,0.051899146,-0.006,0.06
1054,0.006032819,0.051979706,-0.018,0.102
1055,0.0058022575,0.052311722,0.042,0.06
1056,0.006375805,0.051361877,0.006,0.036
1057,0.0048525073,0.05236102,-0.03,0.102
1058,0.017060865,0.05395835,0.006,0.036
1059,0.005878447,0.052150454,0.006,0.036
1060,0.006376533,0.052144933,-0.03,0.102
1061,0.0061132913,0.051796027,0.042,0.048
1062,0.0057519535,0.05195385,-0.018,0.09
1063,0.0062004,0.051763255,-0.018,0.072
1064,0.004785372,0.051757906,-0.018,0.036
1065,0.0064265225,0.05123391,0.042,0.06
1066,0.0055754962,0.052346263,-0.018,0.048
1067,0.0068678157,0.051878173,0.042,0.06
1068,0.005788861,0.051747378,0.024,0.024
1069,0.0069125546,0.05109716,-0.03,0.102
1070,-0.00037838193,0.050525475,-0.012,0.024
1071,0.0016541127,0.04922512,0.03,0.048
1072,0.006338837,0.051165745,0.006,0.048
1073,0.010439591,0.052308626,-0.006,0.036
1074,-0.003069399,0.048532356,0.006,0.06
1075,0.0062248874,0.051189244,0.012,0.024
1076,0.0068185367,0.0541449,0.012,0.024
1077,0.0068688677,0.05194513,0.0,0.012
1078,0.0059108906,0.051381756,0.024,0.024
1079,0.005713274,0.052341685,0.03,0.036
1080,0.012147533,0.06411526,0.03,0.048
1081,-0.026916215,0.037673928,-0.006,0.036
1082,0.007024438,0.051065613,0.018,0.072
1083,0.0056050597,0.051555388,0.042,0.048
1084,0.005986984,0.05123316,-0.006,0.036
1085,0.005650668,0.051834643,0.012,0.012
1086,0.004526133,0.051896513,-0.018,0.06
1087,-0.01159211,0.06819181,-0.012,0.024
1088,0.0064693014,0.051574897,-0.018,0.048
1089,0.024428574,0.04948942,0.006,0.036
1090,0.002260589,0.048461054,-0.006,0.072
1091,0.009630579,0.05207742,0.042,0.048
1092,0.031828836,0.052840903,-0.018,0.06
1093,0.005912588,0.05186024,-0.018,0.048
1094,0.0054475074,0.052033406,-0.03,0.102
1095,0.0067989533,0.051074613,-0.006,0.096
1096,0.012347396,0.0503973,-0.018,0.048
1097,0.0029191081,0.059477895,-0.006,0.036
1098,0.00600496,0.051979296,0.036,0.012
1099,0.0052959058,0.0517008,-0.006,0.048
1100,0.005880703,0.052124094,0.03,0.036
1101,0.0059983735,0.05157332,-0.006,0.096
1102,0.003271815,0.049213696,0.012,0.024
1103,0.0073322314,0.052170947,0.036,0.024
1104,0.011044293,0.052325007,-0.006,0.048
1105,0.0057245176,0.05232712,-0.006,0.096
1106,0.0054503763,0.05183495,-0.006,0.096
1107,0.0014202707,0.06974134,0.024,0.012
1108,0.008003856,0.052338205,-0.018,0.06
1109,0.0022844803,0.0644742,-0.006,0.048
1110,0.0039107986,0.050298356,0.012,0.024
1111,0.0063052173,0.051230837,0.006,0.036
1112,0.017345233,0.05375155,-0.006,0.048
1113,0.01002502,0.058839638,-0.018,0.09
1114,0.0027922126,0.059677664,0.03,0.048
1115,0.0067084795,0.051533572,0.012,0.024
1116,0.005979727,0.05121118,0.0,0.012
1117,0.005874899,0.05157518,-0.006,0.036
1118,0.007451456,0.05097806,-0.006,0.048
1119,0.0040816567,0.054737885,0.006,0.048
1120,-0.036766093,0.08834404,0.018,0.06
1121,0.005631472,0.05109993,0.0,0.024
1122,0.00589833,0.051145934,-0.018,0.072
1123,0.006652012,0.047971353,-0.018,0.072
1124,0.0063565457,0.051223453,-0.018,0.072
1125,0.00563939,0.052317962,0.006,0.072
1126,0.0065648453,0.051346324,0.036,0.024
1127,0.005635894,0.052475177,0.012,0.012
1128,0.0055879573,0.051239487,0.012,0.024
1129,0.0023441291,0.04945094,-0.012,0.024
1130,0.00036268728,0.039769955,-0.006,0.084
1131,0.005447234,0.052311365,-0.006,0.096
1132,0.0037600044,0.04874964,0.012,0.012
1133,0.0055179633,0.052279122,0.03,0.036
1134,0.0053463844,0.05194663,-0.018,0.036
1135,0.0045592855,0.052507598,0.042,0.048
1136,0.006934058,0.051187452,0.036,0.024
1137,0.0056264745,0.05130302,-0.012,0.024
1138,0.0053427597,0.052059516,0.006,0.036
1139,0.003188926,0.048828065,0.03,0.048
1140,0.009079597,0.041717768,0.018,0.036
1141,0.0067449664,0.051145304,0.018,0.036
1142,0.0055804686,0.05191331,0.03,0.036
1143,0.0056986567,0.051833022,0.006,0.096
1144,0.004906143,0.05220226,0.006,0.072
1145,0.006419883,0.05214709,-0.006,0.084
1146,0.00533772,0.05295129,-0.03,0.102
1147,0.001465342,0.05213532,-0.006,0.06
1148,0.0062306286,0.051583115,-0.018,0.072
1149,0.004975057,0.053407155,0.006,0.06
1150,0.010178784,0.056784913,0.018,0.06
1151,0.003662375,0.052862734,-0.018,0.036
1152,0.0065034344,0.051589124,-0.018,0.102
1153,0.0055547915,0.051846415,-0.006,0.048
1154,0.006957866,0.052555285,0.03,0.048
1155,0.010064151,0.051254187,-0.006,0.036
1156,0.01051331,0.053016502,0.024,0.024
1157,0.003004462,0.049902085,-0.018,0.09
1158,0.0060078567,0.051622793,-0.018,0.102
1159,0.0053793243,0.05221522,0.03,0.048
1160,0.0055171545,0.05259084,-0.018,0.036
1161,0.006439195,0.052275877,-0.03,0.102
1162,0.0057404754,0.05188105,-0.006,0.06
1163,0.0056387326,0.051942915,0.006,0.072
1164,0.0051556937,0.05222544,0.03,0.06
1165,0.005743799,0.05195067,-0.018,0.036
1166,7.5236894e-06,0.054879997,-0.03,0.102
1167,0.007585905,0.054242875,-0.006,0.036
1168,-0.0016409266,0.044917755,0.018,0.06
1169,0.006543305,0.051521283,0.006,0.096
1170,0.0048319316,0.052864466,0.012,0.024
1171,0.007051082,0.052686438,0.012,0.012
1172,0.006521138,0.050859585,-0.006,0.096
1173,0.0075903134,0.055474073,-0.018,0.102
1174,0.0062344605,0.051792216,0.006,0.06
1175,0.008889542,0.054411758,0.024,0.024
1176,0.004905974,0.052546147,0.03,0.048
1177,0.00489003,0.052782353,-0.024,0.024
1178,0.008543934,0.053176027,0.006,0.072
1179,0.0041772346,0.053194683,0.006,0.06
1180,0.004553156,0.054259904,0.03,0.036
1181,0.0055517964,0.052304752,-0.012,0.024
1182,0.0058681592,0.051872905,0.042,0.048
1183,0.0049092257,0.05293225,-0.018,0.09
1184,-0.01996125,0.077988714,0.03,0.048
1185,0.00597068,0.05158627,0.036,0.012
1186,0.005881437,0.052673224,0.024,0.012
1187,0.0074164765,0.052579187,-0.018,0.09
0,0.005347828,0.052232888,0.03,0.036
1,0.005169037,0.052917212,-0.006,0.096
2,0.013280771,0.052883413,0.042,0.06
3,0.0060015297,0.05235878,-0.006,0.048
4,0.004930425,0.05254725,0.042,0.06
5,0.00602116,0.051698685,-0.024,0.024
6,0.0061920807,0.05164513,-0.018,0.102
7,0.0067340652,0.051417325,0.006,0.048
8,0.0052247173,0.05250417,-0.006,0.072
9,-0.043193102,0.03795176,0.006,0.072
10,0.006052848,0.051691458,-0.024,0.024
11,0.005134846,0.05280149,0.042,0.048
12,-0.0021099169,0.051301166,0.006,0.06
13,0.0054118866,0.05456177,0.006,0.06
14,0.0058036037,0.05199285,-0.018,0.036
15,0.0057128295,0.052172817,-0.018,0.072
16,0.0057477346,0.051677883,0.042,0.048
17,-0.00945966,0.06419366,-0.006,0.06
18,0.009680318,0.05183198,0.0,0.024
19,0.0064985435,0.05131216,-0.018,0.072
20,0.0055236416,0.052093465,-0.018,0.09
21,0.006352565,0.051059328,-0.006,0.072
22,0.006283825,0.05165251,-0.006,0.096
23,0.0049870647,0.05192813,-0.006,0.084
24,-0.003893937,0.05142444,-0.018,0.072
25,0.0053437827,0.05216532,0.036,0.024
26,0.0050004176,0.052585386,0.018,0.084
27,-0.0029743118,0.053940415,0.018,0.036
28,0.006376737,0.05169863,-0.024,0.024
29,0.008411157,0.050665766,-0.006,0.096
30,0.006146757,0.051542226,0.018,0.036
31,0.0057390984,0.052246556,-0.024,0.024
32,0.006324977,0.05152547,-0.018,0.06
33,0.009446522,0.05172861,-0.006,0.048
34,0.008204287,0.05195865,0.006,0.036
35,0.0057384623,0.05163018,0.018,0.084
36,0.0060751424,0.051743943,-0.006,0.048
37,0.0071149897,0.05172693,0.042,0.06
38,0.00550922,0.0522415,-0.018,0.09
39,0.005165468,0.05195421,0.012,0.024
40,0.006007745,0.051777422,0.012,0.024
41,0.006009837,0.051588677,0.042,0.048
42,0.005533835,0.052382883,0.0,0.012
43,-0.025389541,0.04263448,-0.006,0.096
44,0.0065137004,0.052292295,0.018,0.084
45,0.00551737,0.052524216,0.018,0.06
46,0.005742846,0.052402485,-0.012,0.024
47,0.005106855,0.05258101,-0.018,0.09
48,0.011129542,0.05278766,0.018,0.084
49,-0.018426988,0.04894046,0.042,0.048
50,0.003525898,0.052498523,0.006,0.084
51,0.002849311,0.059774615,0.012,0.012
52,-4.8894435e-07,0.07439925,-0.006,0.096
53,0.00487273,0.056405134,-0.006,0.084
54,-0.009964364,0.04821872,0.012,0.024
55,0.0037205932,0.06040844,0.006,0.096
56,0.0061061075,0.051798202,-0.018,0.072
57,0.008008722,0.052193128,-0.006,0.06
58,0.0062080207,0.051481362,0.012,0.012
59,0.0086879,0.05194015,-0.012,0.024
60,0.0047886716,0.05280382,-0.018,0.036
61,0.006356576,0.051840506,-0.006,0.048
62,0.006307742,0.051928446,0.0,0.024
63,0.010891318,0.05269268,0.006,0.048
64,0.005721912,0.05187504,0.006,0.06
65,0.005442771,0.051728774,0.03,0.06
66,0.004875263,0.052283067,0.006,0.06
67,0.0053691696,0.051777415,-0.012,0.024
68,0.0010958579,0.058702566,-0.006,0.048
69,0.0056269118,0.05180947,0.006,0.084
70,0.0050628907,0.051986758,-0.024,0.024
71,0.0055618407,0.051612005,0.018,0.036
72,0.005792469,0.051375885,0.012,0.024
73,0.0038454991,0.053017825,0.0,0.024
74,0.0042573493,0.05293476,-0.018,0.036
75,0.0048480886,0.050815027,-0.018,0.06
76,0.0069994926,0.052572854,-0.006,0.048
77,0.00942786,0.05166022,0.03,0.06
78,0.005689686,0.05107607,-0.006,0.048
79,0.0052913027,0.05157136,-0.018,0.102
80,0.02145127,0.0739151,0.006,0.06
81,0.025497694,0.048908994,-0.006,0.048
82,0.004578152,0.055520386,-0.006,0.036
83,0.0064567807,0.0531584,-0.006,0.036
84,0.0054801963,0.05215134,0.006,0.036
85,0.0072817663,0.051937543,-0.006,0.036
86,0.004655337,0.05346662,0.03,0.06
87,0.0064649894,0.05167431,-0.006,0.096
88,0.005352617,0.052044254,0.006,0.096
89,0.010551643,0.055487342,-0.006,0.096
90,0.008264784,0.051687837,0.036,0.024
91,0.0046894182,0.05230906,-0.018,0.06
92,0.0066804937,0.051621117,0.024,0.012
93,0.0049521765,0.052376937,0.03,0.048
94,0.0063159848,0.051333606,0.006,0.06
95,0.00673103,0.051238146,0.006,0.096
96,0.005992208,0.051833995,-0.018,0.036
97,0.004699616,0.05215003,0.018,0.036
98,0.0063711083,0.05170434,-0.006,0.036
99,0.005087111,0.052402083,-0.018,0.09
100,0.009766246,0.05799056,-0.012,0.024
101,0.005688034,0.05220434,-0.018,0.072
102,0.0067900475,0.053455934,-0.012,0.024
103,0.0057589207,0.05227828,-0.006,0.048
104,0.005227645,0.0526808,0.006,0.06
105,0.004346746,0.053089544,0.006,0.048
106,0.0054090475,0.051984176,0.012,0.024
107,0.005222946,0.052519623,0.024,0.024
108,0.005107644,0.052031025,0.024,0.024
109,0.009409305,0.05860284,-0.006,0.06
110,0.0044789426,0.05314732,0.018,0.084
111,0.005378782,0.052439786,-0.018,0.036
112,0.0033838192,0.050460797,0.018,0.036
113,0.0056438274,0.051756863,-0.006,0.048
114,0.005991,0.05204989,0.042,0.048
115,0.011012327,0.052758317,-0.006,0.096
116,0.012704,0.0643696,-0.018,0.072
117,0.0017204704,0.054487027,0.006,0.06
118,0.005143921,0.055917855,0.03,0.036
119,0.0066625485,0.051328823,-0.006,0.048
120,0.005755646,0.051866792,0.03,0.048
121,0.0020353366,0.06354746,-0.018,0.048
122,0.009933772,0.057583287,-0.018,0.06
123,0.0054787938,0.052204363,0.006,0.072
124,0.0062413835,0.051029924,0.042,0.06
125,0.0055674254,0.05195966,0.036,0.012
126,0.01965912,0.052388944,-0.024,0.024
127,0.005905493,0.05192131,-0.006,0.084
128,0.004261492,0.053398192,-0.006,0.036
129,0.004133648,0.053042613,-0.018,0.102
130,0.003713041,0.053942014,0.03,0.06
131,0.0054929713,0.052162245,-0.018,0.102
132,0.0051742154,0.052648075,0.018,0.036
133,0.0061591575,0.051809162,-0.018,0.048
134,0.005093928,0.052313644,0.024,0.024
135,0.0055280984,0.05192366,0.018,0.06
136,-0.0018662326,0.05588263,-0.006,0.084
137,0.005954983,0.05174108,-0.018,0.072
138,0.015725672,0.053325303,0.018,0.06
139,0.0056262873,0.051897608,-0.006,0.06
140,0.0038207525,0.052099384,0.018,0.036
141,0.0050128526,0.052851018,-0.018,0.036
142,0.0048538717,0.052945938,0.042,0.06
143,0.005760855,0.052207515,-0.018,0.06
144,0.006053534,0.051972866,0.03,0.06
145,-0.007826562,0.09294765,0.024,0.012
146,0.004105804,0.053922,0.006,0.048
147,-0.00045051007,0.05217538,-0.018,0.06
148,0.00073704496,0.051936075,0.0,0.012
149,0.0047896635,0.05318218,0.012,0.012
150,0.006729433,0.051371947,-0.006,0.072
151,0.0056487075,0.052046552,-0.006,0.048
152,0.0074665872,0.051151875,0.03,0.06
153,0.0022896915,0.0521681,-0.018,0.036
154,0.0067424523,0.053057395,-0.018,0.06
155,0.0027762852,0.04962549,0.036,0.024
156,0.008223165,0.050958574,0.018,0.06
157,0.0054795737,0.05269391,-0.018,0.09
158,0.004579681,0.052632175,0.036,0.024
159,0.0064663505,0.051534057,0.0,0.012
160,0.005793752,0.051896106,0.006,0.036
161,0.0044543636,0.052949086,-0.006,0.084
162,0.006078205,0.052047472,0.042,0.048
163,0.011405477,0.052803542,-0.012,0.024
164,0.005259077,0.052291576,0.006,0.072
165,-0.0131824855,0.0505101,-0.018,0.048
166,0.0055754445,0.05298444,0.042,0.06
167,0.005429583,0.052209556,-0.024,0.024
168,-0.01628132,0.04586128,0.012,0.012
169,0.005411757,0.052693825,0.03,0.036
170,0.004828778,0.052456133,0.03,0.036
171,0.0058221444,0.0519326,0.006,0.048
172,0.0052868337,0.052204393,-0.03,0.102
173,0.0060354234,0.04956271,-0.006,0.036
174,-0.017825358,0.04677835,0.036,0.024
175,0.004577589,0.059158675,-0.006,0.036
176,-0.006535436,0.05158271,-0.006,0.06
177,0.0049800877,0.05299529,0.018,0.06
178,0.004232826,0.05296461,0.006,0.072
179,0.005156937,0.05227036,-0.018,0.048
180,0.0038892091,0.0576099,0.018,0.072
181,0.012903251,0.053481538,0.006,0.036
182,0.0048380466,0.052698057,0.03,0.036
183,0.005301226,0.052117087,0.036,0.024
184,-0.009343181,0.06694343,-0.006,0.072
185,0.0030461713,0.051922556,0.024,0.024
186,0.01162287,0.053739887,0.0,0.012
187,0.006271758,0.051999584,0.042,0.048
188,0.007407843,0.056125052,-0.006,0.084
189,0.0066446783,0.05141276,0.042,0.06
190,0.0056185806,0.052179925,-0.018,0.048
191,0.0063758595,0.051572047,-0.006,0.06
192,0.009151412,0.0580845,0.036,0.012
193,0.004247662,0.053019255,-0.012,0.024
194,0.005023982,0.05286276,0.036,0.012
195,-0.028692588,0.07722166,0.0,0.024
196,-0.007901896,0.043382138,0.018,0.072
197,-0.01540814,0.050337918,-0.018,0.102
198,0.005257253,0.05242081,-0.006,0.096
199,0.006009738,0.052222814,0.024,0.012
200,0.005901192,0.052003857,0.012,0.012
201,0.008047108,0.05212051,-0.006,0.084
202,0.004432993,0.052960306,0.006,0.096
203,0.0061893207,0.05158862,0.036,0.012
204,0.006156934,0.051600493,0.036,0.024
205,0.005698883,0.05245094,0.03,0.06
206,0.005155622,0.051899,-0.018,0.102
207,0.010987433,0.052134488,-0.006,0.036
208,0.0047805067,0.05201193,-0.03,0.102
209,0.01887232,0.050880715,0.012,0.012
210,0.006020175,0.05155405,-0.006,0.084
211,0.003072556,0.053775534,0.024,0.024
212,0.0062776203,0.051882077,-0.024,0.024
213,0.0065532885,0.051320005,0.0,0.024
214,0.004441371,0.05261015,-0.006,0.048
215,0.0042986507,0.052235443,0.03,0.036
216,0.004751639,0.052808415,-0.006,0.06
217,0.0042238366,0.053100068,0.024,0.024
218,0.0062984023,0.051385045,0.0,0.012
219,0.004417193,0.051829323,0.0,0.012
220,0.005068308,0.052826356,-0.006,0.06
221,0.005063285,0.051786844,0.0,0.012
222,0.015402238,0.06214922,0.042,0.048
223,0.0046621,0.05219111,0.0,0.024
224,0.0053306525,0.051719714,-0.006,0.048
225,0.005055772,0.051532343,-0.018,0.06
226,0.004424568,0.05267065,-0.018,0.036
227,0.005800982,0.05211701,-0.006,0.072
228,0.0057646413,0.051509354,0.006,0.096
229,0.0052450635,0.052363735,-0.006,0.036
230,0.006341412,0.051731452,0.024,0.024
231,-0.009165939,0.05483155,0.03,0.036
232,0.005332149,0.05173933,-0.006,0.072
233,0.005476661,0.051869236,-0.018,0.048
234,0.004882687,0.052583694,0.0,0.024
235,0.0055455724,0.05230891,-0.006,0.06
236,0.011965895,0.058900423,0.006,0.096
237,0.0051510134,0.05231057,0.024,0.024
238,0.0060161185,0.052018937,0.006,0.072
239,0.0049918806,0.05077305,-0.024,0.024
240,0.0048234845,0.052525416,0.006,0.072
241,0.005352726,0.052425884,0.006,0.048
242,0.005270574,0.052006677,0.012,0.024
243,0.0038477203,0.05250363,0.012,0.012
244,0.0039477297,0.058581814,-0.03,0.102
245,0.0068887994,0.052253373,0.03,0.06
246,0.005028102,0.051973335,0.006,0.096
247,0.004987561,0.052096,0.03,0.036
248,0.006321447,0.051816836,-0.018,0.036
249,0.011633717,0.05308252,0.018,0.084
250,0.005535586,0.05139311,0.006,0.06
251,0.005684709,0.051927917,0.024,0.012
252,-0.0019010869,0.045057923,0.006,0.036
253,0.027123576,0.056366555,0.03,0.06
254,0.0059129205,0.051625628,0.03,0.048
255,0.004689752,0.05169714,-0.006,0.072
256,-0.0042520217,0.056380764,0.036,0.012
257,0.011334142,0.027738957,0.018,0.036
258,1.5435275e-05,0.047822975,-0.006,0.072
259,0.006054025,0.053015724,-0.006,0.06
260,0.005502751,0.051452205,-0.03,0.102
261,0.006189986,0.051407155,0.0,0.012
262,0.004769099,0.052766405,0.03,0.036
263,0.0007871133,0.04989299,0.006,0.084
264,0.005329605,0.052996464,0.018,0.084
265,0.00600204,0.0517156,-0.006,0.06
266,0.0049328688,0.052143484,-0.006,0.084
267,0.008498423,0.053566765,0.036,0.012
268,-0.0009532673,0.051901143,0.0,0.012
269,0.006802254,0.051980354,-0.006,0.096
270,0.006100947,0.052386787,0.006,0.036
271,0.016925415,0.050608456,0.042,0.06
272,0.006207409,0.05312122,-0.018,0.09
273,0.004857541,0.052005425,-0.018,0.072
274,0.0056848633,0.05199945,-0.006,0.096
275,0.004613759,0.052929107,-0.006,0.072
276,0.0054224706,0.05194016,0.006,0.096
277,0.0063740225,0.051831413,0.006,0.084
278,0.004578706,0.051575933,0.018,0.036
279,0.0072343564,0.054156803,0.018,0.036
280,0.0037163503,0.053634368,-0.018,0.036
281,0.005134066,0.052655097,-0.03,0.102
282,0.005560409,0.052187175,0.036,0.024
283,0.005268889,0.05220985,-0.006,0.084
284,0.0054687336,0.05288437,0.042,0.048
285,0.0047557214,0.05226449,-0.018,0.09
286,0.0049704686,0.0522601,-0.006,0.036
287,0.0040476033,0.052513413,0.018,0.06
288,0.0056719785,0.052458763,0.018,0.036
289,0.0059817303,0.052527957,0.018,0.084
290,0.0052986415,0.051993903,-0.018,0.06
291,0.006020514,0.052839242,-0.006,0.072
292,0.044099562,0.040402498,-0.012,0.024
293,0.004225916,0.0525957,-0.018,0.06
294,0.0054869796,0.05303102,0.03,0.06
295,0.005868862,0.051551867,0.006,0.072
296,0.0005299654,0.052560527,0.006,0.048
297,0.0050512566,0.052221656,0.018,0.036
298,0.0058060354,0.05154825,0.006,0.072
299,0.0007788972,0.049228713,0.024,0.024
300,0.007401349,0.052788567,-0.006,0.072
301,0.0050766515,0.052208565,0.036,0.012
302,0.004553438,0.05248629,0.036,0.012
303,0.0054336227,0.051909577,0.012,0.024
304,0.04122942,0.05006738,0.03,0.036
305,0.0047484008,0.052490152,-0.024,0.024
306,0.0013954528,0.047984056,-0.018,0.036
307,0.002956393,0.062597096,0.006,0.036
308,0.0093694795,0.051422082,0.036,0.012
309,0.0071800486,0.05250008,0.012,0.024
310,0.004409928,0.052895226,-0.018,0.072
311,0.029027117,0.05330386,-0.018,0.09
312,0.0066754743,0.051236898,-0.018,0.06
313,0.004062395,0.052804362,-0.024,0.024
314,0.0054920786,0.053265687,0.006,0.036
315,0.0063665165,0.051565718,0.006,0.048
316,0.010764894,0.030669801,0.03,0.06
317,0.0052700476,0.051522344,-0.018,0.09
318,0.0055956813,0.05228886,0.006,0.084
319,0.005233814,0.05198653,0.006,0.048
320,0.005388842,0.05205109,0.006,0.048
321,0.0048411237,0.05270177,-0.006,0.084
322,0.0054612802,0.052187145,-0.018,0.09
323,0.0067069083,0.051268682,-0.018,0.09
324,0.0065469965,0.05153071,-0.018,0.09
325,0.0056578266,0.052389387,-0.006,0.06
326,0.006346255,0.05158884,-0.006,0.096
327,0.006069061,0.052282207,0.006,0.084
328,0.007830646,0.05226152,0.006,0.06
329,0.006834995,0.051172912,-0.03,0.102
330,0.0057110908,0.051757485,0.024,0.024
331,0.0049349517,0.0523249,-0.018,0.036
332,0.005270714,0.052155755,-0.03,0.102
333,0.008768222,0.051483717,0.006,0.036
334,0.005945519,0.051358387,0.036,0.012
335,0.0058132997,0.05231314,0.018,0.06
336,0.0063325358,0.051820606,0.012,0.012
337,0.007425113,0.052423332,-0.03,0.102
338,0.0014930815,0.052553542,0.03,0.036
339,0.006485291,0.052844368,0.012,0.012
340,0.0076160156,0.043759055,-0.006,0.072
341,0.0053141913,0.049937442,-0.018,0.09
342,-0.0037465482,0.050586805,-0.018,0.06
343,0.0049934885,0.052582256,0.024,0.024
344,0.008767767,0.053721786,-0.018,0.102
345,0.0059371516,0.051610764,-0.006,0.036
346,0.013724116,0.046745308,0.042,0.06
347,0.005368222,0.0527298,0.006,0.036
348,0.005906722,0.05246905,0.012,0.012
349,0.008494128,0.042942107,0.024,0.024
350,0.005393018,0.051785722,0.006,0.06
351,0.010363728,0.057635162,0.018,0.072
352,0.006676014,0.051331926,0.03,0.036
353,0.00035473425,0.04828801,0.0,0.024
354,0.0064266706,0.051505644,0.0,0.024
355,0.004878996,0.052454162,0.036,0.012
356,0.0051218923,0.052197333,0.006,0.06
357,0.004956784,0.052461646,0.0,0.024
358,0.0056613847,0.051647846,0.012,0.012
359,-0.04528806,0.038359817,-0.018,0.09
360,0.0068031773,0.05153693,0.024,0.012
361,0.0061669103,0.05146757,0.0,0.024
362,0.005482808,0.051947456,0.0,0.012
363,-0.004684525,0.04751843,-0.006,0.06
364,0.006060188,0.051400855,0.018,0.036
365,0.0050129117,0.052420814,-0.006,0.096
366,0.0057038283,0.05213027,0.024,0.012
367,0.006018984,0.051380776,0.03,0.036
368,0.0042078374,0.062611625,0.012,0.012
369,0.0051989174,0.05236118,-0.006,0.048
370,0.0059253797,0.051909357,0.006,0.036
371,0.005647012,0.05165243,0.0,0.024
372,0.004070012,0.05695702,0.012,0.012
373,0.001259787,0.04561791,0.036,0.024
374,0.00524142,0.0522785,0.006,0.096
375,0.0063454956,0.051173616,0.036,0.012
376,0.0056385137,0.05190516,0.006,0.036
377,0.005585621,0.051666465,0.042,0.06
378,0.0055342303,0.051576074,-0.024,0.024
379,0.0057402,0.051717337,0.042,0.048
380,0.0056763124,0.051779676,0.006,0.06
381,0.0062347157,0.052365478,0.042,0.06
382,0.008417232,0.03544372,-0.012,0.024
383,0.00037844246,0.072771996,-0.024,0.024
384,0.0054344134,0.052094877,-0.024,0.024
385,0.004884948,0.05290425,0.042,0.06
386,0.005989061,0.051283393,-0.006,0.084
387,0.005983173,0.051808693,0.0,0.012
388,0.0047137653,0.050609488,-0.018,0.06
389,0.00653578,0.05133672,0.006,0.096
390,0.0047658095,0.05277316,0.024,0.024
391,0.005432496,0.055776052,0.0,0.024
392,0.0050010914,0.052017298,0.006,0.036
393,0.004776455,0.052665986,-0.006,0.06
394,0.0061639324,0.051709756,0.018,0.084
395,0.006364143,0.05188551,-0.018,0.072
396,0.005846252,0.051854733,0.036,0.012
397,0.0063181226,0.051743343,0.018,0.084
398,0.0057913675,0.0517467,-0.024,0.024
399,0.0067487205,0.051386487,0.006,0.06
400,0.0066144136,0.05128611,0.012,0.012
401,0.0066290884,0.048287794,-0.018,0.09
402,0.0063758143,0.05223277,-0.006,0.036
403,0.0059634084,0.051786784,0.0,0.012
404,0.0062234923,0.05129866,-0.006,0.096
405,0.0064361705,0.05150686,0.018,0.06
406,0.0052956194,0.052272294,0.042,0.048
407,0.006158111,0.05210165,-0.006,0.06
408,0.028963272,0.055785783,0.006,0.084
409,0.0053502833,0.053416807,-0.024,0.024
410,0.0065915156,0.053801276,-0.018,0.09
411,0.0057015996,0.052001733,-0.018,0.072
412,0.005551246,0.052235365,-0.018,0.06
413,0.005499654,0.052021824,-0.006,0.06
414,0.008026341,0.052361734,-0.024,0.024
415,-0.0077721216,0.041954942,0.018,0.072
416,0.0060897465,0.05183763,0.006,0.036
417,0.006538938,0.052148182,0.03,0.06
418,0.006476174,0.051560897,0.006,0.072
419,-0.0041630426,0.043266717,-0.018,0.072
420,0.010616098,0.05340773,-0.006,0.048
421,0.0077401027,0.052116707,-0.006,0.084
422,0.0057484354,0.05236793,-0.006,0.048
423,0.010110006,0.05279773,0.024,0.024
424,0.0070720906,0.05154215,0.006,0.048
425,0.0071214703,0.048397478,0.018,0.084
426,-0.0064318916,0.044983987,-0.006,0.072
427,0.0086115105,0.051589895,0.006,0.036
428,-0.0016442919,0.04968097,0.042,0.048
429,-0.0021593487,0.060098805,-0.018,0.09
430,0.007091872,0.05133844,0.006,0.036
431,0.0049504144,0.054298468,0.036,0.024
432,0.0061190976,0.0523341,-0.018,0.072
433,0.0063037793,0.051754717,-0.006,0.06
434,0.007180795,0.049927913,-0.006,0.072
435,0.00662672,0.051686585,-0.006,0.096
436,0.008704109,0.05064303,-0.006,0.084
437,0.0061661457,0.05251051,0.018,0.084
438,0.0064733997,0.05199229,0.0,0.024
439,0.0054327645,0.052901447,0.006,0.072
440,0.0070995586,0.051498454,0.036,0.012
441,0.0064410493,0.05173043,-0.006,0.072
442,0.0066232416,0.051741578,0.0,0.012
443,0.001837533,0.05194975,-0.006,0.072
444,0.0061607296,0.052042,-0.018,0.09
445,0.0060914773,0.051999092,-0.006,0.084
446,0.0068204002,0.051345594,0.012,0.012
447,0.0049425475,0.053567708,0.03,0.036
448,0.005996597,0.05228709,-0.006,0.084
449,0.0029033944,0.057905722,0.03,0.06
450,0.006984014,0.055895753,-0.018,0.06
451,0.0058040274,0.05240084,0.03,0.06
452,0.0058523826,0.052277584,-0.006,0.084
453,-0.0011036876,0.071831,0.0,0.024
454,0.0047894544,0.05329616,0.036,0.024
455,0.005097777,0.05317546,0.018,0.06
456,0.009291697,0.05879367,0.024,0.012
457,0.005435926,0.0526639,0.018,0.06
458,0.0061422186,0.052288562,0.018,0.06
459,0.005032207,0.05227191,-0.03,0.102
460,0.01645902,0.064188726,0.03,0.036
461,0.0065138116,0.051617946,-0.024,0.024
462,-0.0050188075,0.051680237,0.024,0.024
463,-0.01827509,0.050116446,-0.006,0.072
464,0.0061413157,0.05174901,0.036,0.024
465,-0.0077704634,0.057158407,0.018,0.084
466,-0.0015294389,0.059281133,-0.03,0.102
467,0.007398838,0.053190198,0.024,0.024
468,0.0045630536,0.059988167,-0.018,0.06
469,0.0076108454,0.05336912,-0.018,0.102
470,0.013138432,0.06346149,0.03,0.048
471,0.002821568,0.059185788,-0.018,0.036
472,0.0064164274,0.051026348,-0.03,0.102
473,0.005805157,0.05207569,0.036,0.024
474,0.00527072,0.052755117,0.018,0.072
475,0.005768563,0.052374363,0.018,0.084
476,0.015376761,0.06975524,0.0,0.024
477,0.0048439438,0.047872625,0.018,0.036
478,0.01163654,0.05275838,-0.006,0.072
479,0.006071599,0.052342303,0.006,0.072
480,0.0060181757,0.052249487,0.042,0.06
481,0.006873606,0.051388975,0.006,0.072
482,0.005945638,0.052400116,0.018,0.072
483,0.007219972,0.053993333,0.03,0.048
484,0.00588907,0.052453563,0.03,0.048
485,0.006691307,0.05148786,0.012,0.024
486,0.005589041,0.05276045,0.012,0.024
487,0.0040315315,0.051636145,-0.012,0.024
488,0.006247643,0.05169499,0.036,0.012
489,0.006115095,0.05201111,-0.006,0.084
490,0.0043294607,0.05481912,0.018,0.084
491,0.005050781,0.05284609,0.03,0.06
492,0.0033543708,0.04969305,-0.018,0.036
493,0.013875852,0.052316505,0.012,0.012
494,0.011513545,0.051889874,0.006,0.036
495,0.010483998,0.053334344,-0.018,0.102
496,0.0058993,0.0522165,0.036,0.024
497,0.0056729172,0.052465837,0.024,0.012
498,0.006411262,0.051913477,-0.018,0.06
499,0.011339877,0.053458378,0.036,0.024
500,0.006542669,0.052097145,-0.006,0.036
501,0.0056941537,0.052637346,0.018,0.072
502,0.0023236661,0.059504714,-0.03,0.102
503,0.0054819155,0.052765988,0.018,0.036
504,0.005747958,0.05252962,-0.018,0.102
505,0.005653374,0.052726664,-0.006,0.036
506,0.0058438675,0.052201737,0.042,0.048
507,0.0040649986,0.051825617,0.0,0.012
508,0.009839862,0.05297954,0.024,0.012
509,0.004973279,0.054749057,0.024,0.012
510,0.0039994842,0.052105714,0.0,0.012
511,0.0016312152,0.05466097,0.036,0.012
512,0.0061267843,0.05015144,0.036,0.024
513,0.0076979278,0.052821662,0.006,0.096
514,0.0058178883,0.052646812,0.0,0.024
515,0.0054701203,0.052648563,0.024,0.024
516,0.0068584085,0.051344536,-0.018,0.072
517,0.010479607,0.053567298,-0.006,0.048
518,0.004622466,0.05500197,-0.018,0.06
519,0.0031141741,0.05915529,0.018,0.072
520,0.00932311,0.05222813,0.018,0.072
521,0.0065549887,0.051634703,0.018,0.06
522,0.0056254286,0.052236866,0.006,0.06
523,0.0019391216,0.05060169,-0.018,0.036
524,0.005657757,0.05225959,0.036,0.012
525,0.0063247317,0.052241076,-0.018,0.036
526,0.006160123,0.052334342,0.036,0.012
527,0.005537892,0.052919246,-0.006,0.096
528,0.006655049,0.044890415,0.006,0.048
529,0.0053972253,0.05282436,-0.006,0.048
530,-0.0130579695,0.051063616,0.006,0.048
531,0.005208001,0.0536106,0.006,0.06
532,0.0055404603,0.05043545,-0.006,0.036
533,0.0049236687,0.053615775,0.012,0.012
534,-0.0064189862,0.04870898,0.024,0.012
535,0.014741687,0.04363419,0.018,0.06
536,0.006718773,0.05163469,0.018,0.036
537,0.007374477,0.052649297,-0.006,0.048
538,0.0030561727,0.06186968,0.0,0.012
539,0.0055481973,0.052946363,0.006,0.096
540,0.0064033386,0.052387193,-0.018,0.036
541,0.0066080005,0.051539052,0.042,0.06
542,0.0065538953,0.05167631,0.018,0.036
543,0.006054273,0.05218532,0.006,0.096
544,0.0065916595,0.051517498,0.018,0.06
545,0.0056726057,0.05268172,0.042,0.048
546,0.008282147,0.052411787,-0.018,0.072
547,0.005482819,0.052168634,0.018,0.036
548,-0.009744312,0.046596073,-0.006,0.048
549,0.004970338,0.05275338,-0.018,0.102
550,0.0060536833,0.05190577,0.018,0.084
551,0.006371393,0.05202928,-0.018,0.102
552,0.005093256,0.053049568,0.006,0.096
553,0.005890353,0.051975667,-0.006,0.048
554,0.004971175,0.052512217,-0.018,0.06
555,0.005684031,0.05267051,0.006,0.048
556,0.001015434,0.046969995,0.018,0.036
557,0.0045876075,0.051807538,0.018,0.06
558,0.01011813,0.05757992,0.0,0.024
559,0.0056377975,0.05277913,-0.018,0.036
560,0.0064878496,0.05184244,-0.024,0.024
561,0.005078965,0.051604535,0.0,0.012
562,0.0056847422,0.052561905,0.018,0.06
563,0.005863931,0.052156303,0.024,0.024
564,0.006275712,0.052328166,0.03,0.036
565,0.0061348323,0.05180505,-0.018,0.09
566,0.0065115136,0.052037586,0.006,0.036
567,0.0055167684,0.053072736,-0.018,0.06
568,0.0059688576,0.052319173,0.03,0.036
569,0.006247577,0.05235073,-0.006,0.084
570,0.008191088,0.054877557,0.012,0.024
571,0.006483519,0.05222707,0.006,0.084
572,0.0033914177,0.057338893,0.006,0.048
573,0.006070236,0.053061668,-0.024,0.024
574,0.005169157,0.05254016,-0.018,0.072
575,0.024716228,0.07422921,0.03,0.048
576,0.006209646,0.049980834,0.0,0.012
577,0.0069356086,0.051325772,0.042,0.06
578,0.0065382244,0.05191991,0.03,0.06
579,0.045583382,0.04187467,0.03,0.06
580,0.005888086,0.052324943,0.012,0.024
581,0.0033671025,0.04854369,0.006,0.048
582,0.006059667,0.05260907,0.018,0.036
583,0.0060540964,0.052003432,-0.006,0.096
584,0.0051688952,0.05355044,0.024,0.024
585,0.009649748,0.052468557,-0.018,0.048
586,0.0066553345,0.05180721,-0.006,0.084
587,0.0064285942,0.05253419,-0.018,0.036
588,0.0052203555,0.052395277,0.006,0.084
589,0.006860711,0.051271036,0.018,0.072
590,0.0066527613,0.051577006,0.0,0.024
591,0.028393615,0.09206385,-0.006,0.036
592,0.0063153207,0.048747793,0.018,0.084
593,0.010601315,0.052249998,0.018,0.036
594,0.004895319,0.06612124,-0.018,0.072
595,0.005441404,0.052777022,-0.018,0.06
596,0.0008133142,0.05657294,0.006,0.096
597,0.0013755816,0.04418948,0.018,0.084
598,0.0055196467,0.051231332,0.006,0.096
599,0.0048411586,0.052487053,0.0,0.024
600,0.006013621,0.051961202,0.012,0.024
601,0.0073770545,0.05241393,0.018,0.06
602,0.0058812266,0.05173982,0.042,0.048
603,0.006809959,0.05126537,0.024,0.012
604,0.005620891,0.052179404,0.042,0.06
605,0.005981004,0.052177202,-0.018,0.048
606,0.0051229675,0.052891314,0.0,0.012
607,0.011173612,0.06000923,-0.006,0.048
608,0.006700979,0.05136338,0.006,0.096
609,0.014102422,0.049936663,-0.006,0.096
610,0.008911419,0.05308248,-0.018,0.06
611,0.005024005,0.052412838,-0.018,0.102
612,0.0014183158,0.050465167,-0.006,0.06
613,-0.0025906158,0.046884403,0.024,0.024
614,0.0059326226,0.051826216,0.006,0.06
615,0.0019543236,0.050695863,-0.012,0.024
616,0.0047491617,0.05298089,0.006,0.036
617,0.0046151476,0.051733986,-0.03,0.102
618,-0.0057284404,0.032146595,-0.006,0.036
619,0.0062871166,0.052122433,0.006,0.036
620,0.005367798,0.05218496,-0.018,0.102
621,0.0045434684,0.05336005,0.018,0.036
622,0.0052901534,0.052259445,0.006,0.072
623,0.0053363843,0.052336387,-0.006,0.084
624,0.0053139175,0.053065717,-0.006,0.096
625,0.0077090086,0.052814417,-0.018,0.102
626,0.005675022,0.05226665,-0.018,0.06
627,0.005769439,0.05311434,-0.018,0.102
628,0.0007553976,0.05109796,0.006,0.048
629,0.0058088712,0.05171968,-0.018,0.072
630,0.0098115,0.053732883,-0.006,0.036
631,0.0054248497,0.052046973,-0.006,0.072
632,0.005755835,0.048084524,0.03,0.048
633,0.0050003724,0.052186802,0.018,0.084
634,0.004756556,0.05262903,-0.024,0.024
635,0.0073041874,0.05243715,0.018,0.06
636,0.006166109,0.052942954,0.018,0.06
637,0.0050588776,0.052841704,0.018,0.06
638,0.006309332,0.05149863,0.012,0.024
639,0.00031445269,0.051763542,0.018,0.06
640,0.004801672,0.05230389,-0.006,0.06
641,0.0059363977,0.053179912,0.042,0.06
642,-0.024030842,0.043416597,0.036,0.024
643,0.006399489,0.047115944,0.03,0.06
644,0.00391131,0.051413674,0.012,0.024
645,0.005815507,0.051797014,-0.006,0.084
646,0.0057366528,0.052001223,0.024,0.012
647,0.0049444307,0.052544218,0.018,0.06
648,0.0051049553,0.05254391,-0.006,0.048
649,0.008057284,0.05311625,-0.006,0.036
650,0.0007381141,0.046927284,0.018,0.06
651,0.008157568,0.052946854,0.006,0.036
652,0.005029319,0.05324232,0.006,0.084
653,0.0066220295,0.051565614,-0.018,0.072
654,0.0053505013,0.05224189,-0.012,0.024
655,0.011598082,0.0530431,0.006,0.084
656,0.0057177185,0.051963557,0.012,0.012
657,0.0055240276,0.051855844,0.018,0.036
658,0.0059611234,0.051496223,0.006,0.072
659,0.004941743,0.053457163,0.03,0.048
660,0.0055642137,0.051561125,-0.018,0.072
661,0.010581553,0.035177127,0.03,0.036
662,0.0065622367,0.05109294,0.012,0.024
663,0.005467632,0.05188384,-0.018,0.102
664,0.006873693,0.0510537,-0.018,0.09
665,0.0061112316,0.052606225,-0.03,0.102
666,0.0066773514,0.051246002,0.018,0.036
667,0.005858364,0.051363,-0.018,0.036
668,0.006474416,0.051416747,0.042,0.06
669,0.0060268077,0.051399264,0.036,0.024
670,0.006234171,0.051505376,-0.006,0.072
671,0.006141441,0.051464807,0.03,0.048
672,0.012976916,0.050853115,-0.006,0.072
673,0.0063825464,0.05141426,0.018,0.036
674,0.0061731534,0.05133679,0.012,0.012
675,0.005295653,0.052023347,0.006,0.084
676,0.006313651,0.051511243,0.006,0.072
677,0.0064441958,0.051497564,0.03,0.036
678,0.005817381,0.051765937,-0.006,0.06
679,0.0059140376,0.051441222,0.042,0.048
680,0.0066028563,0.051487215,0.024,0.024
681,0.0037682068,0.058058206,0.006,0.072
682,0.0055828,0.051606126,0.012,0.012
683,-0.00152777,0.050672524,-0.018,0.072
684,0.0029277052,0.049682587,0.018,0.036
685,0.010391912,0.059443504,-0.03,0.102
686,0.0059132874,0.05157115,0.006,0.084
687,0.0060953405,0.051569156,-0.024,0.024
688,0.001755849,0.04504527,0.024,0.012
689,0.0057535577,0.05202006,0.018,0.084
690,0.0018601986,0.048369784,0.03,0.06
691,0.0036247957,0.051742833,-0.018,0.072
692,0.0020938371,0.04965391,-0.018,0.102
693,0.0058701867,0.051725283,0.03,0.036
694,0.0073456103,0.046101842,0.006,0.072
695,0.005960344,0.05161736,-0.018,0.072
696,0.0109786615,0.05285423,0.018,0.036
697,0.006429109,0.051544443,0.0,0.012
698,0.00564986,0.0520982,0.012,0.024
699,0.005516012,0.051818594,0.036,0.012
700,0.004815993,0.052950546,0.042,0.06
701,0.006364964,0.051458184,0.006,0.084
702,0.006640762,0.05140816,-0.018,0.06
703,0.005013814,0.051221766,-0.006,0.072
704,0.0063582696,0.052079722,-0.006,0.072
705,0.0049458854,0.052387625,0.03,0.048
706,0.0056845825,0.052623887,0.036,0.012
707,0.006243172,0.052157547,-0.018,0.072
708,0.0054399893,0.05194641,0.018,0.084
709,0.005933757,0.051859397,-0.018,0.102
710,-0.0048965733,0.02931559,0.03,0.048
711,0.009727145,0.051290385,0.018,0.072
712,0.00455337,0.057578698,0.006,0.036
713,0.005890459,0.051782846,0.006,0.096
714,0.0061525768,0.05202984,0.0,0.024
715,0.012436241,0.053710192,0.03,0.036
716,0.0058775945,0.052202363,-0.012,0.024
717,-0.0032243594,0.04876523,0.042,0.06
718,0.0057610134,0.052280318,0.006,0.084
719,0.008437233,0.0522476,0.03,0.036
720,0.0058626323,0.051587507,0.036,0.012
721,0.006099268,0.05207148,0.012,0.012
722,0.0069211517,0.051262982,0.03,0.048
723,0.005965785,0.051892098,0.03,0.036
724,0.0055238316,0.05306136,-0.006,0.036
725,0.010005892,0.052659538,-0.006,0.084
726,0.005346531,0.05245712,-0.018,0.09
727,0.006117429,0.05211503,0.036,0.024
728,0.0069100005,0.051218398,-0.006,0.048
729,0.00644904,0.051644087,0.0,0.012
730,0.005826489,0.052447688,0.018,0.072
731,0.011695726,0.05805791,-0.006,0.084
732,0.0058849156,0.051906332,-0.018,0.072
733,0.006145761,0.051515132,0.0,0.024
734,0.0067580887,0.0514824,0.024,0.024
735,0.006648001,0.05134159,0.03,0.06
736,0.0011269185,0.051370103,0.012,0.024
737,0.0068899514,0.054558914,0.012,0.024
738,0.006493312,0.051224764,-0.018,0.102
739,0.0069503095,0.051185198,0.024,0.024
740,0.0060751466,0.051509514,-0.018,0.06
741,0.0102853505,0.051989246,-0.018,0.072
742,0.005443828,0.051783957,0.006,0.048
743,0.0063079023,0.05145223,0.012,0.012
744,0.004997874,0.05222445,0.024,0.012
745,0.006415926,0.051800024,-0.018,0.048
746,0.0010621618,0.047174416,0.006,0.096
747,0.0042969575,0.055393063,-0.006,0.096
748,0.0052058124,0.051855527,0.0,0.012
749,0.0061552594,0.051352188,0.018,0.06
750,0.010389728,0.057829093,0.0,0.024
751,0.022103116,0.04990191,0.006,0.048
752,0.0053100325,0.051940754,-0.006,0.096
753,0.004987086,0.051993076,-0.006,0.084
754,0.016487617,0.053977825,0.012,0.012
755,0.006703433,0.051420297,0.018,0.036
756,0.005464157,0.052092854,-0.018,0.036
757,0.0059563797,0.052592073,0.036,0.024
758,0.0029982417,0.06417755,0.018,0.036
759,0.0076225675,0.052390225,-0.006,0.096
760,0.005910763,0.05176226,0.036,0.024
761,0.0058067953,0.052498735,0.006,0.084
762,0.004416049,0.05539728,0.0,0.024
763,0.014140189,0.049153935,0.018,0.036
764,0.0051628393,0.054154776,-0.024,0.024
765,0.005497878,0.052166447,-0.006,0.096
766,0.0055882214,0.051938042,-0.006,0.072
767,0.005547284,0.052040424,0.012,0.024
768,-0.00041938573,0.06404275,-0.006,0.084
769,0.004495671,0.052838676,0.0,0.012
770,0.0055032894,0.052105844,-0.018,0.09
771,0.007818391,0.052601553,0.036,0.012
772,0.0056520863,0.05216225,0.018,0.084
773,0.0047199493,0.052973453,-0.006,0.072
774,-0.0020448035,0.06816557,0.018,0.072
775,-0.0010674763,0.067334004,0.006,0.036
776,-0.019359622,0.0767397,0.006,0.084
777,0.006441794,0.05174335,-0.006,0.072
778,0.0054018637,0.051976785,-0.018,0.048
779,0.005689211,0.0521258,0.03,0.036
780,0.0055919476,0.051819995,0.036,0.012
781,0.005965005,0.05238291,0.03,0.036
782,0.005533607,0.052552294,-0.006,0.06
783,0.0054748747,0.052074198,0.006,0.036
784,0.00672629,0.05135832,0.006,0.096
785,0.0025586807,0.049460012,0.03,0.06
786,0.0054436354,0.05188703,0.042,0.06
787,0.0060133548,0.052017175,0.0,0.012
788,-0.0027633626,0.046404403,0.006,0.084
789,0.0062369723,0.05214692,-0.018,0.072
790,0.0055674575,0.052043155,0.006,0.036
791,0.006563837,0.058997713,0.0,0.024
792,0.0050895317,0.05245267,0.042,0.048
793,0.0067228847,0.051363785,-0.024,0.024
794,0.0059167906,0.052033663,0.036,0.012
795,0.005207952,0.05218525,0.024,0.012
796,0.018712616,0.06266666,0.018,0.06
797,0.0055369884,0.05177462,0.018,0.084
798,-0.0163665,0.0498872,0.036,0.012
799,0.007912574,0.052893966,0.03,0.06
800,0.0055631595,0.051773194,-0.006,0.06
801,-0.0017203987,0.06321342,-0.006,0.06
802,0.0031900583,0.050589368,0.0,0.012
803,0.0066628214,0.051414996,0.024,0.024
804,0.0063261283,0.051685017,0.006,0.036
805,0.006193247,0.051829927,0.006,0.06
806,0.0020764484,0.049144503,-0.006,0.048
807,0.0060381684,0.051987592,0.018,0.084
808,0.0059808455,0.05228077,0.006,0.072
809,0.0062865457,0.051527455,0.006,0.096
810,0.004849951,0.052098017,0.006,0.084
811,0.0048655397,0.052297413,0.006,0.048
812,0.006267084,0.051960744,-0.006,0.084
813,0.010928118,0.05202997,0.0,0.012
814,0.0056820195,0.051519986,0.006,0.072
815,0.005763911,0.05191131,0.006,0.036
816,0.0058854586,0.052982587,0.036,0.012
817,0.0059865084,0.052068,-0.006,0.06
818,0.005871712,0.051877543,0.006,0.06
819,0.005707128,0.052101787,0.012,0.024
820,0.006060956,0.051624306,0.006,0.048
821,0.008882291,0.044302583,-0.012,0.024
822,0.0055562146,0.052256413,0.012,0.024
823,0.0066119265,0.051571093,0.018,0.036
824,0.005842097,0.05153433,-0.006,0.036
825,0.005727888,0.051862195,0.006,0.036
826,0.006347116,0.05184001,-0.024,0.024
827,0.008972645,0.052768406,0.018,0.084
828,0.006556226,0.05135998,-0.006,0.048
829,0.005629618,0.051575463,-0.018,0.048
830,0.00469277,0.052125823,-0.018,0.072
831,0.01648603,0.053469095,-0.024,0.024
832,0.005880625,0.05156966,-0.006,0.096
833,0.005602398,0.06182696,0.018,0.072
834,0.005708569,0.052157715,-0.024,0.024
835,0.0063709463,0.05155741,0.012,0.024
836,-0.0035267766,0.055526584,0.012,0.012
837,0.0050192177,0.05194345,-0.006,0.036
838,0.0058650365,0.05141386,-0.03,0.102
839,0.015792852,0.06346602,0.042,0.06
840,0.0051235063,0.05189814,0.006,0.036
841,0.0066126427,0.05141149,-0.006,0.06
842,-0.003247139,0.05217793,-0.018,0.09
843,0.007231572,0.044637557,0.0,0.024
844,0.006285564,0.051396575,0.018,0.06
845,0.0031569586,0.04676712,0.036,0.012
846,0.005989016,0.051275972,-0.006,0.072
847,-0.0054329145,0.05701953,0.03,0.048
848,0.0058353683,0.051334236,-0.006,0.072
849,0.006781378,0.051217865,0.03,0.036
850,0.006393378,0.052280795,-0.03,0.102
851,0.0033261694,0.04797189,0.006,0.06
852,0.0024899994,0.06253147,0.042,0.048
853,0.006994988,0.052172907,-0.018,0.072
854,-0.0048893187,0.051557332,-0.006,0.072
855,0.0050981017,0.052038837,0.03,0.048
856,0.0063042385,0.05216815,-0.006,0.096
857,0.0054626856,0.051847916,0.018,0.072
858,0.0057086814,0.052236374,-0.006,0.036
859,0.0057590287,0.05174453,0.012,0.012
860,0.0053599747,0.051679958,0.042,0.048
861,-0.0053245355,0.049066707,-0.006,0.084
862,0.005516835,0.051897503,0.006,0.06
863,0.002694862,0.06512952,-0.006,0.06
864,0.005971764,0.052284494,0.03,0.048
865,0.0100743165,0.052157316,-0.006,0.084
866,0.0056105508,0.05188989,0.042,0.048
867,0.0021806308,0.063905925,0.006,0.036
868,0.010215027,0.05132709,-0.018,0.048
869,0.0043350724,0.05529956,0.036,0.012
870,0.0050981576,0.051285863,0.03,0.036
871,-0.01669838,0.056596324,0.03,0.048
872,0.0063081114,0.052041143,0.024,0.024
873,0.005409275,0.05206371,-0.006,0.036
874,0.0060310964,0.051671382,0.036,0.012
875,-0.0030664052,0.054965507,-0.024,0.024
876,0.006220086,0.052483037,0.03,0.036
877,0.005003266,0.052015327,0.006,0.048
878,-0.000175389,0.05243985,0.018,0.06
879,0.0053383615,0.05196527,0.036,0.024
880,0.005282511,0.052248668,-0.006,0.06
881,0.0064853886,0.051728863,0.006,0.048
882,0.005316616,0.052546035,0.0,0.012
883,0.005138577,0.052323896,0.018,0.072
884,-0.0006625657,0.047797218,0.024,0.012
885,-0.008981124,0.04791893,-0.018,0.06
886,0.0058165723,0.05203448,0.006,0.06
887,0.0057830038,0.05193116,0.006,0.084
888,0.005238632,0.05139634,0.006,0.048
889,0.005615376,0.05221875,0.024,0.012
890,0.0050186384,0.052210122,-0.018,0.072
891,0.005333404,0.05233906,0.03,0.036
892,0.0004448183,0.06310436,0.006,0.084
893,0.005525187,0.05228926,-0.024,0.024
894,0.0053615016,0.052742634,-0.006,0.096
895,0.0058093304,0.052659836,-0.012,0.024
896,0.0053470917,0.052792504,-0.006,0.096
897,0.0055573964,0.05218816,-0.006,0.06
898,0.00291711,0.051537983,-0.018,0.048
899,0.0051424624,0.052528575,0.03,0.048
900,0.0059400913,0.051805224,0.036,0.012
901,0.005644261,0.051992908,0.036,0.024
902,0.006435778,0.0517563,0.006,0.036
903,0.0050832727,0.052696418,-0.018,0.036
904,0.006692107,0.05169069,0.006,0.048
905,0.0058700233,0.052289512,-0.024,0.024
906,0.0078220535,0.053902626,0.006,0.06
907,0.0073554213,0.055604164,-0.018,0.036
908,0.0060541653,0.05233952,0.0,0.012
909,0.0065739197,0.051584333,0.006,0.096
910,0.0060217795,0.052237377,-0.018,0.09
911,0.0044558207,0.05280122,0.018,0.036
912,0.012090307,0.049600463,0.006,0.036
913,0.00030380907,0.047129873,0.024,0.024
914,-0.0035340725,0.07232665,0.018,0.06
915,0.0061864927,0.051960524,0.03,0.06
916,-0.024216827,0.08164845,0.03,0.048
917,0.0058383206,0.051796265,-0.018,0.09
918,0.009356754,0.04503405,-0.018,0.036
919,0.023607707,0.07463474,0.006,0.048
920,0.0046190284,0.052666735,0.0,0.012
921,0.008600845,0.05189328,-0.006,0.036
922,-0.005642678,0.043293584,-0.006,0.048
923,0.005858462,0.052146617,0.024,0.012
924,0.005587216,0.05156113,-0.018,0.102
925,0.004213649,0.05352269,0.0,0.024
926,0.0064963372,0.05177296,-0.006,0.048
927,0.0064121084,0.05185621,-0.018,0.09
928,0.006618492,0.051614363,0.042,0.048
929,0.0065564737,0.051756658,-0.006,0.072
930,0.0004752907,0.058964334,-0.018,0.09
931,0.0057947543,0.051839247,-0.006,0.084
932,-0.0014405465,0.067346446,0.006,0.084
933,0.0059425575,0.05208896,0.042,0.06
934,0.005982469,0.052193124,0.006,0.084
935,0.02203289,0.07427941,-0.018,0.072
936,0.009055486,0.055340134,0.012,0.012
937,0.000582336,0.048450794,-0.006,0.072
938,0.0002911603,0.04878571,0.006,0.048
939,0.010983083,0.0533857,-0.012,0.024
940,0.005182778,0.05253329,0.012,0.024
941,-0.020914724,0.013467424,-0.018,0.048
942,0.0075346613,0.05296231,0.042,0.048
943,0.006318531,0.051892187,-0.006,0.036
944,0.0031663512,0.05160255,0.03,0.06
945,0.006185471,0.05227615,0.018,0.036
946,0.0056155967,0.052675556,0.018,0.06
947,0.004393876,0.054487903,-0.03,0.102
948,0.006045428,0.051808093,-0.018,0.09
949,0.009713702,0.053046588,-0.006,0.084
950,0.0058781668,0.052385498,0.006,0.072
951,0.008179349,0.05178992,0.0,0.012
952,0.0062084976,0.051840905,-0.018,0.09
953,0.00245137,0.051621463,-0.006,0.096
954,0.019584041,0.05451092,0.042,0.06
955,0.005487357,0.052310776,0.018,0.06
956,0.00817771,0.05181459,0.018,0.036
957,0.006320046,0.052260853,0.012,0.024
958,0.0020426759,0.06357635,-0.018,0.048
959,0.0047312435,0.053272646,-0.006,0.036
960,0.005909976,0.05268385,-0.018,0.102
961,0.006196142,0.052338067,0.042,0.048
962,0.0060642427,0.05262986,0.012,0.024
963,-0.005670378,0.048546884,0.018,0.084
964,0.005819073,0.052473363,-0.006,0.036
965,0.006083153,0.05229774,0.03,0.036
966,0.0060052145,0.05228931,0.018,0.072
967,-0.0035433727,0.04029207,0.042,0.06
968,0.0063250274,0.051906735,-0.006,0.096
969,0.0032751632,0.05908711,-0.006,0.084
970,0.005913275,0.052504852,0.024,0.024
971,0.0068816054,0.05153458,0.024,0.024
972,0.0076653445,0.045660853,-0.018,0.036
973,0.0056494493,0.053319886,-0.018,0.102
974,0.0061979364,0.05211498,-0.006,0.06
975,0.0041459966,0.051462937,-0.018,0.102
976,0.01498382,0.063824296,0.042,0.048
977,0.006291282,0.051779218,0.018,0.036
978,0.0062944517,0.05210167,0.018,0.036
979,0.012482813,0.05422615,0.03,0.048
980,0.0009034048,0.046303928,0.006,0.084
981,0.0025808443,0.060285326,-0.006,0.06
982,0.0057878396,0.052632265,-0.006,0.072
983,0.007983789,0.052481007,0.006,0.096
984,1.49928965e-05,0.058975287,0.018,0.084
985,0.0057471814,0.052831877,0.042,0.06
986,0.0061477413,0.051921546,0.0,0.024
987,0.0065562874,0.051090073,0.006,0.06
988,0.0026087593,0.059857573,-0.006,0.036
989,0.0063818316,0.051637918,0.042,0.048
990,-0.0002796757,0.047344223,0.036,0.024
991,0.00631833,0.05218615,-0.006,0.096
992,0.006569404,0.052171085,0.006,0.072
993,-0.00059806183,0.051928006,0.03,0.048
994,0.0059516407,0.052394133,-0.006,0.048
995,0.0057042176,0.052592736,-0.018,0.102
996,0.009167653,0.058990702,-0.018,0.048
997,0.006267517,0.052072797,0.012,0.024
998,0.0067112218,0.05182489,0.006,0.084
999,0.006628517,0.05197827,-0.006,0.096
1000,0.011708541,0.05325298,-0.012,0.024
1001,0.0077476073,0.05175639,-0.006,0.048
1002,0.007302992,0.051829983,0.006,0.06
1003,0.006599099,0.05168813,-0.018,0.048
1004,0.0063507315,0.052123994,0.036,0.012
1005,0.0058670137,0.052706726,-0.012,0.024
1006,0.0062236395,0.05191291,-0.006,0.072
1007,0.006284602,0.052136846,0.024,0.024
1008,0.005969337,0.05230608,0.0,0.024
1009,0.00071795797,0.05161307,0.042,0.06
1010,0.005144584,0.05326499,0.012,0.012
1011,0.006210908,0.051848635,0.03,0.06
1012,0.0075378777,0.053378955,0.03,0.048
1013,0.0058897594,0.05254916,0.006,0.096
1014,0.006844146,0.05159875,-0.006,0.036
1015,0.0063360063,0.052237254,-0.006,0.072
1016,0.001578981,0.054918066,0.018,0.084
1017,0.0059158485,0.05229308,0.006,0.096
1018,-0.010220569,0.044563647,-0.018,0.048
1019,0.006073072,0.052282047,0.006,0.036
1020,0.006487448,0.05176704,0.024,0.012
1021,0.005957425,0.052712344,0.036,0.024
1022,0.0057652257,0.052781317,0.03,0.06
1023,0.005961586,0.05221721,-0.018,0.072
1024,0.0059542414,0.051811513,0.024,0.024
1025,0.0060880524,0.051974818,-0.006,0.096
1026,0.007366737,0.054442886,-0.024,0.024
1027,0.0058683516,0.05198616,0.042,0.06
1028,0.0064109103,0.051517352,0.042,0.048
1029,0.0056855776,0.05255553,0.03,0.06
1030,0.00623468,0.052209694,-0.006,0.048
1031,0.0011942708,0.04748252,0.03,0.036
1032,0.0066699856,0.052590005,0.03,0.036
1033,0.006659987,0.04782741,0.03,0.036
1034,0.006502129,0.05160133,0.042,0.06
1035,0.0052422574,0.05188176,-0.018,0.072
1036,0.00018148916,0.04769551,-0.006,0.06
1037,0.0057886397,0.052233707,0.006,0.06
1038,0.005455491,0.052777093,0.024,0.012
1039,0.0054715304,0.05249447,0.018,0.06
1040,0.014594538,0.05273296,0.012,0.012
1041,0.0055181305,0.052699238,0.03,0.06
1042,0.0065563754,0.05173005,0.006,0.036
1043,0.003569543,0.05759682,0.024,0.012
1044,0.0061912057,0.05183379,-0.018,0.09
1045,0.006038613,0.051813025,0.012,0.024
1046,0.0058139656,0.051913895,-0.006,0.084
1047,0.005804304,0.05245786,0.0,0.024
1048,0.008790629,0.055245183,-0.012,0.024
1049,0.0061489698,0.05141762,-0.006,0.096
1050,0.002616182,0.04573526,-0.018,0.048
1051,0.0013325573,0.060899995,-0.03,0.102
1052,0.005567806,0.05188975,0.012,0.024
1053,0.005930896,0.051604386,-0.006,0.06
1054,0.010570566,0.05102028,-0.024,0.024
1055,0.0107856635,0.052714076,0.012,0.024
1056,0.0048365816,0.055130556,-0.006,0.084
1057,0.0067760693,0.051571436,0.018,0.084
1058,0.005505764,0.05174229,-0.024,0.024
1059,0.006724263,0.051874056,-0.018,0.102
1060,0.003475091,0.049617134,-0.006,0.036
1061,0.008557133,0.05198019,0.036,0.024
1062,0.0050125327,0.052622367,0.018,0.036
1063,0.0062309136,0.051341567,-0.018,0.06
1064,0.0038007062,0.056948572,-0.006,0.084
1065,0.006095712,0.05173819,-0.006,0.036
1066,0.018927293,0.065089606,0.012,0.012
1067,0.008107019,0.05198548,0.012,0.012
1068,0.0068511507,0.051300462,0.018,0.06
1069,0.006835176,0.051304404,-0.018,0.102
1070,0.0058151996,0.051883798,0.0,0.012
1071,-0.0016809837,0.0499739,0.006,0.072
1072,0.009542568,0.052507848,-0.018,0.06
1073,0.005394097,0.052026607,0.006,0.048
1074,0.012374574,0.050803177,-0.006,0.084
1075,-0.011226274,0.050200958,-0.018,0.06
1076,0.005303773,0.052034646,-0.006,0.084
1077,0.005668539,0.051585376,-0.018,0.072
1078,0.006786841,0.051322438,-0.006,0.084
1079,0.0032007713,0.049822565,0.024,0.024
1080,0.0059240917,0.051693793,0.012,0.024
1081,0.006145566,0.051768422,0.006,0.084
1082,-0.0014466327,0.046537966,-0.012,0.024
1083,0.0066313758,0.051703095,0.0,0.012
1084,0.0060916375,0.052116897,0.018,0.084
1085,0.005753906,0.052277245,0.018,0.06
1086,0.006799875,0.051361922,0.03,0.048
1087,-0.002505641,0.05554952,0.036,0.024
1088,0.015226942,0.05048975,0.018,0.036
1089,0.009499599,0.055219617,-0.018,0.09
1090,0.0064462344,0.05150502,0.018,0.072
1091,0.005651864,0.052050166,-0.024,0.024
1092,0.00410229,0.056558367,0.006,0.036
1093,0.006160723,0.05126053,0.036,0.024
1094,-0.010391783,0.05154991,-0.006,0.036
1095,0.0053692455,0.05163329,0.018,0.084
1096,0.009049155,0.052193187,-0.006,0.096
1097,0.0060912874,0.051644314,-0.006,0.036
1098,0.006028982,0.051523145,0.03,0.06
1099,0.0036946905,0.04768397,-0.03,0.102
1100,0.0047177197,0.050104935,-0.006,0.072
1101,0.010685476,0.06030596,-0.018,0.036
1102,0.0052375924,0.052353647,0.018,0.072
1103,0.0060522137,0.05241266,0.012,0.024
1104,0.006113008,0.051590845,-0.006,0.096
1105,0.0116948355,0.061395116,0.036,0.024
1106,0.0021093031,0.053444516,0.006,0.036
1107,0.005861674,0.05211177,0.042,0.048
1108,0.00537779,0.05378104,-0.006,0.096
1109,0.0059286375,0.051914584,-0.006,0.048
1110,0.0053335144,0.05244927,0.0,0.024
1111,0.0049913954,0.051401474,0.006,0.036
1112,-0.012201698,0.050223418,0.0,0.024
1113,0.0061258157,0.051935572,-0.024,0.024
1114,0.006175781,0.051949706,0.018,0.084
1115,0.0056439433,0.05222744,0.0,0.024
1116,0.0059633106,0.05171881,-0.018,0.102
1117,0.005155084,0.053421166,0.03,0.06
1118,0.0039817453,0.059168875,0.018,0.036
1119,-0.011579234,0.050800115,0.036,0.024
1120,0.008168292,0.053110804,-0.018,0.102
1121,0.0033774346,0.051735565,0.018,0.072
1122,0.005928419,0.051869355,-0.006,0.096
1123,0.0063815773,0.051967602,-0.006,0.06
1124,0.00874088,0.058546342,-0.006,0.06
1125,0.0061208787,0.05230822,0.006,0.072
1126,0.0010039401,0.023579339,-0.018,0.102
1127,0.0073867533,0.04587119,0.018,0.036
1128,0.006595563,0.05171293,0.006,0.084
1129,0.00583953,0.05245277,0.0,0.012
1130,0.0056715505,0.052385267,0.018,0.084
1131,-0.0125881685,0.05157856,0.024,0.012
1132,0.011292009,0.05281789,0.018,0.084
1133,0.0030185957,0.058037765,0.036,0.012
1134,0.0044118566,0.053525176,0.012,0.024
1135,0.008047707,0.05382869,0.018,0.072
1136,0.005913549,0.05201881,0.006,0.072
1137,0.010343509,0.0630657,0.036,0.012
1138,0.003497279,0.05784034,0.006,0.036
1139,0.006255362,0.051710106,0.024,0.024
1140,-0.009836094,0.06223227,0.012,0.024
1141,0.0061068293,0.05182113,-0.018,0.09
1142,0.006348713,0.051727872,0.012,0.012
1143,0.0045159236,0.052468386,0.012,0.024
1144,0.007484351,0.052215174,0.018,0.072
1145,-0.022100411,0.047508586,-0.03,0.102
1146,0.0064333803,0.051884796,0.0,0.012
1147,0.0057787383,0.052006345,0.012,0.024
1148,0.021615915,0.05001367,0.036,0.024
1149,0.0033884412,0.04607001,-0.024,0.024
1150,0.0047651115,0.054258354,-0.018,0.102
1151,0.0053541996,0.051942024,0.0,0.012
1152,0.005805069,0.051708814,-0.018,0.102
1153,0.004396142,0.052924637,0.036,0.024
1154,0.005931167,0.052361533,-0.018,0.036
1155,0.006215333,0.051812034,0.03,0.048
1156,-0.0055810153,0.054794993,-0.006,0.096
1157,0.0059605483,0.051863216,-0.006,0.084
1158,0.008926192,0.05272195,0.006,0.084
1159,0.0051192828,0.052125406,0.006,0.06
1160,0.0065221083,0.05169309,0.036,0.012
1161,0.00502495,0.052381165,0.018,0.036
1162,0.005387771,0.052320685,0.036,0.024
1163,0.0060308925,0.05217111,0.024,0.024
1164,0.0058328654,0.05152986,0.042,0.048
1165,0.005312417,0.05236992,-0.006,0.06
1166,0.0056861667,0.05152495,-0.006,0.072
1167,0.0068379105,0.051366016,0.018,0.036
1168,0.009432267,0.052390378,-0.018,0.09
1169,0.005259672,0.051633433,-0.03,0.102
1170,0.0060577174,0.05155537,0.006,0.096
1171,0.0065041194,0.051651753,0.006,0.06
1172,0.009147281,0.051940374,-0.006,0.072
1173,0.0056610927,0.051657017,-0.018,0.09
1174,0.01564304,0.06372755,-0.018,0.072
1175,0.0061077056,0.051579457,0.036,0.012
1176,0.005749162,0.051633142,-0.006,0.06
1177,0.0062542283,0.051599637,-0.006,0.096
1178,0.0064150337,0.051497657,-0.018,0.09
1179,0.006130079,0.051809873,-0.006,0.084
1180,0.0072526387,0.051504485,-0.018,0.072
1181,0.0063799997,0.051014632,0.03,0.048
1182,0.006329919,0.051852852,-0.024,0.024
1183,0.008324655,0.052452747,0.0,0.012
1184,0.0074442904,0.05308083,0.006,0.048
1185,0.0060079955,0.051741675,0.03,0.06
1186,0.010333682,0.05233872,-0.006,0.096
1187,0.006094443,0.05109863,0.03,0.048
0,0.0061236005,0.05121118,0.012,0.024
1,-0.008268301,0.049381495,0.042,0.06
2,0.007162541,0.051897477,0.0,0.012
3,0.0056296675,0.051705327,0.006,0.036
4,0.006457676,0.051224977,0.006,0.096
5,0.0063612834,0.051578615,-0.006,0.036
6,0.0063599665,0.051486786,0.03,0.048
7,0.005700003,0.051645413,-0.006,0.036
8,0.0060557215,0.051175132,0.006,0.084
9,0.0014862535,0.051118962,0.036,0.024
10,0.006186804,0.051698957,0.036,0.024
11,0.0049952976,0.05346205,-0.006,0.072
12,0.0066249934,0.050963916,0.006,0.084
13,-0.043175586,0.051286474,0.024,0.024
14,0.006821922,0.05100584,0.0,0.012
15,0.0058431407,0.051490717,0.024,0.012
16,0.006688481,0.05185931,0.042,0.048
17,0.0056203054,0.05040848,0.024,0.024
18,0.012320466,0.05747418,0.018,0.072
19,0.0066079055,0.05140613,-0.006,0.036
20,0.006952147,0.051185064,0.006,0.072
21,0.0062814928,0.052078776,0.024,0.024
22,0.0064891265,0.051533468,0.018,0.084
23,0.0059112785,0.05074873,0.018,0.072
24,0.0058840816,0.05169821,0.018,0.084
25,0.0077511463,0.05215561,-0.006,0.072
26,0.009923779,0.05207779,-0.012,0.024
27,0.0075811744,0.05180449,0.024,0.024
28,0.0066234465,0.051452518,0.018,0.072
29,-0.01162916,0.04648967,0.018,0.072
30,0.005528141,0.052120686,0.024,0.024
31,0.00437122,0.05276797,0.0,0.024
32,0.006386851,0.051914506,-0.006,0.072
33,0.006013464,0.051510062,0.006,0.096
34,0.0067511946,0.052133393,0.024,0.024
35,0.005594844,0.05330887,-0.006,0.084
36,0.006438339,0.051778585,0.018,0.036
37,0.0062949285,0.05162583,-0.012,0.024
38,0.0034084846,0.050614823,0.024,0.012
39,0.005285504,0.05210788,0.03,0.06
40,0.0074261557,0.05340481,-0.018,0.048
41,-0.0029850667,0.050290413,0.024,0.024
42,0.008444965,0.052567832,-0.012,0.024
43,0.005711219,0.052013353,-0.006,0.048
44,0.0062480466,0.051515322,-0.018,0.06
45,-0.008442435,0.04880369,-0.006,0.072
46,0.010402801,0.051689364,-0.018,0.048
47,0.006300495,0.051289875,0.006,0.072
48,0.0057616346,0.051532973,-0.006,0.048
49,0.0047032298,0.052344907,-0.006,0.036
50,0.005759214,0.051635247,0.012,0.024
51,0.006411568,0.051062312,-0.006,0.072
52,-0.0022691325,0.050417405,-0.018,0.048
53,0.005072693,0.051996976,-0.006,0.036
54,0.0071683,0.051547956,0.03,0.036
55,0.006221234,0.051072896,0.03,0.06
56,0.004647404,0.06335457,0.042,0.06
57,0.007152768,0.052368652,-0.006,0.048
58,-0.004040361,0.06647968,0.006,0.072
59,0.0063041807,0.051841494,0.018,0.072
60,0.0064325584,0.05178916,-0.018,0.06
61,0.008392477,0.051923506,-0.024,0.024
62,0.005551799,0.05172144,0.036,0.012
63,0.006720121,0.051450785,0.042,0.06
64,0.005939755,0.051968623,0.042,0.06
65,0.009366162,0.051563773,-0.024,0.024
66,0.0057891835,0.05202252,0.0,0.024
67,0.0064238226,0.05134935,0.012,0.024
68,0.006083231,0.051604167,0.018,0.072
69,0.006043678,0.05159504,0.0,0.012
70,0.009649621,0.05242918,-0.018,0.06
71,0.003735076,0.06043124,-0.018,0.102
72,0.0060127145,0.050635252,-0.012,0.024
73,0.00616182,0.05169715,0.018,0.06
74,-0.0025971127,0.06044032,0.036,0.012
75,0.0062153065,0.051393807,0.036,0.024
76,0.0067856647,0.052199002,0.042,0.048
77,0.0068020173,0.050985172,-0.018,0.102
78,0.020864706,0.051237606,0.006,0.072
79,0.0069777835,0.051259995,0.006,0.036
80,0.0024487777,0.05094758,0.042,0.048
81,0.006546666,0.051782575,-0.006,0.072
82,0.0049408427,0.05184656,-0.018,0.06
83,0.006301333,0.051507555,0.024,0.012
84,0.006616319,0.050898336,-0.006,0.06
85,0.0061674397,0.049354117,0.03,0.048
86,0.0067411773,0.05116985,0.012,0.012
87,0.0064133066,0.052034806,-0.006,0.096
88,0.008883872,0.05258164,0.018,0.06
89,0.006356692,0.052049253,0.012,0.024
90,-0.008036699,0.05017943,0.018,0.072
91,0.0072511975,0.051559865,0.042,0.06
92,0.0060017165,0.051754367,0.006,0.096
93,0.0056454167,0.0520881,0.018,0.072
94,0.0056085596,0.05238308,0.036,0.024
95,0.0056998814,0.051974572,-0.024,0.024
96,0.009330109,0.05647031,0.03,0.06
97,0.008060524,0.053062662,-0.012,0.024
98,0.0066794325,0.05138909,0.042,0.06
99,0.0056267465,0.052850865,0.0,0.012
100,0.006181282,0.051955085,0.018,0.072
101,0.00588502,0.052081168,-0.018,0.102
102,0.0060128295,0.051957853,-0.018,0.06
103,0.006781377,0.0514315,-0.018,0.102
104,0.008298537,0.05171819,-0.024,0.024
105,0.0068947524,0.05190856,-0.006,0.048
106,0.005786987,0.05200895,0.006,0.048
107,0.0057768077,0.052056726,0.006,0.048
108,0.0042537246,0.04808481,0.03,0.06
109,0.0039692847,0.04949163,0.03,0.048
110,0.0056621013,0.052008573,-0.018,0.036
111,0.005845124,0.051946945,0.006,0.096
112,0.006471023,0.051856097,-0.03,0.102
113,0.005934977,0.052027732,0.0,0.024
114,0.005502058,0.05245784,0.012,0.024
115,0.009907195,0.051485326,0.018,0.084
116,0.006051944,0.05184914,0.036,0.012
117,0.010337436,0.05766765,0.012,0.024
118,0.0025471542,0.051246364,0.03,0.048
119,0.011197228,0.053172033,-0.018,0.102
120,0.006048812,0.052223936,0.012,0.024
121,0.0077479077,0.051517043,0.024,0.012
122,0.006001446,0.0518472,0.03,0.06
123,0.005574153,0.05264881,-0.018,0.072
124,0.0066860407,0.05168971,0.012,0.012
125,0.009384007,0.038272604,0.042,0.06
126,0.006162013,0.05181594,0.012,0.024
127,0.006438965,0.051607538,0.006,0.072
128,0.008296346,0.04382392,-0.03,0.102
129,0.0057987086,0.052181907,-0.006,0.084
130,-0.002862358,0.04387006,-0.006,0.096
131,0.0056884307,0.052066773,-0.006,0.048
132,0.006489282,0.048484705,0.03,0.06
133,0.006360365,0.05187427,-0.012,0.024
134,0.0058082407,0.054895613,0.024,0.024
135,0.00017000828,0.054620955,-0.03,0.102
136,0.006217844,0.051945087,0.042,0.06
137,0.0063730287,0.05147807,-0.006,0.084
138,0.0068837027,0.051267244,0.006,0.084
139,0.0063323705,0.05166208,-0.006,0.084
140,0.00685102,0.051222716,-0.018,0.072
141,0.005799679,0.052504864,0.012,0.024
142,0.010426002,0.052052327,-0.018,0.06
143,0.0073909415,0.05244543,0.03,0.06
144,0.005777381,0.0524436,0.018,0.06
145,0.008236006,0.05231242,-0.018,0.048
146,0.0064584874,0.051776063,0.006,0.06
147,0.015225567,0.05261269,-0.018,0.036
148,0.0062633967,0.052171048,-0.018,0.102
149,0.006852552,0.05115114,0.006,0.096
150,0.010188621,0.047264565,0.018,0.084
151,0.012644443,0.060362197,-0.018,0.09
152,0.0073247715,0.05237052,-0.006,0.048
153,0.013047878,0.060189884,0.03,0.06
154,0.006547596,0.05152786,-0.018,0.102
155,0.006259416,0.051603153,0.024,0.024
156,0.0037857047,0.059176277,0.024,0.024
157,0.006178865,0.052188646,-0.018,0.102
158,0.0072702644,0.052271754,0.024,0.024
159,0.006143253,0.05210775,0.03,0.048
160,0.005016552,0.050928187,-0.018,0.072
161,0.00074219797,0.051512126,0.018,0.084
162,0.008056368,0.05414767,0.03,0.036
163,0.0039022935,0.049928706,0.006,0.096
164,0.0068075215,0.051793914,0.03,0.06
165,0.0060416595,0.05270302,0.036,0.012
166,0.0065920125,0.0521797,0.018,0.072
167,0.006019419,0.05218834,-0.018,0.102
168,0.007604918,0.051828597,0.018,0.036
169,0.00619118,0.05258624,0.006,0.096
170,0.012269082,0.05239846,0.036,0.024
171,0.006722827,0.051199388,-0.006,0.048
172,0.0067962697,0.051973995,0.018,0.06
173,0.008378759,0.052083135,0.03,0.048
174,0.006667613,0.05168998,0.018,0.072
175,0.0062576346,0.052472737,-0.006,0.06
176,0.032161005,0.048964757,-0.006,0.096
177,-0.0011955528,0.051408365,0.024,0.024
178,0.006371995,0.051924065,0.03,0.06
179,0.00406441,0.05237115,-0.024,0.024
180,0.0059360983,0.051851057,0.012,0.024
181,0.022051241,0.04842011,0.018,0.072
182,0.0027846415,0.049163226,0.006,0.06
183,0.0109615605,0.05086889,-0.018,0.048
184,0.0067298873,0.050878108,-0.018,0.072
185,0.0068731084,0.05233014,-0.006,0.036
186,0.006341339,0.052628033,0.018,0.036
187,0.0054566045,0.05330944,0.018,0.036
188,0.0057335934,0.054385204,0.0,0.012
189,0.005169279,0.053707752,-0.006,0.096
190,0.0063954536,0.051974695,0.042,0.06
191,0.006689987,0.051868357,0.042,0.06
192,0.0034833385,0.058905266,0.006,0.06
193,0.005581062,0.052741703,0.012,0.024
194,0.004481081,0.05087729,-0.018,0.102
195,0.0056393538,0.052938018,0.018,0.06
196,0.0064015514,0.051865425,0.042,0.048
197,0.0066873087,0.05174015,0.006,0.084
198,0.006248303,0.05277066,0.042,0.048
199,0.0065712193,0.052054934,-0.018,0.09
200,0.0056591304,0.053938307,0.006,0.036
201,0.006829795,0.051569484,-0.012,0.024
202,0.029107306,0.045044914,0.006,0.096
203,-0.0016092309,0.0508238,0.024,0.024
204,0.006259888,0.052348405,0.006,0.036
205,0.0059726313,0.05182243,-0.006,0.048
206,0.0067778844,0.051515825,0.036,0.012
207,0.005729371,0.053515602,0.006,0.072
208,0.006397714,0.052068833,0.006,0.096
209,0.0040426347,0.04778656,0.042,0.048
210,0.006640658,0.051445927,-0.018,0.09
211,0.003819413,0.0495061,0.018,0.084
212,0.006359904,0.052182965,-0.006,0.036
213,0.0062372917,0.052150775,0.006,0.072
214,0.0067202263,0.052598804,0.018,0.036
215,0.013058753,0.03844441,-0.024,0.024
216,0.006120182,0.052313276,0.006,0.096
217,0.011821762,0.053346395,0.018,0.036
218,0.0064676926,0.051541016,-0.006,0.072
219,0.037559375,0.043520417,0.018,0.072
220,0.005840986,0.052557096,0.042,0.06
221,0.0069579873,0.051458295,0.03,0.048
222,0.0061084162,0.052567314,0.006,0.036
223,0.0063013677,0.052323468,-0.006,0.048
224,0.006299293,0.05202104,-0.018,0.06
225,0.0060216542,0.052493613,0.006,0.096
226,0.006321272,0.04961911,0.042,0.048
227,0.0062848493,0.052641932,0.006,0.072
228,0.006422826,0.051949963,0.018,0.084
229,0.005210976,0.052853275,0.03,0.048
230,0.015638636,0.060437847,-0.018,0.036
231,0.0073504047,0.051932216,0.018,0.072
232,0.0062314463,0.0518191,0.006,0.096
233,-0.0027903426,0.059566393,0.024,0.024
234,0.003170006,0.062892064,0.006,0.036
235,0.005815838,0.051982794,-0.018,0.048
236,0.005761474,0.05211855,-0.018,0.048
237,0.0062520094,0.052410834,0.042,0.06
238,0.006590838,0.05186137,0.012,0.024
239,0.0076696994,0.051396765,0.042,0.06
240,-0.012711303,0.04972431,0.006,0.06
241,0.0061663305,0.051786426,0.006,0.048
242,0.010116134,0.052918952,-0.006,0.048
243,0.004359452,0.051037133,-0.03,0.102
244,0.009056747,0.052378237,0.012,0.024
245,-4.356727e-06,0.051588163,0.036,0.012
246,0.010865234,0.061802275,0.006,0.084
247,0.0044548376,0.052680526,0.036,0.012
248,0.0062464597,0.052437536,-0.018,0.06
249,0.00625335,0.0521252,0.018,0.072
250,0.006027908,0.052013513,0.012,0.012
251,0.006229323,0.051280316,-0.012,0.024
252,0.0062861936,0.052462235,0.042,0.048
253,0.0067569376,0.051129557,0.018,0.036
254,0.009413897,0.052647263,-0.018,0.048
255,0.00533175,0.049716283,0.042,0.06
256,0.005804119,0.052877944,-0.018,0.036
257,0.0065383464,0.051578604,0.006,0.036
258,0.006406121,0.05176147,-0.006,0.036
259,0.0061922176,0.051535,0.006,0.084
260,0.0062567447,0.051969044,0.018,0.06
261,-0.0042746454,0.0445861,0.018,0.036
262,0.006008024,0.05190748,0.006,0.06
263,0.0063097337,0.05208342,-0.006,0.06
264,0.0065333694,0.05312048,-0.018,0.06
265,0.006534962,0.051264323,0.006,0.072
266,0.005906959,0.051970653,0.018,0.072
267,0.006440481,0.051464852,-0.006,0.072
268,0.009080065,0.05232841,0.006,0.084
269,0.0061039664,0.052620884,0.03,0.06
270,0.0063250605,0.051658373,0.012,0.012
271,0.006546328,0.049865562,0.042,0.048
272,0.0035050325,0.057364322,-0.006,0.06
273,0.0063914615,0.051402476,-0.006,0.036
274,0.005921556,0.05255754,0.018,0.072
275,0.0063620606,0.052237287,0.006,0.096
276,0.0065681958,0.051718757,-0.006,0.048
277,-0.015097283,0.057299543,0.036,0.012
278,0.01966315,0.05348248,0.018,0.06
279,0.0062708883,0.052423373,0.03,0.048
280,0.006736371,0.0510565,-0.03,0.102
281,0.0025385628,0.04881325,0.006,0.072
282,0.0066504274,0.051993355,0.0,0.012
283,0.0067857057,0.05155589,0.0,0.012
284,0.00799087,0.052558243,-0.024,0.024
285,0.0062468955,0.07454429,0.006,0.048
286,0.0021439185,0.059504703,0.03,0.048
287,0.010212399,0.052785605,-0.018,0.036
288,0.00613222,0.05141296,-0.018,0.09
289,0.00541404,0.05546781,0.006,0.096
290,0.010577302,0.0583401,-0.018,0.072
291,0.0065910905,0.051961187,0.042,0.06
292,0.0065499316,0.051560726,0.006,0.072
293,0.006046825,0.052148074,-0.006,0.084
294,0.0072709466,0.052216258,0.018,0.06
295,0.005589272,0.0524368,0.0,0.012
296,0.006904905,0.051570795,0.012,0.012
297,0.0059250146,0.052404378,0.036,0.012
298,0.006625715,0.05132872,-0.006,0.072
299,0.0054772682,0.05259152,0.0,0.024
300,0.0064552347,0.051635887,-0.012,0.024
301,0.0061126575,0.052170806,0.03,0.036
302,0.005870119,0.05184122,-0.03,0.102
303,0.009064466,0.05239877,0.036,0.024
304,0.0062846728,0.052109078,0.018,0.036
305,0.00691208,0.057737507,-0.012,0.024
306,0.0061602695,0.051503997,-0.018,0.036
307,0.0074907504,0.052135006,-0.006,0.072
308,0.006603678,0.051554702,-0.018,0.072
309,0.0049670925,0.05397619,-0.03,0.102
310,0.005279802,0.052313533,0.024,0.012
311,0.006625836,0.05123708,0.024,0.012
312,0.008880304,0.052205965,-0.018,0.072
313,0.006279381,0.05215282,-0.024,0.024
314,0.0063137924,0.05198369,0.036,0.024
315,0.010842204,0.052576184,0.03,0.036
316,0.0065982235,0.051425546,0.042,0.048
317,0.006312296,0.052383643,-0.006,0.096
318,0.006525246,0.052164044,0.03,0.048
319,0.008049716,0.05364536,-0.03,0.102
320,0.006584184,0.052240662,-0.006,0.072
321,0.0067529622,0.051376034,0.012,0.024
322,0.007413252,0.049026646,-0.006,0.072
323,0.008638495,0.056182146,0.006,0.036
324,0.00635879,0.051559806,0.006,0.048
325,0.0068788948,0.05108136,0.018,0.072
326,0.0064031547,0.051560063,0.006,0.096
327,0.006791457,0.051232472,0.0,0.012
328,0.007562411,0.052181575,0.006,0.084
329,0.007322123,0.04835484,0.018,0.036
330,0.0058649695,0.05308637,-0.006,0.048
331,0.0066690347,0.051521532,0.006,0.048
332,0.013470631,0.059944727,0.03,0.048
333,0.0063892505,0.051527042,0.006,0.06
334,0.005994807,0.052626718,-0.006,0.096
335,0.0061263703,0.052519437,0.012,0.012
336,0.016720524,0.05285047,-0.006,0.096
337,0.0065754964,0.052197665,-0.012,0.024
338,0.006402506,0.052588984,-0.018,0.072
339,0.002333994,0.05625359,-0.024,0.024
340,0.0060729655,0.052405536,-0.006,0.048
341,0.006141994,0.052045006,-0.006,0.048
342,0.008321987,0.052428182,-0.006,0.096
343,0.0053044977,0.053492334,0.018,0.084
344,0.030336691,0.050306592,-0.006,0.084
345,0.0060853586,0.05315786,-0.024,0.024
346,0.0029133987,0.05820363,-0.018,0.072
347,0.005117895,0.05222613,0.03,0.06
348,0.00461412,0.05165668,0.006,0.096
349,0.0061985007,0.051375035,-0.006,0.048
350,0.0011675674,0.046609934,0.018,0.036
351,0.006154988,0.05324683,0.024,0.024
352,0.004703177,0.053930722,0.006,0.084
353,0.005310235,0.052610315,0.03,0.06
354,0.005820684,0.052023303,-0.006,0.072
355,0.0054516736,0.052657288,-0.006,0.072
356,0.007074472,0.052159842,0.03,0.036
357,0.006254199,0.05166862,0.0,0.012
358,0.005960548,0.052061252,0.018,0.084
359,0.002833072,0.052607927,0.024,0.012
360,0.0056060324,0.052409172,0.03,0.048
361,0.00058278115,0.05153024,-0.012,0.024
362,0.006788804,0.052393615,0.024,0.012
363,0.0032105385,0.064727485,0.036,0.024
364,0.0054506226,0.05239634,-0.018,0.09
365,0.0049955915,0.054170884,0.018,0.06
366,0.0063846353,0.052334167,-0.03,0.102
367,-0.0037935101,0.065678,0.018,0.072
368,0.005632802,0.052584752,-0.018,0.048
369,0.0056350343,0.052906428,0.012,0.024
370,0.005955514,0.05221703,-0.03,0.102
371,0.0065969406,0.052106123,-0.024,0.024
372,0.006217234,0.05218877,0.042,0.048
373,0.005588809,0.05261963,-0.006,0.084
374,0.0065243533,0.051881216,0.03,0.06
375,0.0066381954,0.0516908,-0.024,0.024
376,0.008768803,0.05557538,0.03,0.06
377,-0.012206808,0.013416924,0.012,0.024
378,0.0061913845,0.051669296,-0.018,0.102
379,0.006795794,0.05207858,0.006,0.06
380,0.0059988457,0.05204926,-0.006,0.036
381,0.03328522,0.05796025,-0.006,0.036
382,0.0070447205,0.052309472,0.018,0.084
383,0.006035283,0.052531734,-0.018,0.06
384,0.0058725053,0.052259266,-0.018,0.048
385,0.0055596475,0.052518032,0.042,0.06
386,0.0052615968,0.05743595,0.006,0.06
387,0.0055725435,0.053126715,0.03,0.036
388,0.006040767,0.05228617,0.0,0.012
389,0.005770141,0.05248691,0.006,0.06
390,0.000541945,0.05490589,0.036,0.012
391,0.0067836503,0.051149808,0.012,0.012
392,0.0065793847,0.051891882,0.024,0.012
393,0.005955725,0.051942613,-0.018,0.036
394,0.0037741405,0.055816125,0.042,0.06
395,0.0065104836,0.0518966,0.036,0.024
396,0.0063077114,0.05182676,0.006,0.06
397,0.0061180876,0.050518062,0.018,0.06
398,0.010692725,0.05172579,-0.006,0.072
399,0.0062325816,0.051697526,0.006,0.084
400,0.0066013387,0.051458262,0.006,0.072
401,0.0025479752,0.048359167,0.03,0.06
402,0.0028294716,0.04852738,0.03,0.06
403,0.0041104727,0.050026923,0.018,0.036
404,0.006389758,0.05240295,0.03,0.036
405,0.0062591983,0.051030077,0.042,0.06
406,0.0062938,0.051940683,0.018,0.072
407,0.001776461,0.05406647,-0.006,0.072
408,0.0016257106,0.04733675,0.006,0.072
409,0.0057107154,0.052746102,-0.006,0.048
410,0.006343574,0.051915694,0.018,0.072
411,0.006288395,0.051014826,-0.006,0.072
412,0.005665019,0.052085903,0.036,0.012
413,0.006621184,0.051886894,-0.006,0.072
414,0.0068855057,0.051540256,0.018,0.084
415,0.0067400313,0.050833814,-0.006,0.036
416,0.006352334,0.051277883,0.018,0.06
417,0.0059806956,0.05282443,0.006,0.06
418,0.030915882,0.049258996,0.018,0.084
419,0.0058573326,0.05099731,0.006,0.096
420,0.006197847,0.051397003,0.006,0.048
421,0.008919994,0.04031845,0.006,0.072
422,0.0055201123,0.051178575,0.006,0.096
423,0.009021786,0.05273629,-0.018,0.036
424,0.009921963,0.051687982,0.036,0.024
425,0.0063800374,0.051644344,0.024,0.024
426,0.0062009166,0.048009157,0.006,0.048
427,0.0057908283,0.051007964,0.036,0.024
428,0.006554939,0.05104717,-0.012,0.024
429,0.006117678,0.052321255,0.03,0.06
430,0.001952251,0.05078246,0.006,0.072
431,0.006249002,0.052489426,-0.012,0.024
432,0.005902602,0.05209813,0.03,0.036
433,0.0057356656,0.05148966,0.012,0.024
434,0.0049333544,0.05197881,0.024,0.012
435,-0.01690429,0.056901287,-0.024,0.024
436,0.005304129,0.051541563,-0.018,0.06
437,0.0056647807,0.052867923,0.036,0.024
438,0.0019713505,0.04821093,0.03,0.06
439,0.006527657,0.05182189,0.024,0.024
440,0.0053366283,0.051716916,0.036,0.012
441,0.0058237035,0.052607365,-0.018,0.072
442,0.006004039,0.052368026,-0.018,0.072
443,0.008130167,0.053352553,-0.006,0.06
444,0.018958773,0.04802405,0.006,0.096
445,0.0060363803,0.052000366,0.03,0.06
446,0.0067066285,0.051632978,-0.006,0.084
447,0.014585564,0.049419586,-0.018,0.09
448,0.016029038,0.06290412,-0.018,0.072
449,0.0063868524,0.051990133,-0.006,0.084
450,0.006591103,0.05176515,0.03,0.048
451,0.0032344095,0.058587074,0.03,0.06
452,0.005326169,0.051900186,0.006,0.06
453,0.006075591,0.051349323,-0.03,0.102
454,0.005768494,0.05234766,0.03,0.048
455,0.0010241857,0.051075708,-0.006,0.096
456,0.0066938307,0.05153524,0.042,0.048
457,0.0057307943,0.05230132,-0.006,0.084
458,0.0054235086,0.051722117,0.018,0.06
459,0.0055974685,0.05139951,0.024,0.012
460,0.006246779,0.051483706,0.006,0.072
461,0.0062646326,0.05146131,-0.018,0.102
462,0.014773529,0.067039154,-0.006,0.036
463,0.010570332,0.04529721,0.006,0.06
464,0.0062637413,0.051923607,0.042,0.06
465,0.0055867694,0.05190778,0.024,0.024
466,0.00039155548,0.051094387,0.0,0.012
467,0.0051506227,0.05339502,0.018,0.036
468,0.0063522123,0.051262233,0.024,0.024
469,0.00576259,0.051381435,-0.006,0.048
470,0.006586004,0.051358398,-0.018,0.036
471,0.007851242,0.052800618,-0.018,0.048
472,0.0062458,0.051269107,0.006,0.072
473,0.004996066,0.055190735,0.024,0.024
474,0.008357003,0.057004645,-0.006,0.096
475,-0.007609251,0.05044007,0.006,0.048
476,-0.006545564,0.05740851,0.012,0.012
477,0.009961894,0.051428787,0.024,0.024
478,0.005175323,0.05182766,0.012,0.012
479,0.0037339707,0.05379505,-0.018,0.06
480,0.0054918705,0.0529069,-0.018,0.09
481,0.0059987176,0.052264478,0.018,0.084
482,0.0061136056,0.051184822,0.006,0.048
483,0.0032505575,0.049034163,0.024,0.012
484,0.012578746,0.06834516,0.024,0.012
485,0.0070013064,0.05220889,0.006,0.06
486,0.006191029,0.052589737,-0.006,0.06
487,0.021277927,0.052524876,0.006,0.072
488,0.0075303353,0.0551594,0.006,0.084
489,0.003955053,0.05049364,0.042,0.048
490,-0.02037598,0.050443463,0.024,0.012
491,0.0065329587,0.051659167,-0.012,0.024
492,0.0044352063,0.05847593,0.036,0.024
493,0.005661919,0.053736087,0.036,0.012
494,0.0050434708,0.052967466,-0.018,0.06
495,0.005023742,0.05816233,-0.03,0.102
496,0.006291066,0.051958192,-0.012,0.024
497,0.0057151187,0.05285696,0.018,0.036
498,0.0049801283,0.052824832,-0.018,0.048
499,0.005339875,0.052423336,-0.024,0.024
500,0.004629198,0.061772816,0.018,0.06
501,0.008930692,0.053072143,-0.006,0.072
502,0.058591433,0.063259505,0.024,0.012
503,0.008292627,0.053363953,-0.024,0.024
504,0.006103324,0.052703023,0.024,0.024
505,-0.0020761937,0.047581557,0.006,0.048
506,0.005584278,0.052135788,-0.024,0.024
507,0.006461127,0.052624233,0.024,0.024
508,0.0051773405,0.05209982,0.018,0.036
509,0.006392533,0.052413203,0.024,0.024
510,0.0059427414,0.051899865,-0.03,0.102
511,0.0064844587,0.051606372,-0.006,0.084
512,0.010155448,0.05169944,0.006,0.084
513,0.0054503367,0.053326875,0.006,0.06
514,0.008689857,0.053023137,0.03,0.036
515,0.0056889346,0.05330195,0.036,0.024
516,0.023953825,0.07479884,0.036,0.024
517,0.005610137,0.053100653,-0.024,0.024
518,0.0044521983,0.056752358,0.018,0.084
519,0.0060372185,0.053407818,0.03,0.06
520,0.006409288,0.05264733,0.042,0.06
521,0.0057718325,0.0519899,-0.012,0.024
522,-0.005658397,0.05104443,0.024,0.024
523,0.005900814,0.05214441,0.006,0.06
524,0.005607561,0.052066565,-0.006,0.048
525,0.0059252884,0.05192934,0.024,0.024
526,0.0063422434,0.051457237,0.036,0.024
527,0.0055889245,0.051467385,-0.012,0.024
528,0.008661539,0.053352755,-0.012,0.024
529,0.0056057917,0.0518531,0.036,0.012
530,0.0056974245,0.052064124,-0.024,0.024
531,0.003221514,0.058835328,0.042,0.06
532,0.00669362,0.05177708,0.024,0.012
533,0.015361182,0.06932013,-0.018,0.09
534,0.005329117,0.051686518,-0.006,0.096
535,0.0040939264,0.052001886,0.036,0.024
536,0.00542515,0.05220128,0.03,0.06
537,0.009073859,0.052573755,0.018,0.036
538,0.005835451,0.052244876,-0.018,0.036
539,0.005614459,0.051711004,-0.018,0.09
540,0.006426733,0.05210708,0.036,0.012
541,0.011302579,0.052555777,0.006,0.072
542,0.002985233,0.050392456,0.018,0.06
543,0.0052590007,0.05281629,-0.006,0.036
544,0.006709283,0.05157134,-0.018,0.036
545,-0.0037545082,0.08420612,-0.006,0.048
546,0.0057354025,0.052411564,0.03,0.036
547,0.001130227,0.05231905,0.042,0.06
548,0.005917635,0.05221812,0.03,0.048
549,0.005864695,0.0518484,0.006,0.06
550,0.0056402413,0.05232302,0.006,0.06
551,0.0065174666,0.051716045,-0.024,0.024
552,0.00623828,0.05223593,0.006,0.072
553,0.0046660127,0.05740177,0.006,0.048
554,0.0059856437,0.052547984,-0.006,0.048
555,0.0048524234,0.052169036,-0.018,0.048
556,0.0075815083,0.05264769,0.0,0.024
557,0.005016231,0.05240215,0.006,0.06
558,0.0061352025,0.05198133,0.018,0.072
559,0.00612716,0.052985888,0.0,0.012
560,0.006141306,0.051216297,0.036,0.024
561,0.0061517046,0.052668575,0.024,0.012
562,0.0062282803,0.052836798,-0.018,0.09
563,0.0049188323,0.05475717,0.018,0.084
564,0.012540668,0.052279644,-0.006,0.096
565,0.0065702065,0.05190044,0.036,0.024
566,0.006524784,0.053160805,0.024,0.012
567,0.0044386107,0.052536633,-0.03,0.102
568,0.0058198962,0.053179342,0.018,0.036
569,0.005735102,0.052515123,-0.006,0.06
570,0.013957944,0.054265317,-0.006,0.072
571,0.0057430193,0.052065283,-0.018,0.09
572,0.004785177,0.0528851,-0.018,0.102
573,0.00625217,0.051395036,0.042,0.06
574,0.0061742514,0.052426256,0.024,0.024
575,0.005787236,0.051565785,0.024,0.012
576,0.0060913386,0.05121558,-0.018,0.06
577,0.005356488,0.051946547,0.03,0.048
578,0.004658886,0.052823316,-0.006,0.096
579,0.005582609,0.05216954,-0.006,0.06
580,0.006111065,0.051933743,0.036,0.012
581,0.005525075,0.051624008,0.036,0.024
582,0.0060269115,0.053342525,-0.018,0.102
583,0.006070505,0.0521912,-0.018,0.09
584,0.00556465,0.051799044,0.042,0.048
585,0.0038454554,0.049645077,0.018,0.084
586,0.0062965886,0.05222978,0.006,0.06
587,0.005856229,0.056275144,-0.018,0.102
588,0.005329481,0.052054644,0.024,0.012
589,0.006276942,0.05204961,0.024,0.012
590,0.004335274,0.052557714,-0.018,0.06
591,-0.003960271,0.050655894,-0.006,0.048
592,-0.011258025,0.07233641,0.006,0.096
593,0.0054308283,0.05178235,0.006,0.096
594,0.0061808378,0.051676184,-0.012,0.024
595,0.007130697,0.049751103,0.024,0.024
596,0.004831968,0.05257245,-0.006,0.06
597,0.005965549,0.052265566,0.018,0.036
598,0.0049656923,0.05177414,-0.006,0.084
599,0.0033036214,0.05673149,0.006,0.06
600,0.0094297845,0.052037217,0.006,0.072
601,0.005742342,0.05153788,0.042,0.048
602,0.0053445473,0.05255082,-0.012,0.024
603,0.006053953,0.052344386,-0.018,0.048
604,0.006306545,0.05220702,0.042,0.048
605,0.0058292127,0.052587394,0.042,0.06
606,0.0060588648,0.051226962,-0.018,0.072
607,0.0065853614,0.0519089,-0.03,0.102
608,0.005424224,0.05177111,-0.018,0.09
609,0.005750341,0.055382006,0.0,0.024
610,0.0056934375,0.05102025,-0.006,0.06
611,0.00540675,0.052013773,0.03,0.048
612,0.0051258295,0.051935885,0.006,0.084
613,0.005312388,0.051708423,0.024,0.012
614,0.0054399134,0.051617276,0.03,0.036
615,0.0055873482,0.051466417,0.018,0.036
616,0.0075152973,0.05232958,0.03,0.048
617,0.0053810785,0.051784795,0.024,0.012
618,0.0058515472,0.05199206,-0.018,0.102
619,0.0062185777,0.05199366,0.006,0.084
620,0.005159797,0.051695716,-0.03,0.102
621,0.005625771,0.051477797,0.018,0.084
622,0.0051010232,0.052050214,-0.006,0.036
623,-0.008060795,0.061892085,0.018,0.06
624,0.0055203997,0.052773,-0.018,0.09
625,0.0061341533,0.05146296,0.006,0.06
626,0.0058181067,0.051646188,0.018,0.06
627,0.005152696,0.05207421,0.036,0.024
628,0.005080269,0.051635128,0.012,0.024
629,0.0077174786,0.05144075,-0.006,0.096
630,0.005946615,0.05123407,0.024,0.012
631,0.0061036623,0.05184145,0.0,0.012
632,0.0056504756,0.051785577,0.006,0.06
633,0.007820511,0.05186568,0.018,0.036
634,0.0008368627,0.044974096,0.024,0.024
635,0.006191566,0.05118552,0.006,0.096
636,0.006102278,0.051437292,-0.006,0.06
637,0.005918527,0.051747058,0.012,0.024
638,0.009320794,0.051625084,0.006,0.084
639,0.005933285,0.051459365,0.042,0.06
640,0.0052640503,0.053046305,0.012,0.012
641,0.008795951,0.052486762,-0.006,0.084
642,0.007859195,0.05073269,-0.018,0.036
643,0.0063266647,0.051524423,-0.018,0.06
644,0.01093691,0.04609921,-0.018,0.072
645,0.0053518256,0.050997633,-0.024,0.024
646,0.0053990674,0.052746892,0.006,0.096
647,0.008176933,0.052418873,0.036,0.024
648,-0.004570463,0.058824256,-0.018,0.102
649,0.0056713964,0.05161857,0.03,0.036
650,0.0062281443,0.0521543,0.03,0.036
651,0.006578299,0.051881947,-0.03,0.102
652,0.0053805504,0.051974308,0.012,0.012
653,0.0064622643,0.051751003,-0.018,0.102
654,0.0061254706,0.05220994,0.018,0.084
655,0.00484735,0.052713353,0.036,0.012
656,0.0058954125,0.05155905,-0.006,0.036
657,0.009560527,0.05622321,0.03,0.048
658,0.003683681,0.058565907,-0.006,0.084
659,0.030604051,0.044620942,0.006,0.036
660,0.006098135,0.05109447,-0.018,0.09
661,0.004835986,0.05221146,0.006,0.096
662,0.0059915287,0.051087588,0.03,0.048
663,0.00565378,0.051695663,-0.012,0.024
664,0.0058937925,0.052478097,0.006,0.072
665,0.0063238144,0.051935554,-0.024,0.024
666,0.005866248,0.05153409,0.018,0.084
667,0.004744406,0.051761497,-0.03,0.102
668,0.0065806624,0.051574018,0.018,0.036
669,0.005738459,0.05198055,0.03,0.048
670,0.0038556014,0.055791244,-0.006,0.072
671,0.004684809,0.053102016,0.03,0.036
672,0.0038295714,0.05107209,0.006,0.084
673,0.006247112,0.051301725,-0.018,0.06
674,0.00507536,0.051736914,0.03,0.036
675,0.016621709,0.05303374,-0.018,0.036
676,0.006067747,0.052341092,-0.024,0.024
677,0.0015733154,0.048229743,-0.018,0.036
678,0.0053220144,0.0515439,0.024,0.012
679,0.01903177,0.049438015,0.042,0.048
680,0.026398364,0.049886413,-0.006,0.036
681,0.0060065864,0.05214749,0.036,0.012
682,0.004894961,0.05154155,0.006,0.096
683,0.0061805127,0.051566813,-0.018,0.102
684,-0.0040268255,0.044544525,-0.024,0.024
685,0.0076653482,0.051605787,-0.006,0.036
686,-0.0050320234,0.049671296,0.024,0.012
687,0.0074476856,0.05175899,0.018,0.036
688,0.007763426,0.052110326,-0.018,0.072
689,0.0061379885,0.051434036,-0.018,0.048
690,0.0060711736,0.051540483,0.006,0.072
691,0.009065104,0.0518419,0.042,0.048
692,0.0053322855,0.05164143,0.006,0.096
693,0.011677828,0.063524194,-0.006,0.084
694,0.0056351554,0.052202273,0.018,0.084
695,0.010253164,0.05256236,0.03,0.048
696,0.005027286,0.052779157,-0.018,0.048
697,0.0064214785,0.05174268,0.024,0.012
698,0.0050016297,0.0522509,-0.018,0.06
699,0.005376623,0.051542707,0.012,0.012
700,0.007274532,0.052486245,0.006,0.072
701,0.012938818,0.0461309,0.006,0.036
702,0.0050652935,0.052039456,0.042,0.06
703,0.007375332,0.051864516,0.006,0.06
704,0.005423889,0.051803727,-0.006,0.084
705,0.0055129267,0.051662803,0.042,0.06
706,0.005699625,0.052464616,-0.012,0.024
707,0.0043612965,0.05547916,0.03,0.048
708,0.006818357,0.036476098,-0.03,0.102
709,0.00797534,0.053358335,0.03,0.048
710,0.006163665,0.0517323,-0.018,0.06
711,0.008276294,0.055603307,-0.018,0.072
712,0.0055656442,0.051660344,0.018,0.072
713,0.006366941,0.05136188,0.03,0.036
714,0.00661638,0.051680367,0.0,0.012
715,-0.00046626898,0.048537277,0.012,0.024
716,0.011601164,0.06271739,0.006,0.072
717,0.005493909,0.051796366,-0.006,0.036
718,0.014130777,0.0507538,-0.018,0.072
719,0.0026941271,0.05015762,0.036,0.024
720,0.0049948483,0.051466484,0.012,0.024
721,0.0065389792,0.05210834,-0.012,0.024
722,0.0048721717,0.051778167,0.03,0.036
723,0.008055026,0.062181756,0.024,0.024
724,0.0057307975,0.05133,0.024,0.024
725,0.008674883,0.05468391,0.018,0.036
726,0.005244385,0.052847605,-0.03,0.102
727,0.002764114,0.055539884,0.018,0.06
728,0.0056543974,0.052494187,-0.006,0.072
729,0.0092234835,0.05263064,-0.024,0.024
730,0.005994577,0.051480584,0.036,0.012
731,0.006257975,0.051700737,-0.018,0.09
732,0.0052570784,0.051222324,-0.024,0.024
733,0.00904838,0.05233983,0.0,0.012
734,0.0059639774,0.05231044,-0.006,0.096
735,0.005934298,0.05155825,0.006,0.06
736,0.0062227314,0.063914604,0.024,0.024
737,-0.011157012,0.038889308,0.0,0.012
738,0.0058222055,0.052934725,0.012,0.012
739,0.004146546,0.052569434,-0.024,0.024
740,0.0055176443,0.049371034,0.024,0.024
741,0.0034800246,0.050839722,0.03,0.036
742,0.005896518,0.055564735,0.042,0.048
743,0.0052289283,0.052447654,0.03,0.06
744,0.005795247,0.051466893,0.012,0.024
745,0.0044986005,0.052373685,-0.024,0.024
746,0.006424915,0.051607143,0.024,0.012
747,0.0038532084,0.05568106,0.006,0.036
748,0.0054534078,0.05133303,0.006,0.084
749,0.0050512026,0.05172476,-0.006,0.072
750,0.011733184,0.060885347,-0.006,0.084
751,0.00512933,0.052359726,-0.018,0.072
752,0.005383116,0.051831853,0.024,0.012
753,0.006085472,0.05197398,-0.018,0.048
754,0.005849,0.0530131,0.018,0.036
755,0.00645507,0.05194666,0.024,0.024
756,0.00516433,0.052201472,0.018,0.06
757,0.0057248822,0.052086443,-0.006,0.036
758,0.0037189773,0.054579075,0.006,0.048
759,0.00549282,0.051972188,-0.012,0.024
760,0.0044788104,0.052767854,0.018,0.072
761,0.00569163,0.054663826,0.018,0.036
762,0.005436432,0.052220684,0.006,0.048
763,0.005322015,0.052698575,0.012,0.012
764,0.0039083455,0.05236932,-0.006,0.084
765,0.005674693,0.051782023,0.006,0.036
766,0.0057380917,0.052433155,0.006,0.048
767,0.0056602573,0.052000128,0.006,0.036
768,0.00487243,0.05228546,0.03,0.048
769,0.0055738618,0.052004926,0.006,0.036
770,-0.0027129422,0.0463735,0.006,0.096
771,0.005099166,0.052431792,0.018,0.084
772,0.0033102124,0.050516196,0.0,0.012
773,0.00914719,0.051755533,0.006,0.072
774,0.0064888163,0.0520772,0.03,0.048
775,0.005954081,0.052534845,0.0,0.012
776,0.0054964623,0.05210514,0.03,0.048
777,-0.0026785173,0.045401856,-0.018,0.09
778,0.0061001424,0.05300304,0.042,0.048
779,0.0052446546,0.052546326,0.006,0.084
780,0.006042879,0.052061927,-0.006,0.048
781,0.0032501987,0.051978186,0.03,0.048
782,0.0049281027,0.052119132,-0.006,0.036
783,0.005192898,0.052732177,0.018,0.084
784,0.0031184184,0.051211394,-0.024,0.024
785,0.0024371324,0.058231544,-0.018,0.09
786,0.0056289607,0.052046712,-0.006,0.072
787,-0.0054996302,0.051079765,0.006,0.06
788,0.005743849,0.051971078,-0.006,0.048
789,0.006315409,0.05219565,0.012,0.024
790,0.0057972716,0.051893596,0.042,0.048
791,0.0055850903,0.05188276,-0.006,0.072
792,0.00542756,0.052122362,0.042,0.048
793,0.0062044077,0.052302886,0.012,0.024
794,0.0044824216,0.05517965,-0.006,0.072
795,0.004839549,0.061416134,0.042,0.048
796,0.0056248712,0.05220281,-0.012,0.024
797,0.0046455525,0.053567827,-0.006,0.096
798,0.0059284847,0.05255652,0.03,0.06
799,0.0035905056,0.05071872,-0.018,0.072
800,0.005555922,0.052661248,-0.006,0.036
801,0.00514611,0.052687228,-0.018,0.072
802,-0.009454235,0.068956055,0.006,0.036
803,0.010242682,0.05157942,0.006,0.084
804,0.0058976444,0.05161614,-0.012,0.024
805,0.005775751,0.05193908,0.0,0.024
806,0.0061623612,0.05216736,0.0,0.012
807,0.008260655,0.059732795,-0.012,0.024
808,0.0062361653,0.0517861,0.03,0.048
809,0.0035623251,0.05243423,0.024,0.012
810,0.019940428,0.047449246,0.024,0.024
811,0.00634403,0.04843969,-0.018,0.102
812,0.005947545,0.05252689,0.042,0.048
813,0.00520954,0.05206303,-0.006,0.072
814,0.005362097,0.05170866,0.006,0.096
815,0.00600899,0.051827393,0.012,0.024
816,0.0053514307,0.052254945,-0.018,0.072
817,0.0050605615,0.052648604,0.024,0.012
818,0.0036131514,0.050756253,0.036,0.024
819,0.010364136,0.059293773,0.036,0.012
820,0.006193764,0.051420342,-0.024,0.024
821,0.0058677923,0.051833227,-0.018,0.102
822,0.0041946094,0.06632536,0.006,0.036
823,0.004797393,0.052000016,0.006,0.06
824,0.0050292397,0.05208006,0.042,0.048
825,0.0051338407,0.051809352,-0.018,0.048
826,0.0062439335,0.051499523,0.018,0.06
827,0.006131216,0.051488794,0.006,0.048
828,-0.01018601,0.047638252,-0.018,0.09
829,-0.0039953627,0.05105764,0.012,0.024
830,0.00499911,0.051844295,-0.006,0.084
831,0.0048520025,0.051525634,0.018,0.036
832,0.002393674,0.057868913,0.03,0.036
833,0.013772022,0.053854432,-0.018,0.036
834,0.019084286,0.05312587,-0.006,0.036
835,0.0024720095,0.05138708,-0.018,0.072
836,0.0076156044,0.0516304,-0.024,0.024
837,0.005745652,0.051534604,0.0,0.024
838,0.011944656,0.05143021,-0.03,0.102
839,0.005941319,0.051797573,0.036,0.024
840,0.0034012147,0.049967516,0.018,0.036
841,0.010522315,0.062224016,0.036,0.024
842,0.006271285,0.051494047,0.006,0.084
843,0.0040844805,0.05064741,0.0,0.024
844,0.012166906,0.06447732,0.006,0.036
845,-0.015637316,0.038277373,-0.018,0.036
846,0.0039193304,0.05103857,0.018,0.036
847,0.006208158,0.05152983,-0.006,0.06
848,0.0047093304,0.053043824,0.006,0.048
849,0.0045212493,0.052147534,0.006,0.072
850,0.015214741,0.050817706,0.036,0.012
851,0.004616098,0.052159265,-0.018,0.036
852,0.004062138,0.053599395,-0.006,0.096
853,0.00011542672,0.051637556,0.012,0.012
854,0.011287395,0.052921057,0.006,0.06
855,0.0057681324,0.051523708,0.03,0.048
856,0.01892415,0.04980602,0.036,0.012
857,0.006543409,0.052372426,-0.018,0.036
858,0.0043060957,0.0531006,0.0,0.012
859,0.0035300371,0.052945998,0.036,0.024
860,0.0030157878,0.05528581,0.036,0.012
861,0.005282117,0.05173437,0.03,0.06
862,0.005511591,0.051733315,-0.006,0.036
863,0.005220035,0.051971488,0.018,0.084
864,0.0057582287,0.052525003,0.006,0.06
865,0.0051074056,0.05224295,-0.006,0.036
866,0.005765579,0.05178553,0.036,0.012
867,0.0066719414,0.055084575,-0.018,0.102
868,0.007776412,0.0422559,0.012,0.024
869,0.008238852,0.0518776,0.036,0.024
870,0.0071293693,0.050451737,-0.006,0.048
871,0.0050415643,0.052499842,0.0,0.012
872,-0.003405673,0.050909586,0.018,0.036
873,0.0055837645,0.05137713,0.0,0.012
874,0.0060562086,0.05171319,0.03,0.036
875,0.0064400015,0.052161757,-0.006,0.096
876,-0.0025381292,0.046281945,0.03,0.048
877,0.005740131,0.051345743,-0.006,0.048
878,0.008819732,0.038156256,0.03,0.06
879,0.005717434,0.051622245,0.03,0.048
880,0.005259635,0.051606234,0.018,0.084
881,0.008638397,0.051981572,-0.006,0.084
882,0.0053778104,0.052169435,-0.018,0.036
883,-0.008582192,0.04103771,0.006,0.084
884,0.01088739,0.060164854,0.03,0.036
885,0.005724848,0.052006267,0.006,0.072
886,0.005857897,0.051533725,0.0,0.012
887,0.0059942403,0.05181654,0.042,0.048
888,0.003288352,0.058708217,0.006,0.048
889,0.005405592,0.05175614,-0.006,0.048
890,0.005424993,0.051737815,-0.03,0.102
891,0.003282871,0.049657576,0.012,0.024
892,-0.0070712185,0.041819066,0.024,0.024
893,0.005326624,0.05191453,-0.018,0.048
894,0.0062955166,0.05165841,-0.006,0.048
895,0.005290062,0.05171781,-0.006,0.036
896,0.010301545,0.052794248,-0.024,0.024
897,0.004752053,0.052853156,0.036,0.012
898,0.005004975,0.052972235,-0.018,0.036
899,0.011675876,0.052905004,0.018,0.072
900,0.007353391,0.049717534,0.018,0.036
901,0.005338217,0.0524098,0.018,0.06
902,0.0076453052,0.055346277,0.024,0.012
903,-0.0014102207,0.051716495,0.03,0.036
904,0.010038683,0.060885377,0.0,0.024
905,0.008805741,0.05244827,0.006,0.036
906,-0.01469106,0.049740296,-0.03,0.102
907,0.0054652086,0.05222562,0.0,0.012
908,0.0057208594,0.05190725,0.006,0.06
909,0.0044398573,0.052765805,0.042,0.048
910,0.003369861,0.055556845,0.0,0.012
911,0.0057286634,0.05324835,0.018,0.084
912,0.0049223234,0.052576054,-0.006,0.06
913,0.0059391805,0.052275065,0.006,0.06
914,0.0016301796,0.04939961,0.042,0.048
915,0.0049298927,0.052321896,-0.006,0.06
916,0.0086271055,0.051868476,0.006,0.072
917,0.00022341777,0.03913288,0.006,0.06
918,0.005618699,0.052204426,0.0,0.012
919,-0.001938228,0.051700376,0.03,0.048
920,0.006422323,0.05169544,-0.006,0.036
921,-0.0037701614,0.044328753,0.012,0.024
922,0.005168627,0.0530348,-0.006,0.06
923,0.0060749836,0.051776294,-0.018,0.048
924,0.007851044,0.04282176,0.006,0.036
925,0.0057218955,0.052220028,0.036,0.012
926,0.002143302,0.04834299,0.0,0.012
927,0.0049899993,0.053954877,0.036,0.024
928,0.005442637,0.05269125,0.018,0.036
929,0.0055333218,0.052107222,-0.006,0.096
930,0.005888271,0.05246353,0.018,0.084
931,0.0063251895,0.051754314,0.018,0.036
932,-0.000554272,0.051365137,-0.018,0.036
933,0.0056201853,0.052702483,0.012,0.024
934,0.0046625766,0.052707996,0.006,0.084
935,0.010868732,0.063309714,-0.006,0.048
936,0.0051588863,0.053795666,-0.018,0.036
937,0.007308499,0.051743437,0.006,0.036
938,0.009827979,0.053156756,0.03,0.06
939,0.0050956113,0.053947926,0.018,0.06
940,0.005634588,0.05216209,0.018,0.036
941,0.005804373,0.0533735,-0.006,0.036
942,0.0057757655,0.052833803,-0.018,0.102
943,0.0052607683,0.052514218,-0.006,0.06
944,0.005396969,0.053467263,0.018,0.084
945,0.006454435,0.052919403,0.03,0.036
946,0.0060972706,0.051886432,0.042,0.048
947,0.0050487374,0.05319398,0.018,0.06
948,-0.022300072,0.012702316,0.024,0.024
949,0.007300819,0.051887114,0.0,0.012
950,0.0020020115,0.051499985,-0.03,0.102
951,0.006488212,0.05156739,-0.018,0.09
952,0.004075897,0.052235365,0.006,0.06
953,0.006247386,0.051946204,0.018,0.06
954,0.028695546,0.056585744,-0.006,0.096
955,0.0053663086,0.0534772,0.024,0.024
956,0.005021874,0.052944038,0.006,0.048
957,0.0065971916,0.05149816,0.006,0.048
958,0.007194287,0.04792287,0.012,0.012
959,0.0054174666,0.053007238,0.006,0.096
960,0.0073702717,0.05305618,-0.006,0.06
961,0.0054213805,0.052650616,0.042,0.06
962,0.01685063,0.064170435,0.006,0.084
963,0.00580472,0.05302558,0.018,0.084
964,0.0061091622,0.052387156,-0.018,0.06
965,0.005462885,0.051935915,-0.018,0.048
966,0.0038959119,0.05054862,0.042,0.06
967,0.0064282487,0.051555745,0.018,0.036
968,0.005865945,0.05206274,0.006,0.084
969,0.0059994436,0.05236599,-0.018,0.06
970,0.0037127095,0.06389419,-0.018,0.036
971,0.016916089,0.06450485,-0.018,0.036
972,0.004872624,0.052969202,0.024,0.024
973,0.005744185,0.052573383,0.036,0.024
974,0.006224095,0.052740276,-0.006,0.084
975,0.0049696183,0.054415915,-0.018,0.072
976,0.005419532,0.052703455,0.036,0.012
977,0.006046384,0.05231605,-0.006,0.06
978,0.0062888246,0.05207911,0.036,0.012
979,0.005950229,0.05220253,0.006,0.048
980,0.0020802794,0.060999796,0.024,0.024
981,0.006243827,0.052266452,0.012,0.012
982,0.010281239,0.035346024,-0.018,0.048
983,0.006619992,0.051561125,0.006,0.072
984,0.005625731,0.052876692,-0.018,0.036
985,0.0059018903,0.052108284,0.042,0.048
986,3.1187665e-05,0.05969975,0.024,0.012
987,0.0067011775,0.051439334,0.03,0.048
988,0.00362904,0.050625443,0.006,0.096
989,0.0066209855,0.051680647,-0.018,0.048
990,0.006425437,0.05208806,-0.03,0.102
991,0.006171951,0.051668502,-0.018,0.036
992,0.0059247245,0.053235695,0.006,0.084
993,0.005516894,0.05269546,0.012,0.024
994,0.009143026,0.052006904,-0.018,0.036
995,0.0062554246,0.052445542,0.024,0.024
996,0.006083098,0.051988676,-0.03,0.102
997,0.006116051,0.052563943,0.024,0.012
998,0.008863072,0.05419774,-0.018,0.036
999,0.0063052494,0.05190585,-0.006,0.036
1000,0.0077227596,0.053749505,-0.018,0.036
1001,0.006690045,0.051385906,0.036,0.012
1002,0.0064329435,0.052309997,0.006,0.096
1003,0.013632517,0.06626411,0.018,0.072
1004,0.0065336307,0.05180638,-0.006,0.096
1005,0.007271813,0.052429166,-0.006,0.072
1006,0.0062268544,0.052150317,-0.006,0.096
1007,0.005504462,0.053248186,0.024,0.024
1008,0.006250591,0.05209633,0.03,0.036
1009,0.006436991,0.051568985,-0.006,0.084
1010,0.0065746475,0.051876165,0.018,0.072
1011,0.00947018,0.0536521,0.03,0.06
1012,0.006201553,0.05208857,-0.018,0.048
1013,0.006190253,0.051812276,0.024,0.024
1014,0.006002943,0.05182569,-0.006,0.06
1015,0.009932525,0.052785613,0.018,0.084
1016,0.005820446,0.053254154,-0.018,0.06
1017,0.0060378523,0.052548874,0.03,0.036
1018,-0.0069287308,0.048406187,0.006,0.048
1019,0.005041049,0.053442355,-0.018,0.09
1020,0.0069662738,0.052550547,0.006,0.084
1021,0.005755487,0.051972102,0.012,0.024
1022,0.0065774163,0.051468432,-0.018,0.072
1023,0.00996157,0.053771235,0.0,0.012
1024,0.011159938,0.05163948,0.006,0.072
1025,0.006334937,0.051847808,-0.03,0.102
1026,0.006167937,0.05213992,0.018,0.036
1027,0.009287163,0.052592665,-0.006,0.096
1028,0.0031544373,0.05661019,0.012,0.024
1029,0.009762449,0.052957233,-0.018,0.06
1030,0.005919297,0.05173791,0.042,0.048
1031,0.005468279,0.05310044,0.012,0.012
1032,0.0056222663,0.052459437,0.018,0.06
1033,0.005764341,0.052191816,0.042,0.06
1034,0.010236231,0.052765634,0.018,0.084
1035,0.0043605226,0.057244647,-0.006,0.072
1036,0.02224743,0.051327545,0.018,0.06
1037,0.0057007247,0.05328472,0.036,0.012
1038,0.005784776,0.052900627,-0.006,0.072
1039,0.004616813,0.052880295,0.006,0.036
1040,0.010239599,0.052879725,-0.006,0.048
1041,0.0052836426,0.052343655,0.006,0.036
1042,0.0057316134,0.05194685,-0.006,0.048
1043,0.003121262,0.058641735,0.03,0.06
1044,0.0059963,0.0523897,-0.018,0.09
1045,0.006061257,0.05173645,0.012,0.012
1046,0.0061203567,0.051801536,0.024,0.012
1047,0.0060924864,0.052514132,-0.018,0.072
1048,0.0050572455,0.052583322,-0.006,0.096
1049,0.0054950896,0.052576657,-0.006,0.06
1050,0.0012839213,0.06627149,0.03,0.06
1051,0.01868543,0.05576471,0.03,0.048
1052,0.019011172,0.050738323,-0.018,0.072
1053,0.0062665804,0.051792197,0.024,0.012
1054,0.007028561,0.052467473,-0.006,0.036
1055,0.005979859,0.051651075,0.012,0.012
1056,0.0062210867,0.05166449,0.042,0.06
1057,0.0054104044,0.052768532,0.024,0.024
1058,0.0059655383,0.05220052,-0.006,0.048
1059,0.006051202,0.052052423,-0.006,0.096
1060,0.0042323745,0.054022048,-0.006,0.06
1061,0.0037191324,0.055574365,-0.006,0.072
1062,0.0047299108,0.052516215,-0.018,0.06
1063,0.0052117715,0.052468117,0.042,0.06
1064,0.006270167,0.051810715,0.018,0.06
1065,0.0053601544,0.05280846,0.006,0.072
1066,0.0054380978,0.051973727,0.03,0.036
1067,0.0051875003,0.052129745,0.018,0.072
1068,7.9607125e-05,0.0479607,0.018,0.036
1069,0.010925402,0.060289912,-0.006,0.096
1070,0.005862421,0.05225581,0.006,0.072
1071,0.00521126,0.05246568,0.03,0.06
1072,0.0060003283,0.05184424,0.03,0.048
1073,0.0058975406,0.05291144,-0.006,0.06
1074,0.0054625627,0.05224355,0.006,0.096
1075,0.006478314,0.051517736,-0.006,0.072
1076,0.0057383385,0.05178374,-0.018,0.048
1077,0.0057731927,0.05220402,-0.018,0.09
1078,0.0055581084,0.052444503,-0.006,0.036
1079,0.007709967,0.053293336,0.006,0.036
1080,0.0055606985,0.051866118,0.018,0.036
1081,0.005980336,0.052475587,0.012,0.012
1082,0.0060524577,0.05157156,-0.006,0.096
1083,0.007361997,0.05284476,0.03,0.036
1084,0.005480309,0.052085314,-0.006,0.084
1085,0.00506918,0.05293251,-0.012,0.024
1086,0.0054410025,0.051840536,0.006,0.072
1087,0.0054271123,0.052734137,-0.03,0.102
1088,0.0062301783,0.051853858,0.006,0.048
1089,0.0064572343,0.05155701,0.006,0.048
1090,0.022211151,0.0870377,-0.018,0.06
1091,0.004389954,0.057763964,0.018,0.036
1092,0.014144748,0.06271869,-0.018,0.036
1093,0.005772162,0.052307665,0.03,0.048
1094,0.0044046333,0.050448403,-0.006,0.072
1095,0.0008949656,0.051077813,-0.018,0.072
1096,0.0054785144,0.052149046,0.0,0.024
1097,0.006235583,0.051817965,-0.012,0.024
1098,0.003316265,0.06038683,-0.006,0.036
1099,0.00601012,0.05212653,0.03,0.036
1100,0.008306485,0.05270055,0.018,0.036
1101,0.004034224,0.055442914,0.006,0.036
1102,0.0057210526,0.052790362,0.03,0.048
1103,0.005739828,0.052526273,0.0,0.012
1104,0.0055450522,0.05245898,-0.006,0.036
1105,0.006281041,0.052019548,0.006,0.036
1106,0.0051655886,0.0533891,0.036,0.012
1107,0.005437717,0.05355661,-0.018,0.048
1108,0.006503651,0.051620957,0.006,0.06
1109,0.005928636,0.052965946,0.006,0.084
1110,0.0057298187,0.052957855,0.018,0.06
1111,0.0054446515,0.05241917,-0.006,0.096
1112,0.005586867,0.052253082,0.012,0.012
1113,0.0059360485,0.052015506,-0.018,0.09
1114,0.0055714548,0.05206618,0.012,0.024
1115,0.007024102,0.04811507,-0.018,0.06
1116,0.0056282068,0.052340962,0.036,0.012
1117,0.0060976557,0.051788148,-0.006,0.072
1118,0.006129168,0.05174901,0.024,0.012
1119,0.006012927,0.052348737,-0.024,0.024
1120,0.0062083136,0.051764205,0.006,0.084
1121,-0.00032939902,0.047468517,0.042,0.06
1122,0.0053148475,0.052737404,-0.018,0.072
1123,0.00286186,0.05537492,0.006,0.048
1124,0.0058633946,0.0521314,-0.018,0.06
1125,0.005945522,0.05207774,-0.024,0.024
1126,0.0055018812,0.05254842,0.0,0.012
1127,0.006491654,0.052708734,-0.012,0.024
1128,0.0052134413,0.05235958,0.036,0.024
1129,0.0055220523,0.052433405,0.006,0.072
1130,0.005805648,0.05207947,0.018,0.036
1131,0.0046890797,0.05276291,0.018,0.06
1132,0.0057511344,0.052276038,0.018,0.072
1133,0.020054046,0.055380624,-0.018,0.06
1134,0.0063703726,0.05171423,0.03,0.048
1135,0.0022634878,0.05199723,-0.018,0.048
1136,0.0005571223,0.048757683,0.012,0.024
1137,0.0055969707,0.051722392,-0.006,0.06
1138,0.0056953477,0.052108854,0.006,0.06
1139,0.0058135395,0.052229054,-0.006,0.084
1140,0.005675701,0.052095987,-0.006,0.036
1141,0.0024946048,0.061908126,-0.018,0.102
1142,0.0055754683,0.052287687,-0.018,0.072
1143,0.009129156,0.05244747,-0.006,0.036
1144,0.005793933,0.05187358,0.0,0.024
1145,0.0053510037,0.05188404,-0.018,0.036
1146,0.004752568,0.053964626,-0.03,0.102
1147,0.0061334516,0.051592015,0.042,0.06
1148,0.0049671447,0.051812444,-0.018,0.036
1149,0.00641841,0.047494773,-0.024,0.024
1150,-0.0091074025,0.06357912,0.006,0.096
1151,0.0063166935,0.054345507,-0.018,0.036
1152,-0.0008475818,0.037955917,-0.006,0.084
1153,0.0057959724,0.052638017,0.042,0.06
1154,0.014868429,0.07030912,-0.018,0.06
1155,0.0061011473,0.05125094,-0.006,0.06
1156,0.0047756876,0.05213558,-0.006,0.06
1157,0.0062957737,0.051917754,0.024,0.012
1158,0.003051087,0.054022804,0.006,0.096
1159,0.015692612,0.06646653,-0.018,0.048
1160,0.004967045,0.052516993,-0.012,0.024
1161,-0.0075757345,0.04023855,-0.006,0.084
1162,0.008296005,0.05184182,-0.012,0.024
1163,0.004840353,0.0524931,-0.018,0.036
1164,0.004897237,0.051500797,-0.006,0.048
1165,-0.0007331418,0.048955776,0.006,0.048
1166,0.0024603577,0.062442716,0.018,0.084
1167,0.004210561,0.0520868,0.006,0.036
1168,0.0053992616,0.052558187,0.018,0.036
1169,0.0044618025,0.05217254,0.006,0.06
1170,0.005269448,0.05166783,0.006,0.06
1171,0.0048938114,0.05207844,0.03,0.06
1172,0.003613935,0.05613823,0.042,0.048
1173,0.0099543985,0.053160835,0.012,0.012
1174,0.005421379,0.05180267,-0.018,0.048
1175,0.0059387684,0.051960103,0.006,0.072
1176,0.00550661,0.05214705,0.024,0.012
1177,0.0061079743,0.0529855,0.0,0.024
1178,0.009209674,0.053105272,-0.006,0.084
1179,-0.025037669,0.051359497,0.006,0.072
1180,-0.004410312,0.05062712,-0.006,0.048
1181,-0.008733832,0.047963865,0.006,0.036
1182,0.005726101,0.052157663,-0.018,0.09
1183,0.0067033777,0.052472595,0.012,0.012
1184,0.006042531,0.051359825,-0.018,0.036
1185,0.0048506646,0.05295028,0.018,0.036
1186,0.0018713074,0.046052895,0.006,0.036
1187,0.006181032,0.052292004,0.006,0.06
0,0.0049847513,0.05192297,0.018,0.036
1,0.007440142,0.051576566,0.006,0.06
2,0.004984305,0.053073242,0.006,0.096
3,-0.0024754237,0.047446284,-0.018,0.048
4,0.0062635588,0.052582752,-0.012,0.024
5,0.020600233,0.060281962,-0.006,0.084
6,0.007358084,0.052509673,0.006,0.084
7,0.0053187734,0.051862944,-0.018,0.072
8,0.022640206,0.046452753,-0.024,0.024
9,0.005837597,0.051712967,0.018,0.072
10,0.0047110613,0.052049622,0.006,0.084
11,0.004859546,0.051925547,-0.006,0.096
12,0.004652713,0.05239535,-0.024,0.024
13,0.005495896,0.05200895,0.042,0.048
14,0.0059906337,0.051723372,0.006,0.084
15,0.008136984,0.05248626,0.024,0.012
16,0.0059869858,0.05169007,-0.018,0.072
17,0.0018897578,0.048197642,-0.006,0.072
18,0.005529058,0.051657874,0.03,0.06
19,0.0051201875,0.05187055,0.018,0.072
20,0.0047075874,0.05262907,-0.006,0.048
21,0.005256641,0.051412035,-0.018,0.09
22,0.005084414,0.051708117,-0.018,0.102
23,0.008651832,0.05323878,0.036,0.024
24,0.0058470946,0.05187874,-0.006,0.06
25,0.005909246,0.051841468,0.024,0.012
26,0.0057532764,0.051417716,-0.006,0.06
27,0.0048617916,0.05286028,-0.012,0.024
28,-0.014431413,0.05176393,0.018,0.072
29,0.0048721675,0.052385904,0.0,0.024
30,-0.008260016,0.04837086,-0.006,0.06
31,0.0040308675,0.049144257,-0.006,0.048
32,0.0059462795,0.05191782,0.006,0.06
33,0.004492733,0.05186398,0.012,0.024
34,0.005663151,0.052173227,0.0,0.012
35,0.0049796924,0.051900975,0.018,0.036
